id_vente,id_client,id_produit,date_vente,quantite,prix_paye
1,72,137,2024-11-06,1,63.66
2,77,64,2025-05-05,1,312.23
3,400,96,2025-01-08,1,65.11
4,436,58,2025-05-27,1,440.25
5,305,56,2025-04-29,1,443.42
6,184,30,2025-04-18,1,442.18
7,185,55,2024-11-04,1,526.4
8,23,57,2024-11-29,1,349.1
9,215,43,2025-05-19,1,418.43
10,453,11,2025-06-01,1,16.25
11,209,85,2024-09-11,1,339.74
12,22,44,2024-11-13,2,392.03
13,126,114,2025-01-08,1,647.69
14,97,30,2025-02-19,1,442.18
15,91,73,2025-06-27,1,488.92
16,362,19,2024-09-07,1,90.14
17,389,72,2024-09-21,1,246.7
18,479,26,2024-11-18,1,80.28
19,258,33,2025-02-06,1,121.24
20,372,111,2025-07-27,3,438.69
21,193,96,2024-10-08,1,65.11
22,126,117,2024-10-19,1,524.45
23,208,22,2025-06-06,1,163.49
24,22,107,2025-01-23,1,68.9
25,237,117,2025-04-16,1,524.45
26,182,39,2024-08-27,1,347.1
27,217,130,2024-08-23,2,499.34
28,411,106,2024-12-13,1,330.68
29,292,72,2024-09-27,1,246.7
30,46,70,2025-05-07,1,300.47
31,224,26,2024-10-15,1,80.28
32,318,22,2024-08-22,2,163.49
33,223,104,2024-11-16,1,235.06
34,314,138,2025-07-08,1,382.16
35,118,79,2024-11-30,1,135.77
36,437,51,2024-08-13,2,383.07
37,63,131,2024-12-06,1,625.36
38,498,70,2025-07-26,1,300.47
39,318,147,2024-11-22,1,363.91
40,490,116,2025-03-24,2,105.33
41,489,121,2024-11-25,1,538.87
42,395,91,2025-07-04,1,73.18
43,206,12,2025-01-16,1,261.78
44,172,24,2024-12-21,1,563.43
45,373,58,2025-04-18,1,440.25
46,128,143,2025-05-02,1,385.7
47,125,43,2024-08-15,1,418.43
48,54,64,2024-12-12,1,312.23
49,146,66,2024-12-14,1,198.33
50,425,26,2025-06-02,3,80.28
51,328,25,2025-01-08,1,485.62
52,61,90,2025-04-19,2,456.59
53,314,149,2025-05-23,1,429.45
54,200,106,2025-07-10,1,330.68
55,256,44,2025-03-09,1,392.03
56,457,127,2025-06-16,1,179.33
57,176,131,2025-05-11,1,625.36
58,403,46,2025-01-02,1,429.28
59,437,137,2024-08-01,2,63.66
60,103,91,2024-11-16,1,73.18
61,264,94,2025-01-12,1,512.02
62,498,31,2025-04-19,1,211.87
63,140,105,2024-12-24,1,205.64
64,30,101,2024-11-29,1,15.78
65,10,85,2024-11-24,1,339.74
66,242,38,2024-10-15,1,455.18
67,63,121,2024-12-04,1,538.87
68,234,67,2024-09-07,1,331.31
69,97,13,2025-02-21,1,379.07
70,304,57,2024-11-21,2,349.1
71,253,5,2024-10-02,1,287.24
72,144,131,2025-04-16,1,625.36
73,471,69,2025-05-08,1,186.83
74,385,16,2025-04-01,1,412.27
75,209,109,2024-12-05,1,482.64
76,489,112,2024-12-20,2,332.67
77,66,128,2025-04-24,1,384.68
78,488,15,2024-12-01,1,206.74
79,321,74,2024-11-29,2,488.38
80,64,7,2024-09-11,1,303.12
81,27,55,2024-11-27,1,526.4
82,89,29,2024-09-02,1,58.54
83,55,33,2025-03-01,1,121.24
84,473,57,2025-03-04,1,349.1
85,182,93,2025-05-22,1,575.84
86,437,103,2024-12-31,1,296.39
87,413,33,2024-11-21,1,121.24
88,202,17,2024-12-18,2,62.02
89,461,120,2025-06-15,1,556.25
90,175,74,2025-07-06,1,488.38
91,481,91,2025-06-26,1,73.18
92,96,127,2025-03-25,1,179.33
93,348,16,2024-12-12,1,412.27
94,181,21,2024-11-17,2,199.22
95,191,17,2025-02-11,1,62.02
96,241,27,2025-03-04,1,520.9
97,111,92,2024-09-11,1,213.89
98,127,103,2025-05-04,1,296.39
99,281,45,2025-01-27,1,53.21
100,31,26,2025-06-30,1,80.28
101,346,46,2024-11-11,1,429.28
102,215,59,2025-06-15,2,122.16
103,64,17,2024-10-04,1,62.02
104,125,24,2024-11-20,2,563.43
105,494,25,2024-12-10,1,485.62
106,23,110,2024-10-25,1,152.47
107,357,64,2025-02-09,1,312.23
108,370,86,2024-11-10,1,118.49
109,60,99,2024-12-03,1,208.73
110,431,100,2025-04-08,1,229.29
111,60,15,2025-03-11,1,206.74
112,191,29,2024-12-17,1,58.54
113,44,130,2025-03-27,1,499.34
114,320,50,2025-05-31,1,98.91
115,437,115,2024-12-04,1,281.46
116,185,123,2024-09-14,1,79.03
117,61,18,2025-03-19,1,102.42
118,250,118,2025-01-14,1,319.7
119,362,139,2024-11-17,1,224.44
120,266,78,2024-12-11,1,334.81
121,345,25,2024-12-20,1,485.62
122,366,48,2024-09-13,1,478.84
123,86,50,2024-12-02,1,98.91
124,453,78,2024-09-17,1,334.81
125,111,101,2025-04-29,1,15.78
126,161,81,2025-05-09,1,196.15
127,249,67,2025-01-04,2,331.31
128,287,66,2025-01-09,1,198.33
129,294,81,2025-07-20,1,261.53
130,58,142,2024-11-19,1,274.55
131,413,70,2024-12-20,1,300.47
132,70,82,2024-12-30,1,283.53
133,52,102,2024-10-31,1,582.99
134,474,24,2024-12-19,1,563.43
135,436,57,2025-04-09,2,349.1
136,305,139,2025-03-29,1,224.44
137,49,93,2025-01-22,2,575.84
138,233,24,2024-08-27,1,563.43
139,453,53,2025-04-02,1,487.84
140,179,5,2024-09-03,1,287.24
141,145,72,2025-07-18,1,246.7
142,190,37,2025-01-03,1,226.59
143,360,92,2024-12-06,1,213.89
144,191,53,2025-06-13,1,487.84
145,499,108,2025-04-25,1,182.24
146,290,67,2025-03-15,1,331.31
147,193,148,2024-11-15,1,543.51
148,180,104,2024-12-14,2,235.06
149,454,110,2024-10-20,1,152.47
150,370,9,2025-05-10,1,719.54
151,302,48,2024-12-28,1,478.84
152,8,78,2024-12-26,1,334.81
153,224,119,2024-12-14,1,393.46
154,171,74,2024-11-10,1,488.38
155,272,28,2025-05-06,1,213.35
156,431,138,2024-10-12,1,382.16
157,255,101,2025-03-13,2,15.78
158,436,2,2025-07-19,1,18.99
159,444,123,2025-03-13,1,79.03
160,469,2,2024-08-14,1,18.99
161,430,101,2025-05-23,1,15.78
162,302,6,2024-10-29,1,120.34
163,426,147,2025-06-30,1,363.91
164,37,33,2024-12-21,1,121.24
165,76,17,2025-05-27,1,62.02
166,490,98,2025-03-29,1,81.7
167,380,54,2025-01-18,2,349.2
168,451,46,2025-01-16,1,429.28
169,358,39,2025-04-11,1,578.5
170,395,38,2025-05-09,22,455.18
171,243,92,2024-09-15,1,213.89
172,258,127,2025-01-13,1,179.33
173,258,52,2025-05-05,1,225.66
174,167,33,2024-08-28,2,121.24
175,366,149,2024-08-27,1,429.45
176,46,6,2025-05-09,1,120.34
177,247,65,2024-12-26,1,135.17
178,214,136,2025-07-30,1,82.14
179,482,139,2025-05-10,1,224.44
180,31,11,2025-02-25,1,16.25
181,144,53,2024-09-28,1,487.84
182,380,104,2024-10-18,1,235.06
183,389,30,2024-12-28,1,442.18
184,55,102,2024-12-18,1,582.99
185,209,80,2024-12-03,2,189.8
186,207,58,2024-10-14,1,440.25
187,6,140,2025-06-03,1,238.53
188,82,106,2024-12-20,1,330.68
189,219,98,2025-03-01,2,81.7
190,342,36,2025-04-17,1,91.26
191,461,130,2024-08-02,1,499.34
192,223,28,2024-12-31,1,213.35
193,318,33,2025-01-24,1,121.24
194,338,23,2025-05-06,2,113.32
195,463,91,2025-07-24,1,73.18
196,363,109,2025-02-13,1,482.64
197,490,107,2025-02-27,1,68.9
198,98,43,2025-02-12,1,418.43
199,133,71,2024-10-04,1,320.91
200,276,109,2025-05-30,1,482.64
201,429,86,2025-03-14,1,118.49
202,207,91,2025-03-22,1,73.18
203,75,112,2024-10-13,1,332.67
204,437,136,2024-09-08,1,82.14
205,439,113,2024-12-14,1,440.12
206,408,114,2024-11-29,2,647.69
207,35,19,2024-12-26,1,90.14
208,18,38,2024-09-16,1,455.18
209,477,90,2025-03-16,1,456.59
210,111,145,2024-08-24,1,96.4
211,166,140,2024-08-29,1,238.53
212,373,6,2025-02-08,3,120.34
213,225,62,2024-12-04,1,26.71
214,194,89,2024-11-01,1,211.17
215,293,86,2024-12-02,1,118.49
216,135,121,2025-05-26,1,538.87
217,394,148,2025-03-24,1,543.51
218,60,46,2024-09-07,1,429.28
219,135,20,2025-04-05,1,636.49
220,295,75,2025-05-22,1,137.49
221,215,123,2025-07-25,1,79.03
222,435,122,2024-12-25,1,230.92
223,168,46,2024-11-26,1,429.28
224,37,131,2025-01-28,1,625.36
225,346,113,2024-11-06,1,440.12
226,346,17,2024-10-07,2,62.02
227,235,146,2024-12-30,2,343.96
228,181,62,2025-03-01,2,26.71
229,391,138,2024-12-18,1,382.16
230,408,34,2024-12-10,1,333.49
231,313,104,2024-12-30,1,235.06
232,64,19,2024-11-24,1,90.14
233,183,64,2025-05-13,1,312.23
234,107,146,2025-02-19,1,343.96
235,431,113,2025-05-02,1,440.12
236,160,110,2025-07-11,1,152.47
237,195,21,2025-02-07,1,199.22
238,190,25,2024-11-28,1,485.62
239,258,93,2025-05-15,1,575.84
240,45,122,2025-06-09,1,230.92
241,24,35,2024-09-29,1,401.85
242,394,141,2024-08-20,2,489.58
243,346,88,2025-04-10,1,288.97
244,436,75,2024-11-29,1,137.49
245,124,141,2024-10-09,1,489.58
246,113,57,2025-07-02,1,349.1
247,120,75,2024-12-22,1,137.49
248,487,77,2025-02-06,2,516.83
249,370,124,2025-02-02,1,209.47
250,188,77,2025-06-27,2,516.83
251,123,61,2025-02-20,1,131.98
252,468,70,2025-03-21,1,300.47
253,36,19,2024-11-17,1,90.14
254,492,57,2024-12-03,2,349.1
255,146,127,2025-05-17,1,179.33
256,129,10,2025-05-11,1,394.66
257,175,77,2024-11-19,1,516.83
258,159,31,2024-11-28,1,180.09
259,31,93,2025-06-02,1,575.84
260,451,145,2025-05-04,1,96.4
261,104,86,2024-10-29,1,118.49
262,181,149,2024-08-14,1,429.45
263,194,89,2024-11-30,1,211.17
264,272,14,2024-08-09,1,348.48
265,320,46,2024-08-27,1,429.28
266,467,84,2024-09-02,1,338.34
267,468,131,2024-09-25,2,625.36
268,477,79,2024-08-16,2,135.77
269,242,150,2025-03-16,1,398.03
270,227,33,2024-09-11,1,121.24
271,134,121,2024-10-15,1,538.87
272,161,115,2024-12-19,2,281.46
273,383,48,2025-05-27,2,383.07
274,22,145,2025-01-14,1,96.4
275,272,87,2025-06-02,1,40.12
276,414,121,2025-03-09,1,538.87
277,140,124,2025-07-26,1,209.47
278,473,43,2024-11-19,1,418.43
279,49,37,2024-11-25,1,226.59
280,53,22,2025-03-21,1,163.49
281,293,79,2024-09-18,1,135.77
282,369,102,2024-09-04,1,582.99
283,234,106,2024-09-13,1,330.68
284,492,11,2025-05-12,1,16.25
285,378,139,2025-07-10,1,224.44
286,271,141,2025-06-04,1,489.58
287,321,128,2024-11-17,1,384.68
288,139,10,2025-04-04,1,394.66
289,386,3,2024-09-25,1,217.96
290,353,56,2025-05-12,1,443.42
291,205,116,2024-12-21,1,105.33
292,106,57,2025-07-22,2,349.1
293,49,146,2024-11-01,1,343.96
294,203,2,2025-01-27,1,18.99
295,209,71,2024-10-13,1,320.91
296,70,139,2025-02-22,1,224.44
297,182,130,2024-11-19,1,499.34
298,408,149,2025-03-21,1,429.45
299,173,22,2025-02-06,1,163.49
300,405,126,2024-08-27,1,217.72
301,415,24,2025-06-13,1,563.43
302,286,24,2024-09-11,1,563.43
303,449,80,2025-06-07,1,189.8
304,449,75,2024-12-18,2,137.49
305,164,81,2025-04-20,1,261.53
306,190,29,2025-03-09,1,58.54
307,40,142,2025-01-05,1,274.55
308,155,32,2024-08-29,1,294.11
309,364,129,2024-12-27,1,435.24
310,415,130,2025-03-09,1,499.34
311,19,52,2024-11-26,1,225.66
312,202,110,2024-09-06,1,152.47
313,469,53,2025-05-21,1,487.84
314,121,45,2025-06-24,1,53.21
315,123,150,2024-09-28,1,468.27
316,68,134,2025-01-14,1,524.84
317,217,7,2025-06-13,1,303.12
318,293,115,2024-09-15,1,281.46
319,426,125,2024-09-24,1,300.73
320,49,62,2025-05-29,1,26.71
321,272,66,2024-09-10,1,198.33
322,224,82,2024-11-22,1,283.53
323,208,132,2024-10-26,1,208.38
324,360,146,2025-06-21,2,343.96
325,217,33,2025-04-19,1,121.24
326,402,35,2025-01-26,2,401.85
327,230,65,2024-11-29,2,135.17
328,216,111,2024-12-10,3,438.69
329,202,105,2025-06-05,1,205.64
330,253,71,2025-07-02,1,192.55
331,489,105,2025-06-18,1,205.64
332,463,9,2025-06-16,1,719.54
333,153,51,2025-06-18,1,383.07
334,37,62,2025-03-14,2,26.71
335,494,79,2024-12-19,1,135.77
336,155,85,2025-01-06,2,339.74
337,320,51,2024-08-20,1,383.07
338,374,29,2024-12-25,1,58.54
339,293,1,2025-04-17,1,335.74
340,242,132,2025-05-25,1,208.38
341,200,87,2025-04-14,2,40.12
342,413,33,2024-09-01,1,121.24
343,425,84,2024-09-13,1,338.34
344,167,80,2024-10-28,1,189.8
345,137,23,2025-06-09,1,113.32
346,52,113,2025-02-15,1,440.12
347,290,28,2025-06-28,1,213.35
348,225,123,2025-01-16,1,79.03
349,422,10,2024-12-08,1,394.66
350,281,30,2025-01-18,1,442.18
351,339,48,2025-07-06,1,478.84
352,68,132,2025-01-27,1,208.38
353,472,131,2025-02-17,1,625.36
354,232,34,2025-04-06,2,333.49
355,490,70,2024-10-10,1,300.47
356,35,32,2024-12-30,1,294.11
357,343,72,2024-09-21,2,246.7
358,49,53,2025-04-27,1,487.84
359,471,69,2025-06-13,1,186.83
360,188,123,2025-02-09,1,79.03
361,156,148,2024-11-01,2,543.51
362,95,74,2025-03-18,1,488.38
363,251,110,2024-12-01,1,152.47
364,208,68,2024-11-08,1,295.67
365,200,90,2024-11-11,1,456.59
366,194,19,2024-12-24,1,90.14
367,14,63,2024-10-22,1,341.84
368,373,104,2025-04-20,1,235.06
369,190,56,2025-03-12,2,443.42
370,486,26,2024-11-22,1,80.28
371,109,47,2025-03-01,1,87.46
372,101,144,2025-04-15,1,183.68
373,143,31,2025-02-08,1,211.87
374,176,59,2025-06-29,1,122.16
375,107,96,2024-10-14,1,65.11
376,359,105,2024-12-25,1,205.64
377,42,132,2025-03-29,1,208.38
378,478,75,2024-08-10,2,137.49
379,55,145,2024-10-16,1,96.4
380,247,29,2025-06-08,2,58.54
381,193,54,2024-11-30,1,349.2
382,60,128,2024-08-25,1,384.68
383,232,19,2025-03-23,2,90.14
384,316,3,2025-05-22,1,217.96
385,31,145,2024-10-13,1,96.4
386,191,94,2024-12-02,1,512.02
387,495,139,2024-11-04,2,224.44
388,327,110,2024-09-13,1,152.47
389,191,102,2025-02-01,1,582.99
390,471,91,2025-02-08,1,73.18
391,282,68,2024-09-04,1,295.67
392,331,4,2025-01-18,1,510.73
393,354,102,2025-06-26,1,582.99
394,249,58,2024-11-02,1,440.25
395,481,77,2025-03-23,1,516.83
396,286,66,2024-11-12,1,198.33
397,165,58,2024-11-11,1,440.25
398,264,112,2025-04-21,1,332.67
399,283,145,2025-05-06,2,96.4
400,81,47,2024-11-06,1,87.46
401,385,43,2025-01-17,1,418.43
402,5,12,2025-02-05,2,261.78
403,322,59,2025-02-14,1,122.16
404,358,49,2024-11-04,1,77.56
405,200,76,2025-04-12,1,398.3
406,159,23,2025-04-23,1,113.32
407,185,62,2024-09-10,1,26.71
408,60,46,2024-11-01,1,429.28
409,324,75,2025-01-12,1,137.49
410,191,52,2025-01-04,1,225.66
411,24,66,2025-03-07,1,198.33
412,364,25,2025-03-16,1,485.62
413,436,87,2025-03-11,2,40.12
414,25,8,2024-08-30,1,62.79
415,23,116,2025-06-23,1,105.33
416,178,131,2025-07-14,1,625.36
417,469,105,2024-08-16,1,205.64
418,360,111,2025-03-13,1,438.69
419,335,113,2024-09-04,1,440.12
420,349,120,2025-06-27,1,556.25
421,263,101,2025-02-06,1,15.78
422,343,131,2025-04-29,1,625.36
423,95,130,2024-12-06,1,499.34
424,16,144,2025-05-15,1,183.68
425,45,51,2024-12-12,2,383.07
426,121,100,2024-12-25,1,229.29
427,487,137,2025-04-09,1,63.66
428,201,44,2025-03-20,3,392.03
429,193,128,2025-07-30,1,384.68
430,140,109,2025-05-05,1,482.64
431,431,146,2024-10-11,3,343.96
432,84,63,2025-04-10,1,341.84
433,398,25,2025-05-10,1,364.22
434,13,50,2024-09-14,2,98.91
435,193,116,2024-09-07,1,105.33
436,407,25,2025-03-19,1,485.62
437,427,105,2025-04-22,2,205.64
438,233,118,2024-11-02,1,319.7
439,452,130,2024-10-06,1,499.34
440,458,89,2025-04-23,2,211.17
441,256,14,2024-10-24,1,348.48
442,220,143,2025-07-30,1,385.7
443,241,27,2024-09-10,2,520.9
444,257,72,2024-12-19,1,246.7
445,314,117,2024-09-17,1,445.78
446,103,128,2024-10-26,2,384.68
447,449,90,2025-05-25,1,456.59
448,175,116,2025-06-06,1,105.33
449,233,124,2025-05-16,1,209.47
450,293,11,2024-08-15,1,16.25
451,165,41,2024-12-14,3,189.78
452,232,128,2025-05-20,1,384.68
453,64,138,2025-06-24,1,382.16
454,430,38,2025-06-18,1,455.18
455,490,53,2025-04-05,3,487.84
456,375,54,2025-03-21,1,349.2
457,38,58,2024-08-31,1,440.25
458,260,39,2025-03-01,1,578.5
459,114,67,2024-11-13,1,331.31
460,107,52,2024-10-13,1,225.66
461,166,137,2025-01-11,1,63.66
462,357,23,2024-10-02,2,113.32
463,61,44,2024-12-05,1,392.03
464,291,16,2024-08-26,1,412.27
465,231,107,2025-03-03,1,68.9
466,463,72,2024-11-06,1,246.7
467,91,32,2025-03-28,1,294.11
468,465,109,2025-01-05,1,482.64
469,341,13,2025-04-16,1,379.07
470,331,21,2024-12-02,1,199.22
471,144,121,2025-01-28,1,538.87
472,386,6,2024-12-23,1,120.34
473,44,32,2024-12-25,1,294.11
474,54,118,2024-09-25,1,319.7
475,291,147,2024-12-14,1,363.91
476,224,73,2025-02-23,1,488.92
477,370,26,2025-02-22,2,80.28
478,242,73,2025-05-15,1,488.92
479,314,78,2025-05-11,1,334.81
480,129,13,2025-05-09,1,379.07
481,177,149,2024-09-30,1,429.45
482,51,26,2024-09-19,2,80.28
483,330,82,2024-11-10,1,283.53
484,242,17,2024-08-24,3,62.02
485,70,123,2025-04-23,1,79.03
486,121,67,2024-10-11,1,331.31
487,191,26,2025-06-10,2,80.28
488,60,146,2025-04-30,1,343.96
489,100,103,2025-05-16,2,296.39
490,143,51,2025-07-11,1,383.07
491,144,83,2025-06-02,1,296.51
492,70,138,2024-10-27,1,382.16
493,463,83,2025-02-11,1,296.51
494,135,31,2025-07-15,1,211.87
495,478,23,2024-09-26,1,113.32
496,247,38,2025-03-14,1,455.18
497,54,69,2024-10-17,1,186.83
498,474,47,2024-11-13,2,87.46
499,132,139,2025-04-23,1,224.44
500,490,92,2025-07-21,2,213.89
501,441,4,2025-04-05,1,510.73
502,177,43,2024-12-05,1,418.43
503,218,124,2024-12-31,1,209.47
504,452,60,2024-12-31,1,190.26
505,352,14,2025-07-27,1,348.48
506,216,24,2025-04-03,1,563.43
507,17,100,2024-12-19,1,229.29
508,155,91,2024-10-14,1,73.18
509,264,65,2024-12-26,1,135.17
510,438,1,2024-09-10,1,335.74
511,469,139,2025-04-03,1,224.44
512,274,56,2025-05-03,1,443.42
513,364,141,2024-10-10,1,489.58
514,170,129,2025-05-28,1,435.24
515,1,56,2025-04-29,1,443.42
516,45,91,2024-11-28,1,73.18
517,234,122,2025-02-28,1,230.92
518,489,64,2025-03-30,1,312.23
519,215,81,2024-10-10,1,261.53
520,50,1,2024-10-20,3,335.74
521,334,25,2025-04-01,1,485.62
522,75,101,2024-11-11,1,15.78
523,243,48,2024-12-26,1,478.84
524,481,65,2025-06-27,1,135.17
525,488,134,2024-11-27,1,524.84
526,239,131,2024-10-29,1,625.36
527,236,2,2024-12-27,1,18.99
528,317,110,2024-08-05,1,152.47
529,452,76,2025-06-05,1,398.3
530,140,43,2025-01-19,1,418.43
531,402,37,2025-06-25,2,226.59
532,259,80,2025-03-28,1,189.8
533,4,24,2024-09-27,3,563.43
534,24,94,2024-11-04,1,384.02
535,168,145,2024-11-07,1,96.4
536,202,15,2024-09-14,1,206.74
537,107,74,2024-09-18,1,488.38
538,126,12,2024-10-11,1,261.78
539,115,61,2024-12-06,1,131.98
540,125,135,2025-02-13,2,416.04
541,107,112,2024-12-15,1,332.67
542,428,119,2025-05-21,1,524.61
543,250,105,2024-11-29,20,205.64
544,343,112,2024-09-30,2,332.67
545,172,113,2024-10-21,1,440.12
546,91,121,2025-07-20,1,538.87
547,498,150,2024-12-30,1,468.27
548,125,100,2024-11-22,1,229.29
549,107,85,2024-10-08,1,339.74
550,290,144,2025-06-07,1,183.68
551,254,72,2024-12-05,1,246.7
552,300,57,2024-09-11,1,349.1
553,92,141,2024-09-27,1,489.58
554,49,54,2024-11-12,1,349.2
555,499,87,2024-10-16,1,40.12
556,310,31,2025-04-24,1,211.87
557,494,128,2025-07-15,1,384.68
558,45,126,2025-05-26,1,217.72
559,278,107,2025-04-19,1,68.9
560,65,134,2025-04-20,1,524.84
561,161,81,2025-05-16,1,196.15
562,288,118,2025-02-19,1,319.7
563,292,59,2025-05-24,1,122.16
564,492,57,2025-03-05,1,349.1
565,212,55,2024-09-02,1,526.4
566,251,21,2025-03-30,1,199.22
567,444,67,2025-02-26,1,331.31
568,48,10,2025-02-10,1,394.66
569,219,68,2025-05-04,1,295.67
570,208,51,2025-01-26,1,383.07
571,259,108,2025-05-03,1,182.24
572,337,23,2024-11-23,1,113.32
573,224,59,2025-05-06,1,122.16
574,457,37,2024-12-05,2,226.59
575,4,100,2024-10-19,1,229.29
576,321,132,2024-09-27,1,208.38
577,385,150,2024-08-09,1,468.27
578,436,21,2024-09-04,1,199.22
579,107,26,2024-08-25,1,80.28
580,145,88,2024-11-28,1,288.97
581,50,60,2024-08-29,3,190.26
582,488,147,2024-12-27,3,363.91
583,436,113,2025-05-22,2,440.12
584,189,144,2025-01-12,1,183.68
585,446,140,2025-04-24,1,238.53
586,307,29,2025-01-01,1,58.54
587,164,31,2025-04-26,1,211.87
588,199,52,2025-03-02,1,225.66
589,10,77,2025-01-01,1,516.83
590,177,87,2025-05-03,1,40.12
591,134,69,2024-11-24,2,186.83
592,452,71,2025-07-29,1,320.91
593,199,30,2025-05-15,1,442.18
594,114,53,2024-10-08,1,487.84
595,437,125,2024-12-09,1,300.73
596,267,121,2025-06-28,1,538.87
597,276,26,2024-09-17,1,80.28
598,136,33,2024-11-06,1,121.24
599,119,127,2025-06-05,1,179.33
600,237,31,2024-09-07,1,211.87
601,129,73,2025-05-14,1,488.92
602,189,137,2024-11-15,1,63.66
603,487,78,2025-01-18,1,334.81
604,366,141,2024-08-08,1,489.58
605,148,21,2024-11-13,1,199.22
606,119,85,2024-12-01,1,339.74
607,179,42,2024-12-23,1,19.58
608,158,2,2025-01-05,1,18.99
609,209,70,2025-03-27,1,300.47
610,128,94,2025-02-06,1,512.02
611,55,82,2024-11-22,1,283.53
612,336,8,2024-08-09,1,62.79
613,138,121,2025-03-02,1,538.87
614,246,86,2024-11-09,1,118.49
615,424,110,2024-12-04,1,152.47
616,60,33,2025-01-20,1,121.24
617,198,11,2025-03-24,2,16.25
618,32,86,2025-01-28,1,118.49
619,483,14,2025-05-07,1,348.48
620,159,64,2025-07-09,1,312.23
621,290,125,2025-06-19,1,300.73
622,317,97,2025-07-29,1,24.03
623,199,9,2024-11-20,1,719.54
624,360,45,2025-02-08,1,53.21
625,371,123,2025-02-27,1,79.03
626,219,41,2024-10-31,1,189.78
627,368,18,2024-09-19,3,102.42
628,452,136,2024-12-02,1,82.14
629,156,69,2025-04-27,1,186.83
630,100,117,2025-01-29,1,524.45
631,463,125,2025-02-20,1,300.73
632,106,80,2024-12-03,2,189.8
633,413,78,2024-11-24,1,334.81
634,101,89,2024-09-17,1,211.17
635,227,144,2025-07-26,1,183.68
636,168,145,2024-08-22,2,96.4
637,488,13,2025-04-01,2,379.07
638,282,3,2024-12-22,1,217.96
639,250,50,2025-01-09,1,98.91
640,79,29,2024-11-15,1,58.54
641,238,17,2024-09-09,1,62.02
642,452,142,2025-05-16,2,274.55
643,468,54,2025-05-04,2,349.2
644,494,41,2025-01-25,1,189.78
645,142,61,2025-03-12,1,131.98
646,322,118,2024-09-08,1,319.7
647,167,2,2025-01-15,1,18.99
648,15,123,2024-12-18,1,79.03
649,419,59,2025-03-19,1,122.16
650,106,117,2025-02-09,1,524.45
651,230,123,2025-02-11,1,79.03
652,369,69,2025-06-13,1,186.83
653,167,6,2024-12-05,1,120.34
654,324,66,2024-09-12,1,198.33
655,208,77,2025-06-21,1,516.83
656,279,110,2025-02-16,2,152.47
657,499,10,2024-09-24,1,394.66
658,489,77,2025-01-05,1,516.83
659,469,67,2024-12-17,1,331.31
660,307,93,2024-09-14,1,575.84
661,148,60,2025-04-20,1,190.26
662,432,74,2024-08-14,1,488.38
663,76,3,2025-05-11,1,217.96
664,472,115,2025-02-14,1,281.46
665,457,84,2025-02-28,1,338.34
666,52,78,2024-12-03,1,334.81
667,181,83,2024-10-26,1,296.51
668,389,95,2025-01-02,1,61.73
669,23,60,2024-10-14,1,190.26
670,291,95,2025-03-11,2,61.73
671,118,109,2025-01-01,1,482.64
672,32,124,2024-09-09,2,209.47
673,4,22,2024-12-05,1,163.49
674,469,38,2024-11-09,1,455.18
675,212,107,2024-10-09,1,68.9
676,101,75,2025-02-19,1,137.49
677,417,80,2025-06-14,2,189.8
678,281,90,2025-01-16,1,456.59
679,338,14,2024-10-09,1,348.48
680,342,56,2024-11-11,1,443.42
681,161,32,2025-01-11,1,294.11
682,219,116,2025-01-14,1,105.33
683,161,76,2025-02-18,1,398.3
684,65,38,2025-05-16,1,455.18
685,383,89,2025-05-07,2,211.17
686,454,116,2025-05-09,1,105.33
687,45,13,2024-11-16,1,379.07
688,362,57,2024-12-28,3,349.1
689,259,150,2024-12-02,1,468.27
690,54,47,2025-02-10,1,87.46
691,227,22,2025-06-03,1,163.49
692,170,101,2024-09-13,1,15.78
693,457,141,2024-12-06,2,489.58
694,319,25,2025-01-29,1,485.62
695,155,7,2025-06-10,1,303.12
696,176,86,2025-03-09,1,118.49
697,344,123,2024-09-20,1,79.03
698,117,4,2025-05-22,1,510.73
699,471,28,2025-02-08,2,213.35
700,93,108,2025-04-14,1,182.24
701,147,24,2024-12-30,1,563.43
702,342,76,2024-09-13,1,398.3
703,362,92,2024-10-12,2,213.89
704,140,99,2025-01-23,1,208.73
705,208,115,2024-11-14,1,281.46
706,215,56,2025-01-26,1,443.42
707,293,130,2025-03-20,2,499.34
708,461,107,2025-01-01,1,68.9
709,484,71,2025-07-30,1,320.91
710,221,94,2024-12-03,2,512.02
711,105,44,2025-05-10,1,392.03
712,51,84,2025-05-14,1,338.34
713,111,1,2025-03-25,1,335.74
714,461,64,2024-11-04,1,312.23
715,446,62,2025-03-10,1,26.71
716,370,43,2025-02-16,1,418.43
717,424,128,2024-11-18,1,384.68
718,444,146,2025-05-02,1,343.96
719,10,42,2025-01-14,1,19.58
720,403,40,2024-09-28,1,480.83
721,70,112,2025-06-24,1,332.67
722,336,107,2025-05-28,1,68.9
723,157,125,2025-06-13,1,300.73
724,201,32,2024-12-31,1,294.11
725,215,68,2025-05-30,1,295.67
726,7,8,2024-10-08,1,62.79
727,383,40,2024-12-01,2,480.83
728,264,110,2024-11-02,1,152.47
729,216,150,2024-10-12,1,468.27
730,27,26,2025-05-22,1,80.28
731,272,92,2024-11-04,1,213.89
732,240,144,2024-10-28,1,183.68
733,479,101,2025-04-08,1,15.78
734,83,116,2024-11-04,1,105.33
735,232,103,2025-04-06,1,296.39
736,239,143,2025-03-16,1,385.7
737,202,97,2024-11-21,1,24.03
738,146,77,2024-12-19,1,516.83
739,27,93,2024-12-26,1,575.84
740,408,92,2024-12-16,1,213.89
741,450,38,2025-03-06,1,455.18
742,215,135,2024-12-31,1,416.04
743,132,26,2024-09-14,1,80.28
744,60,102,2024-11-30,1,582.99
745,362,118,2025-03-08,1,319.7
746,477,36,2024-11-14,1,91.26
747,55,111,2025-05-19,1,438.69
748,51,100,2024-12-22,1,229.29
749,296,120,2024-10-26,1,556.25
750,219,19,2025-07-27,1,90.14
751,292,24,2025-05-21,1,563.43
752,322,105,2024-12-20,1,205.64
753,79,55,2024-10-07,1,526.4
754,177,147,2025-07-31,1,363.91
755,300,38,2024-12-05,2,455.18
756,260,95,2024-10-12,1,61.73
757,83,24,2024-12-16,1,563.43
758,227,93,2024-09-17,1,575.84
759,20,29,2024-12-21,1,58.54
760,456,115,2025-04-07,1,281.46
761,13,122,2025-02-20,1,230.92
762,84,121,2025-04-11,1,538.87
763,13,77,2024-12-24,1,516.83
764,109,91,2025-05-23,1,73.18
765,165,64,2024-08-24,46,312.23
766,398,61,2025-03-24,1,131.98
767,432,41,2024-10-20,1,189.78
768,463,11,2025-03-08,1,16.25
769,60,131,2025-06-29,1,625.36
770,222,106,2024-12-19,1,330.68
771,362,23,2025-02-01,1,113.32
772,386,2,2025-06-29,1,18.99
773,24,78,2025-07-27,1,334.81
774,320,128,2024-11-18,1,384.68
775,227,31,2024-10-07,1,180.09
776,365,23,2024-08-05,1,113.32
777,412,29,2025-04-02,1,58.54
778,381,101,2025-02-13,1,15.78
779,395,71,2024-09-22,1,320.91
780,180,21,2024-10-10,1,199.22
781,148,111,2025-07-13,1,438.69
782,262,7,2025-03-14,2,303.12
783,145,114,2024-11-18,2,647.69
784,53,33,2024-11-20,1,121.24
785,360,35,2024-09-21,1,401.85
786,360,83,2024-10-03,1,296.51
787,487,12,2025-02-13,1,261.78
788,394,70,2025-03-08,1,300.47
789,324,86,2024-10-11,1,118.49
790,318,4,2025-06-27,2,510.73
791,96,105,2025-06-08,1,205.64
792,128,16,2025-07-20,1,412.27
793,286,98,2024-11-14,1,81.7
794,362,66,2025-04-18,1,198.33
795,429,98,2025-02-17,1,81.7
796,262,42,2024-12-01,1,19.58
797,166,17,2024-09-27,1,62.02
798,376,36,2025-01-10,1,91.26
799,482,95,2025-05-19,2,61.73
800,122,150,2024-09-07,1,468.27
801,122,6,2024-09-04,1,120.34
802,168,3,2024-11-19,1,217.96
803,107,65,2025-03-01,1,135.17
804,414,76,2025-02-22,1,398.3
805,29,68,2025-05-02,2,295.67
806,489,57,2024-10-18,1,349.1
807,377,50,2025-01-06,1,98.91
808,163,42,2024-10-19,1,19.58
809,203,19,2024-09-03,1,90.14
810,166,147,2024-12-01,1,363.91
811,260,18,2024-09-29,3,102.42
812,344,39,2025-06-08,1,578.5
813,155,123,2024-10-29,2,79.03
814,445,51,2025-07-29,1,383.07
815,284,5,2024-08-06,1,287.24
816,403,86,2024-12-11,1,118.49
817,199,9,2024-12-16,1,719.54
818,202,125,2025-03-08,1,300.73
819,326,134,2024-09-02,1,524.84
820,360,123,2025-04-12,2,79.03
821,168,89,2025-02-01,1,211.17
822,342,132,2025-05-18,1,208.38
823,477,120,2024-10-20,1,556.25
824,242,34,2024-11-25,1,333.49
825,201,16,2024-08-02,1,412.27
826,232,95,2024-08-07,1,61.73
827,474,103,2025-03-30,1,296.39
828,413,62,2024-10-16,1,26.71
829,107,68,2025-01-12,1,295.67
830,109,147,2025-01-11,1,363.91
831,320,134,2024-10-01,3,524.84
832,108,85,2024-08-27,1,339.74
833,446,83,2025-02-22,1,296.51
834,176,12,2025-01-07,1,261.78
835,129,122,2025-05-11,1,230.92
836,14,70,2025-02-05,1,300.47
837,175,118,2025-06-15,1,319.7
838,343,80,2024-11-09,1,189.8
839,107,35,2024-12-04,2,401.85
840,59,90,2025-02-26,1,456.59
841,64,63,2025-05-05,1,341.84
842,449,128,2025-01-19,1,384.68
843,388,12,2025-01-05,1,261.78
844,245,112,2025-03-03,1,332.67
845,496,149,2024-09-17,1,429.45
846,448,34,2025-04-24,1,333.49
847,457,25,2025-04-16,1,485.62
848,63,86,2025-02-18,1,118.49
849,4,88,2025-05-18,1,288.97
850,408,93,2024-11-30,1,575.84
851,218,53,2025-01-15,1,487.84
852,405,132,2024-12-18,1,208.38
853,4,114,2024-11-12,1,647.69
854,371,62,2025-05-27,1,26.71
855,342,37,2024-09-24,1,226.59
856,25,35,2025-03-27,1,401.85
857,467,18,2024-10-01,1,102.42
858,133,48,2024-11-15,1,478.84
859,498,57,2025-03-26,1,349.1
860,113,126,2024-10-01,1,217.72
861,388,108,2025-07-18,1,182.24
862,295,148,2024-08-21,1,543.51
863,420,116,2025-01-15,39,105.33
864,56,29,2025-07-31,1,58.54
865,256,74,2025-01-30,1,488.38
866,212,137,2024-12-12,1,63.66
867,101,9,2024-10-29,1,719.54
868,365,134,2024-12-06,1,524.84
869,436,61,2024-10-11,1,131.98
870,41,85,2024-11-22,2,339.74
871,352,92,2025-02-22,1,213.89
872,256,140,2024-12-11,1,238.53
873,485,54,2024-09-08,1,349.2
874,427,103,2024-09-03,1,296.39
875,250,86,2025-06-27,1,118.49
876,25,44,2024-10-05,1,392.03
877,362,115,2025-01-17,1,281.46
878,230,82,2025-03-25,1,283.53
879,442,67,2025-05-21,1,331.31
880,160,55,2024-10-28,1,526.4
881,97,63,2024-11-04,1,341.84
882,68,126,2025-06-12,1,217.72
883,267,94,2024-12-30,1,512.02
884,342,149,2025-05-09,2,429.45
885,225,62,2024-09-14,1,26.71
886,215,109,2024-10-10,1,482.64
887,199,4,2025-04-27,2,510.73
888,235,114,2025-01-31,1,647.69
889,288,48,2025-04-06,1,478.84
890,101,117,2025-05-17,2,524.45
891,27,134,2025-02-15,1,524.84
892,226,108,2024-08-14,1,182.24
893,489,116,2024-11-21,2,105.33
894,270,12,2024-12-22,1,261.78
895,177,41,2024-10-21,1,189.78
896,31,89,2025-07-03,3,211.17
897,436,144,2024-11-21,1,183.68
898,222,132,2025-02-15,1,208.38
899,219,92,2024-10-28,2,213.89
900,219,65,2025-05-31,1,135.17
901,348,99,2025-05-30,1,208.73
902,159,139,2024-10-29,1,224.44
903,288,72,2024-09-16,1,246.7
904,169,115,2025-06-05,1,281.46
905,428,92,2025-04-27,1,213.89
906,358,77,2024-11-12,1,516.83
907,49,135,2025-01-13,1,416.04
908,491,83,2024-10-15,1,296.51
909,401,102,2024-09-07,1,582.99
910,151,48,2024-09-21,2,478.84
911,242,119,2025-01-13,1,524.61
912,265,134,2024-11-23,1,524.84
913,129,38,2024-10-29,1,455.18
914,177,44,2025-07-19,1,392.03
915,221,60,2025-05-18,2,190.26
916,452,8,2025-06-05,1,62.79
917,388,131,2025-06-10,1,625.36
918,227,96,2025-05-17,2,65.11
919,210,51,2025-04-12,1,383.07
920,2,1,2024-09-09,1,335.74
921,362,8,2025-01-11,1,62.79
922,241,28,2025-01-19,1,213.35
923,220,128,2024-12-14,1,384.68
924,341,62,2025-07-21,1,26.71
925,31,92,2024-12-10,1,213.89
926,101,142,2024-08-01,2,274.55
927,60,80,2025-07-18,1,189.8
928,456,127,2025-03-20,1,179.33
929,466,56,2024-08-18,1,443.42
930,108,88,2025-01-11,2,288.97
931,172,40,2024-09-23,1,480.83
932,413,53,2024-09-17,1,487.84
933,256,80,2025-07-27,2,189.8
934,51,44,2025-07-01,1,392.03
935,219,45,2025-03-11,2,53.21
936,364,22,2024-09-21,1,163.49
937,330,47,2024-11-06,1,87.46
938,238,9,2025-05-04,1,719.54
939,167,91,2024-12-23,1,73.18
940,49,122,2024-09-19,1,230.92
941,417,126,2025-05-20,1,217.72
942,496,68,2025-04-09,1,295.67
943,73,3,2025-02-01,1,217.96
944,164,123,2024-09-14,1,79.03
945,1,117,2025-04-03,1,524.45
946,490,81,2024-08-14,1,261.53
947,329,71,2025-06-23,1,320.91
948,167,48,2024-09-11,1,478.84
949,233,99,2024-09-29,1,208.73
950,436,76,2025-07-05,1,398.3
951,87,134,2025-06-25,1,524.84
952,236,8,2024-11-03,1,62.79
953,396,149,2025-02-12,1,429.45
954,462,43,2025-03-17,1,418.43
955,266,92,2025-03-14,1,213.89
956,452,84,2024-11-24,1,338.34
957,336,148,2025-05-16,1,543.51
958,413,7,2025-05-05,1,303.12
959,420,143,2025-05-29,1,385.7
960,194,143,2025-04-25,2,385.7
961,181,49,2024-11-29,1,77.56
962,202,15,2024-09-10,1,206.74
963,156,93,2024-10-15,1,575.84
964,210,57,2025-03-18,2,349.1
965,234,135,2024-11-07,1,416.04
966,237,133,2025-03-05,1,145.25
967,150,80,2025-06-18,1,189.8
968,99,2,2025-06-01,1,18.99
969,105,43,2024-09-04,1,418.43
970,334,137,2025-05-12,1,63.66
971,147,83,2025-04-24,1,296.51
972,55,49,2025-03-03,1,77.56
973,72,34,2024-10-16,1,333.49
974,250,3,2024-12-25,1,217.96
975,8,4,2024-12-14,1,510.73
976,331,45,2025-03-31,1,53.21
977,260,9,2024-12-20,1,719.54
978,202,26,2024-12-16,1,80.28
979,385,30,2025-01-03,1,442.18
980,221,64,2025-07-17,1,312.23
981,45,74,2024-11-25,2,488.38
982,209,53,2025-01-12,1,487.84
983,287,147,2024-09-15,1,363.91
984,482,140,2024-10-21,1,238.53
985,249,129,2024-08-15,1,435.24
986,291,3,2024-11-11,1,217.96
987,15,34,2024-12-06,1,333.49
988,177,19,2025-07-27,1,90.14
989,129,128,2025-04-16,2,384.68
990,417,128,2024-12-02,1,384.68
991,223,143,2025-06-01,2,385.7
992,182,24,2025-01-27,1,563.43
993,151,13,2024-12-11,1,379.07
994,240,120,2025-07-19,1,556.25
995,49,60,2024-11-18,1,190.26
996,329,44,2025-06-28,1,392.03
997,121,78,2024-11-14,1,334.81
998,217,132,2025-07-16,1,208.38
999,111,144,2024-11-23,2,183.68
1000,234,134,2025-01-26,1,524.84
1001,458,8,2024-11-20,2,62.79
1002,10,29,2025-06-16,1,58.54
1003,135,46,2024-09-22,1,429.28
1004,118,4,2024-12-31,1,510.73
1005,23,55,2025-04-04,1,526.4
1006,78,81,2024-12-20,1,261.53
1007,78,20,2024-12-20,3,636.49
1008,499,143,2025-06-30,1,385.7
1009,346,4,2024-10-16,1,510.73
1010,165,39,2024-12-02,1,578.5
1011,215,40,2025-06-04,1,480.83
1012,9,74,2024-12-30,1,488.38
1013,191,76,2025-03-03,1,398.3
1014,469,10,2024-11-22,1,394.66
1015,398,108,2024-11-01,1,182.24
1016,379,79,2025-03-30,1,135.77
1017,115,101,2024-12-11,1,15.78
1018,156,48,2024-11-22,1,478.84
1019,453,33,2025-01-05,1,121.24
1020,140,112,2025-01-17,1,332.67
1021,166,149,2025-05-27,1,429.45
1022,369,30,2024-09-30,2,442.18
1023,367,121,2025-06-14,1,538.87
1024,114,139,2024-11-08,1,224.44
1025,378,20,2024-12-31,1,636.49
1026,498,28,2024-10-17,1,213.35
1027,61,13,2024-11-11,1,379.07
1028,297,23,2025-03-23,1,113.32
1029,124,61,2024-11-01,1,131.98
1030,244,52,2025-04-07,1,225.66
1031,232,83,2024-10-30,1,296.51
1032,107,78,2024-08-30,1,334.81
1033,184,67,2024-12-19,1,331.31
1034,171,48,2024-10-26,1,478.84
1035,60,92,2024-10-21,1,213.89
1036,134,150,2024-09-15,1,468.27
1037,20,85,2025-02-23,1,339.74
1038,96,59,2025-04-02,1,122.16
1039,205,6,2025-04-29,1,120.34
1040,493,73,2025-07-13,25,488.92
1041,394,106,2024-12-06,1,330.68
1042,167,53,2025-01-24,1,487.84
1043,283,136,2024-09-22,1,82.14
1044,60,53,2025-05-29,1,487.84
1045,176,16,2024-12-31,1,412.27
1046,75,20,2025-06-02,1,636.49
1047,71,111,2024-10-08,1,438.69
1048,87,6,2025-04-08,1,120.34
1049,362,110,2024-11-05,1,152.47
1050,154,14,2025-02-23,1,209.09
1051,25,124,2024-11-23,1,209.47
1052,301,71,2024-10-07,1,320.91
1053,177,33,2024-10-26,1,121.24
1054,49,111,2025-06-24,1,438.69
1055,288,24,2025-07-05,3,563.43
1056,64,104,2024-08-11,1,235.06
1057,71,80,2024-09-29,1,189.8
1058,172,53,2025-02-11,1,487.84
1059,205,27,2024-12-08,1,520.9
1060,396,109,2024-10-18,1,482.64
1061,242,117,2025-01-02,1,524.45
1062,397,116,2024-12-17,1,105.33
1063,278,125,2025-07-25,2,300.73
1064,14,146,2024-09-23,1,343.96
1065,249,121,2025-06-13,1,538.87
1066,36,86,2025-04-12,1,118.49
1067,78,88,2024-11-11,1,288.97
1068,62,119,2024-12-30,1,524.61
1069,304,94,2025-05-08,1,512.02
1070,422,46,2024-11-15,1,429.28
1071,10,14,2025-04-04,1,348.48
1072,109,28,2024-08-02,1,213.35
1073,179,77,2025-04-19,1,310.1
1074,52,75,2025-06-26,1,137.49
1075,84,47,2024-12-30,1,87.46
1076,115,113,2024-08-26,2,440.12
1077,474,97,2024-12-27,1,24.03
1078,417,120,2025-07-13,1,556.25
1079,354,143,2024-09-29,1,385.7
1080,105,95,2024-08-24,1,61.73
1081,159,116,2024-10-27,1,105.33
1082,168,78,2024-12-16,2,334.81
1083,259,76,2024-09-17,1,398.3
1084,463,132,2025-01-23,1,208.38
1085,302,123,2025-02-22,2,79.03
1086,347,140,2025-03-22,1,238.53
1087,499,2,2024-10-25,1,18.99
1088,21,134,2024-10-21,1,524.84
1089,46,95,2025-05-30,1,61.73
1090,494,12,2024-11-01,1,261.78
1091,286,89,2024-10-06,1,211.17
1092,307,16,2025-04-07,1,412.27
1093,364,87,2025-02-27,1,40.12
1094,436,126,2024-09-02,3,217.72
1095,199,100,2025-01-08,1,229.29
1096,55,38,2024-12-06,1,455.18
1097,324,40,2025-02-14,1,480.83
1098,346,34,2025-06-10,1,333.49
1099,489,57,2025-01-12,2,349.1
1100,469,40,2024-12-21,1,480.83
1101,115,133,2024-11-23,2,145.25
1102,133,84,2025-02-10,1,338.34
1103,199,87,2024-11-29,1,40.12
1104,281,37,2025-03-18,2,226.59
1105,20,86,2025-04-13,2,118.49
1106,304,87,2025-07-01,1,40.12
1107,107,123,2025-02-23,1,79.03
1108,9,89,2025-05-13,1,211.17
1109,293,150,2025-01-22,1,468.27
1110,60,15,2025-03-21,1,206.74
1111,45,20,2025-03-20,1,636.49
1112,352,77,2025-07-04,1,516.83
1113,173,107,2025-01-22,1,68.9
1114,394,74,2024-12-28,1,488.38
1115,9,124,2025-04-10,1,209.47
1116,430,96,2025-02-26,1,65.11
1117,293,129,2025-06-09,1,435.24
1118,345,132,2025-02-18,1,208.38
1119,159,76,2024-11-06,2,398.3
1120,403,141,2025-03-19,1,489.58
1121,28,79,2024-10-05,1,135.77
1122,348,34,2025-02-13,1,333.49
1123,262,20,2024-12-06,1,636.49
1124,61,102,2024-10-10,2,582.99
1125,223,83,2025-04-20,1,296.51
1126,136,6,2024-11-11,1,120.34
1127,24,138,2024-12-27,1,382.16
1128,448,87,2025-07-11,1,40.12
1129,53,57,2024-10-31,1,349.1
1130,415,62,2025-07-30,3,26.71
1131,213,26,2025-05-01,1,80.28
1132,278,61,2025-04-25,1,112.18
1133,364,81,2025-02-12,1,261.53
1134,319,65,2025-07-10,1,135.17
1135,167,22,2024-12-15,1,163.49
1136,209,9,2025-07-16,1,719.54
1137,199,94,2024-12-30,1,512.02
1138,362,8,2025-05-05,1,62.79
1139,270,54,2025-03-20,1,349.2
1140,288,81,2024-11-23,1,261.53
1141,477,62,2025-05-15,1,26.71
1142,290,143,2025-07-23,2,385.7
1143,394,80,2025-07-07,1,189.8
1144,225,141,2025-02-12,2,489.58
1145,188,34,2025-07-17,1,333.49
1146,251,86,2025-05-10,1,118.49
1147,431,34,2024-12-07,1,333.49
1148,389,97,2025-06-28,1,24.03
1149,176,96,2025-05-29,1,65.11
1150,383,47,2025-06-05,1,87.46
1151,72,118,2024-11-08,2,319.7
1152,120,21,2024-09-08,1,199.22
1153,23,21,2024-10-01,1,199.22
1154,357,111,2025-03-08,1,438.69
1155,221,57,2024-12-14,1,349.1
1156,473,120,2024-08-03,1,556.25
1157,87,42,2024-08-21,1,19.58
1158,179,145,2025-07-05,1,96.4
1159,215,121,2025-05-21,1,538.87
1160,478,93,2024-11-03,1,575.84
1161,128,112,2025-04-16,1,332.67
1162,229,62,2025-05-06,1,26.71
1163,324,55,2024-09-17,2,526.4
1164,453,113,2024-11-18,2,440.12
1165,488,11,2025-01-17,1,16.25
1166,298,55,2025-06-13,2,526.4
1167,132,133,2025-06-29,1,145.25
1168,344,138,2024-12-02,1,382.16
1169,274,48,2024-12-03,1,478.84
1170,310,60,2024-09-28,1,190.26
1171,295,114,2025-04-18,1,647.69
1172,319,95,2024-08-23,1,61.73
1173,37,2,2025-06-30,1,18.99
1174,267,42,2025-04-21,1,19.58
1175,322,75,2024-09-19,1,137.49
1176,113,49,2025-05-03,1,77.56
1177,276,146,2025-06-17,2,343.96
1178,174,17,2024-11-18,2,62.02
1179,424,123,2024-11-14,1,79.03
1180,148,53,2024-10-18,1,487.84
1181,217,24,2025-01-17,1,563.43
1182,43,20,2024-09-07,1,636.49
1183,123,51,2024-12-07,2,383.07
1184,7,3,2024-12-11,1,217.96
1185,202,118,2025-03-10,1,319.7
1186,342,137,2025-05-01,1,63.66
1187,369,69,2025-06-13,1,186.83
1188,498,47,2025-05-27,1,87.46
1189,275,10,2024-09-07,1,394.66
1190,431,140,2025-04-15,1,238.53
1191,83,74,2025-07-18,2,488.38
1192,218,142,2024-09-14,2,274.55
1193,249,113,2025-03-13,1,440.12
1194,242,126,2025-07-05,2,217.72
1195,190,69,2024-10-20,1,186.83
1196,408,128,2025-05-07,1,384.68
1197,18,112,2025-06-21,1,332.67
1198,221,70,2025-06-28,1,300.47
1199,64,99,2025-05-12,1,208.73
1200,158,147,2024-08-22,1,363.91
1201,256,140,2025-06-02,1,238.53
1202,61,3,2025-01-04,1,217.96
1203,469,107,2025-01-24,1,68.9
1204,315,96,2024-10-12,1,65.11
1205,349,114,2024-11-22,1,647.69
1206,354,149,2024-12-08,1,429.45
1207,219,125,2024-11-01,1,300.73
1208,109,91,2025-05-09,1,73.18
1209,319,111,2025-05-09,1,438.69
1210,394,115,2025-07-10,1,281.46
1211,181,27,2024-09-20,1,520.9
1212,67,15,2025-05-25,1,206.74
1213,172,120,2025-01-17,1,556.25
1214,27,11,2024-09-21,1,16.25
1215,485,14,2025-01-10,1,348.48
1216,343,135,2024-10-18,1,416.04
1217,191,101,2025-03-08,1,15.78
1218,494,48,2025-01-08,1,478.84
1219,18,70,2024-11-22,2,300.47
1220,250,101,2025-06-25,1,15.78
1221,49,10,2025-02-01,1,394.66
1222,324,4,2025-03-25,1,357.51
1223,202,114,2025-01-04,1,647.69
1224,271,21,2024-09-25,1,199.22
1225,340,69,2025-06-07,2,186.83
1226,412,48,2024-12-22,1,478.84
1227,20,149,2024-11-09,1,365.03
1228,244,101,2025-06-17,1,15.78
1229,391,66,2025-05-30,1,198.33
1230,93,107,2025-05-04,1,68.9
1231,177,96,2024-10-16,1,65.11
1232,189,63,2024-12-27,1,341.84
1233,327,27,2025-02-20,1,520.9
1234,308,16,2025-04-21,1,412.27
1235,215,118,2024-10-21,2,319.7
1236,386,7,2024-08-21,1,303.12
1237,461,111,2025-04-07,1,438.69
1238,461,91,2024-12-14,1,73.18
1239,194,133,2025-02-01,1,145.25
1240,98,70,2025-01-13,1,300.47
1241,224,132,2024-12-19,1,208.38
1242,452,137,2024-12-13,1,63.66
1243,33,100,2025-05-19,2,229.29
1244,170,144,2024-09-09,1,183.68
1245,279,104,2024-11-23,2,235.06
1246,110,53,2025-01-24,1,487.84
1247,430,108,2024-10-11,1,182.24
1248,373,42,2024-11-26,1,19.58
1249,428,38,2025-06-26,1,455.18
1250,30,60,2024-10-16,1,190.26
1251,261,142,2024-09-28,1,274.55
1252,307,39,2025-04-03,1,578.5
1253,30,77,2025-05-30,1,516.83
1254,239,140,2025-02-27,1,238.53
1255,204,100,2024-08-23,1,229.29
1256,101,137,2025-05-31,1,63.66
1257,191,71,2025-06-19,2,320.91
1258,463,67,2025-05-21,1,331.31
1259,176,101,2024-10-25,1,15.78
1260,50,103,2024-11-01,1,296.39
1261,7,113,2024-09-13,1,440.12
1262,259,3,2025-04-04,1,217.96
1263,278,81,2024-11-02,1,261.53
1264,9,94,2025-04-19,1,512.02
1265,263,53,2024-09-05,1,487.84
1266,49,54,2025-02-14,1,349.2
1267,386,135,2024-08-09,1,416.04
1268,39,3,2024-10-16,1,196.16
1269,76,134,2024-10-30,1,524.84
1270,468,127,2024-09-30,1,179.33
1271,498,25,2025-07-04,1,485.62
1272,155,58,2025-06-05,1,440.25
1273,149,57,2025-04-25,1,349.1
1274,105,112,2025-03-08,1,332.67
1275,369,48,2025-02-12,1,478.84
1276,82,112,2025-03-06,1,332.67
1277,55,78,2024-09-12,1,334.81
1278,492,13,2025-05-06,1,379.07
1279,492,14,2024-11-05,1,348.48
1280,219,150,2024-09-30,1,468.27
1281,181,60,2025-02-26,1,190.26
1282,425,81,2024-10-19,3,261.53
1283,43,149,2025-05-27,1,429.45
1284,219,90,2025-05-02,1,456.59
1285,485,115,2024-11-13,1,281.46
1286,154,23,2025-05-13,1,113.32
1287,368,48,2025-04-05,2,478.84
1288,111,107,2025-07-04,1,68.9
1289,496,51,2024-11-26,1,383.07
1290,190,122,2024-09-21,1,230.92
1291,157,10,2024-10-22,1,394.66
1292,385,87,2025-06-22,1,40.12
1293,3,16,2025-03-11,1,412.27
1294,320,20,2024-12-13,1,636.49
1295,178,6,2025-04-24,1,120.34
1296,287,39,2025-06-02,1,578.5
1297,41,118,2025-03-13,1,319.7
1298,251,82,2025-04-23,2,283.53
1299,498,110,2024-11-27,1,152.47
1300,49,65,2025-07-12,1,135.17
1301,89,31,2024-12-01,2,180.09
1302,76,82,2024-10-20,1,283.53
1303,314,84,2024-12-20,1,338.34
1304,364,116,2025-04-23,1,105.33
1305,305,103,2025-07-27,1,296.39
1306,155,92,2024-09-16,1,213.89
1307,496,2,2025-01-26,3,18.99
1308,481,58,2024-12-20,2,440.25
1309,187,35,2024-11-08,1,401.85
1310,16,75,2024-12-12,1,137.49
1311,394,48,2025-04-17,1,478.84
1312,106,119,2024-09-07,1,524.61
1313,87,133,2025-05-22,1,145.25
1314,23,106,2025-05-16,1,330.68
1315,52,65,2024-12-03,2,135.17
1316,373,30,2025-04-04,2,442.18
1317,133,97,2024-09-04,1,24.03
1318,244,133,2024-11-21,1,145.25
1319,451,8,2024-11-26,1,62.79
1320,134,94,2024-12-06,1,512.02
1321,176,33,2025-01-23,1,121.24
1322,436,15,2024-10-31,1,206.74
1323,53,2,2025-01-29,1,18.99
1324,347,150,2025-05-21,1,468.27
1325,87,30,2024-11-06,1,442.18
1326,118,85,2024-11-11,1,339.74
1327,176,18,2024-12-02,1,102.42
1328,38,27,2024-11-14,1,520.9
1329,181,40,2024-12-06,1,480.83
1330,219,6,2025-01-30,1,120.34
1331,199,110,2024-09-24,2,152.47
1332,37,138,2025-04-04,1,382.16
1333,199,9,2025-01-09,1,719.54
1334,401,118,2025-04-09,1,319.7
1335,330,133,2025-04-19,1,145.25
1336,17,52,2024-11-22,1,225.66
1337,375,113,2024-10-05,1,440.12
1338,202,119,2025-03-05,1,524.61
1339,498,81,2025-05-04,1,196.15
1340,157,26,2025-01-25,1,80.28
1341,106,21,2025-01-14,1,199.22
1342,227,121,2024-12-11,1,538.87
1343,194,19,2024-12-13,1,90.14
1344,448,123,2025-01-23,3,79.03
1345,485,64,2025-04-13,1,312.23
1346,55,75,2025-02-07,2,137.49
1347,151,3,2025-02-22,2,217.96
1348,300,24,2024-11-01,1,563.43
1349,340,6,2024-11-29,1,120.34
1350,208,35,2025-02-12,1,401.85
1351,293,53,2024-10-16,1,487.84
1352,248,76,2024-08-05,1,398.3
1353,119,117,2025-04-13,2,524.45
1354,190,39,2025-06-19,1,578.5
1355,422,21,2025-01-01,1,199.22
1356,447,131,2025-05-18,1,625.36
1357,163,44,2024-08-31,1,392.03
1358,360,93,2024-12-09,1,575.84
1359,251,83,2025-06-19,1,296.51
1360,88,21,2025-01-19,1,199.22
1361,75,108,2024-12-10,1,182.24
1362,245,50,2025-02-27,1,98.91
1363,364,132,2024-11-10,1,208.38
1364,423,13,2024-12-24,2,379.07
1365,224,131,2025-01-20,1,625.36
1366,151,35,2024-09-06,1,401.85
1367,199,50,2025-01-23,1,98.91
1368,111,40,2025-07-30,1,480.83
1369,60,1,2025-06-27,1,335.74
1370,396,117,2025-02-28,1,524.45
1371,342,142,2024-08-12,1,274.55
1372,3,10,2024-11-29,1,394.66
1373,75,86,2024-11-16,2,118.49
1374,140,104,2024-09-22,1,235.06
1375,231,6,2024-09-12,1,120.34
1376,148,100,2025-06-13,1,229.29
1377,405,29,2025-02-16,1,58.54
1378,396,110,2024-12-05,1,152.47
1379,175,57,2024-10-07,1,349.1
1380,68,100,2024-10-27,1,229.29
1381,383,134,2025-05-08,1,524.84
1382,369,73,2025-05-16,1,488.92
1383,320,72,2024-09-15,1,246.7
1384,223,80,2025-02-04,1,189.8
1385,178,78,2024-10-19,1,334.81
1386,24,76,2024-10-09,1,398.3
1387,55,122,2025-04-02,1,230.92
1388,118,62,2025-06-02,3,26.71
1389,108,59,2024-11-05,1,122.16
1390,492,41,2025-05-15,1,189.78
1391,181,8,2024-12-06,1,62.79
1392,389,148,2025-06-27,1,543.51
1393,230,113,2025-02-10,1,440.12
1394,99,120,2024-09-10,1,556.25
1395,225,40,2024-12-01,1,480.83
1396,24,123,2025-07-17,1,79.03
1397,461,137,2024-12-16,1,63.66
1398,474,92,2024-09-05,1,213.89
1399,334,117,2024-12-27,1,524.45
1400,242,17,2024-12-18,1,62.02
1401,389,66,2025-04-09,1,198.33
1402,237,84,2024-08-10,1,338.34
1403,468,5,2025-05-01,1,287.24
1404,469,78,2024-09-22,1,334.81
1405,492,114,2024-08-05,1,647.69
1406,278,135,2024-10-17,1,416.04
1407,499,43,2024-11-20,1,418.43
1408,335,72,2024-08-17,1,246.7
1409,159,71,2024-10-14,1,320.91
1410,224,4,2025-02-17,1,510.73
1411,327,93,2025-03-29,1,575.84
1412,344,16,2024-12-07,3,412.27
1413,497,18,2024-08-07,1,102.42
1414,199,130,2024-12-06,1,499.34
1415,456,5,2025-03-15,3,287.24
1416,61,13,2024-08-18,2,379.07
1417,132,86,2024-09-18,1,118.49
1418,375,79,2024-11-15,3,135.77
1419,159,63,2025-01-13,1,341.84
1420,202,81,2025-05-09,1,196.15
1421,314,71,2024-12-08,2,320.91
1422,259,140,2024-12-31,1,238.53
1423,443,149,2024-11-29,1,365.03
1424,279,109,2025-01-14,1,482.64
1425,200,6,2024-12-20,1,120.34
1426,351,37,2024-10-19,1,226.59
1427,108,77,2024-09-15,1,516.83
1428,392,18,2025-04-13,1,102.42
1429,290,25,2025-06-13,1,485.62
1430,395,88,2025-06-17,1,288.97
1431,212,34,2024-09-24,1,333.49
1432,489,40,2024-11-28,1,480.83
1433,189,31,2024-12-07,1,211.87
1434,105,87,2025-05-14,1,40.12
1435,109,18,2025-05-18,1,102.42
1436,383,16,2025-01-26,2,412.27
1437,288,26,2025-03-28,1,80.28
1438,26,9,2025-05-11,1,719.54
1439,82,122,2025-04-29,2,230.92
1440,198,57,2024-12-30,1,349.1
1441,96,84,2025-05-05,1,338.34
1442,13,78,2025-04-17,1,334.81
1443,114,15,2024-11-03,1,206.74
1444,152,113,2025-06-14,1,440.12
1445,307,91,2024-11-06,1,73.18
1446,219,111,2025-01-13,1,438.69
1447,395,108,2025-01-12,1,182.24
1448,498,30,2024-10-06,1,442.18
1449,46,45,2024-08-17,1,53.21
1450,109,32,2025-04-06,1,294.11
1451,335,148,2025-05-30,1,543.51
1452,172,34,2025-02-04,1,333.49
1453,217,111,2024-09-06,2,438.69
1454,260,26,2024-11-15,1,80.28
1455,94,75,2024-09-10,1,137.49
1456,386,41,2025-06-24,1,189.78
1457,293,134,2025-07-29,2,524.84
1458,1,28,2025-06-12,1,213.35
1459,362,61,2025-01-03,1,131.98
1460,175,59,2024-09-19,2,122.16
1461,35,148,2024-11-27,1,543.51
1462,196,31,2024-11-06,1,211.87
1463,62,24,2025-07-03,1,563.43
1464,166,145,2024-09-23,2,96.4
1465,277,47,2024-11-01,1,87.46
1466,420,121,2025-04-16,1,538.87
1467,481,111,2024-10-20,1,438.69
1468,62,14,2025-06-04,2,348.48
1469,480,104,2025-05-16,1,235.06
1470,377,114,2024-12-09,1,647.69
1471,303,123,2025-03-20,2,79.03
1472,167,102,2025-02-20,1,582.99
1473,389,48,2025-06-02,1,478.84
1474,358,46,2025-01-02,1,429.28
1475,242,139,2024-11-22,1,224.44
1476,278,21,2025-01-09,2,199.22
1477,300,136,2025-05-11,2,82.14
1478,293,119,2024-10-19,1,524.61
1479,83,105,2025-03-24,1,205.64
1480,290,150,2024-10-10,1,468.27
1481,244,64,2025-05-26,1,312.23
1482,473,26,2024-12-10,1,80.28
1483,454,97,2025-04-05,1,24.03
1484,445,38,2025-01-01,2,455.18
1485,75,67,2025-05-23,1,331.31
1486,314,43,2025-01-19,1,418.43
1487,123,39,2025-03-11,1,578.5
1488,498,80,2024-11-25,2,189.8
1489,355,55,2025-02-12,1,526.4
1490,258,34,2025-04-26,1,333.49
1491,106,54,2024-11-22,1,349.2
1492,167,89,2024-09-16,1,211.17
1493,61,50,2024-12-27,1,98.91
1494,81,141,2024-10-15,1,489.58
1495,449,20,2024-09-12,1,636.49
1496,454,147,2024-12-13,3,363.91
1497,107,6,2025-04-14,1,120.34
1498,498,27,2025-07-24,1,520.9
1499,140,2,2024-10-09,1,18.99
1500,276,24,2024-11-10,1,563.43
1501,23,134,2025-04-26,1,524.84
1502,209,115,2024-09-06,1,281.46
1503,328,39,2025-03-09,1,578.5
1504,190,27,2025-05-22,1,520.9
1505,193,74,2025-02-04,1,488.38
1506,161,81,2025-01-12,1,261.53
1507,302,72,2025-07-02,3,246.7
1508,176,148,2025-01-04,1,543.51
1509,141,105,2025-03-14,1,205.64
1510,319,46,2024-11-28,1,429.28
1511,24,87,2025-02-08,1,40.12
1512,315,66,2024-09-13,1,198.33
1513,53,21,2024-08-28,1,199.22
1514,15,97,2024-12-26,1,24.03
1515,324,107,2025-01-04,1,68.9
1516,424,56,2024-08-12,1,443.42
1517,346,71,2025-05-03,1,320.91
1518,56,119,2025-05-07,1,524.61
1519,24,4,2024-12-11,1,510.73
1520,426,46,2025-07-09,1,429.28
1521,275,77,2025-04-27,1,516.83
1522,468,141,2024-10-27,1,489.58
1523,396,27,2024-11-11,2,520.9
1524,436,21,2025-06-13,2,199.22
1525,129,38,2024-08-05,1,455.18
1526,238,28,2025-07-05,1,213.35
1527,121,144,2024-09-25,1,183.68
1528,69,99,2025-06-29,1,208.73
1529,308,140,2025-07-30,1,238.53
1530,254,127,2025-01-09,1,179.33
1531,202,66,2025-06-02,1,198.33
1532,223,94,2024-11-04,1,384.02
1533,37,122,2025-07-31,1,230.92
1534,217,115,2024-12-05,1,281.46
1535,265,17,2025-01-04,1,62.02
1536,321,35,2025-01-28,1,401.85
1537,449,95,2025-01-02,1,61.73
1538,106,149,2025-04-14,1,429.45
1539,13,8,2024-12-22,1,62.79
1540,224,85,2025-07-03,1,339.74
1541,132,50,2025-03-02,1,98.91
1542,97,116,2024-10-18,2,105.33
1543,214,72,2025-01-16,1,246.7
1544,95,49,2024-10-07,1,77.56
1545,61,66,2024-10-10,2,198.33
1546,494,38,2024-10-10,1,455.18
1547,94,29,2024-10-09,1,58.54
1548,344,131,2025-01-10,1,625.36
1549,449,8,2024-09-30,1,62.79
1550,269,113,2025-01-03,1,440.12
1551,107,108,2024-12-19,1,182.24
1552,193,72,2024-11-05,2,246.7
1553,228,134,2024-11-03,2,524.84
1554,46,146,2024-11-27,1,343.96
1555,12,135,2024-11-27,1,416.04
1556,115,44,2025-01-31,1,392.03
1557,369,9,2025-04-02,1,719.54
1558,400,13,2025-06-06,1,379.07
1559,470,85,2025-06-29,1,339.74
1560,25,106,2024-10-10,2,330.68
1561,339,56,2024-11-24,2,443.42
1562,105,81,2025-02-28,1,261.53
1563,345,45,2024-11-13,2,53.21
1564,424,99,2025-03-07,2,208.73
1565,467,140,2025-04-24,1,238.53
1566,193,42,2024-12-04,1,19.58
1567,364,105,2024-08-26,2,205.64
1568,232,116,2025-03-14,1,105.33
1569,300,92,2024-12-25,1,213.89
1570,156,81,2025-03-05,1,261.53
1571,340,72,2024-10-12,1,246.7
1572,52,54,2025-06-27,1,349.2
1573,333,11,2025-04-14,1,16.25
1574,343,53,2025-02-18,2,487.84
1575,449,28,2025-03-19,1,213.35
1576,135,15,2025-03-21,2,206.74
1577,424,30,2024-10-03,3,442.18
1578,140,78,2025-02-02,1,334.81
1579,28,95,2024-10-21,2,61.73
1580,165,140,2025-02-11,1,238.53
1581,463,48,2024-10-16,1,478.84
1582,360,107,2024-10-14,1,68.9
1583,275,33,2025-07-31,1,121.24
1584,274,49,2025-01-05,1,77.56
1585,212,102,2025-03-17,1,582.99
1586,130,90,2024-11-01,1,456.59
1587,161,149,2024-12-08,1,429.45
1588,306,141,2024-11-30,1,489.58
1589,352,111,2025-02-26,1,438.69
1590,464,14,2024-12-04,1,348.48
1591,179,30,2024-12-21,1,442.18
1592,282,94,2024-11-15,1,512.02
1593,428,98,2024-10-15,2,81.7
1594,121,72,2025-01-26,45,246.7
1595,236,68,2025-06-05,1,295.67
1596,155,25,2024-09-14,1,485.62
1597,400,26,2025-05-15,1,80.28
1598,87,7,2025-01-13,2,303.12
1599,452,35,2024-09-03,2,401.85
1600,2,38,2024-10-08,1,455.18
1601,177,100,2024-12-19,1,229.29
1602,302,92,2025-07-23,2,213.89
1603,275,127,2024-08-30,1,179.33
1604,156,47,2025-06-19,1,87.46
1605,31,132,2024-09-14,1,208.38
1606,395,145,2025-07-28,2,96.4
1607,333,21,2024-12-11,1,199.22
1608,425,85,2025-06-16,2,339.74
1609,446,5,2025-06-20,1,215.43
1610,416,149,2024-11-01,1,429.45
1611,30,74,2024-11-28,1,488.38
1612,200,38,2024-11-08,1,455.18
1613,87,75,2024-11-15,1,137.49
1614,147,86,2025-03-01,1,118.49
1615,100,20,2025-01-18,2,636.49
1616,40,68,2025-06-23,2,295.67
1617,425,130,2025-06-24,1,499.34
1618,87,91,2024-12-23,1,73.18
1619,151,94,2024-09-04,1,512.02
1620,159,43,2024-08-04,1,418.43
1621,191,68,2025-01-18,1,295.67
1622,46,11,2024-11-08,3,16.25
1623,335,120,2025-04-04,1,556.25
1624,242,36,2025-07-14,1,91.26
1625,352,59,2025-05-02,2,122.16
1626,492,136,2025-01-29,1,82.14
1627,138,120,2024-10-16,2,556.25
1628,30,86,2024-10-24,1,118.49
1629,483,109,2025-02-16,2,482.64
1630,170,74,2024-12-18,1,488.38
1631,135,102,2025-01-02,1,582.99
1632,258,142,2025-01-02,1,274.55
1633,12,54,2024-10-18,1,349.2
1634,477,96,2025-04-26,1,65.11
1635,258,50,2025-01-15,1,98.91
1636,434,83,2024-10-07,1,296.51
1637,224,90,2025-04-25,1,456.59
1638,30,27,2024-09-14,2,520.9
1639,373,7,2024-08-24,1,303.12
1640,132,94,2024-11-16,1,512.02
1641,54,136,2024-11-07,2,82.14
1642,316,18,2025-04-30,1,102.42
1643,7,144,2024-12-18,1,183.68
1644,305,79,2024-12-19,1,135.77
1645,382,150,2024-09-22,1,468.27
1646,24,113,2024-12-17,1,440.12
1647,38,111,2025-05-21,1,438.69
1648,215,55,2024-09-06,1,526.4
1649,38,55,2024-08-26,1,526.4
1650,95,73,2024-08-26,1,488.92
1651,172,69,2024-08-28,1,186.83
1652,268,26,2025-02-17,2,80.28
1653,297,27,2025-01-30,2,520.9
1654,215,64,2024-11-10,1,312.23
1655,444,12,2025-03-22,1,261.78
1656,445,38,2025-03-27,1,455.18
1657,388,143,2024-11-23,1,385.7
1658,161,21,2025-06-12,1,199.22
1659,49,119,2025-02-03,1,524.61
1660,55,113,2025-01-14,1,440.12
1661,461,3,2024-08-16,1,217.96
1662,314,137,2024-09-27,1,63.66
1663,87,110,2024-12-23,1,152.47
1664,288,100,2025-04-18,1,229.29
1665,55,34,2024-09-24,1,333.49
1666,286,148,2025-06-29,1,543.51
1667,106,38,2024-12-01,1,455.18
1668,156,137,2025-05-08,1,63.66
1669,198,22,2025-04-04,1,163.49
1670,317,142,2025-01-22,1,274.55
1671,107,21,2024-11-29,1,199.22
1672,220,46,2025-07-09,2,429.28
1673,155,31,2025-04-07,1,211.87
1674,362,130,2025-06-02,1,499.34
1675,260,44,2025-05-12,1,392.03
1676,456,124,2025-03-16,2,209.47
1677,232,68,2025-02-24,1,295.67
1678,204,134,2025-02-11,1,524.84
1679,175,30,2024-09-16,1,442.18
1680,49,36,2025-03-17,1,91.26
1681,113,137,2025-07-14,1,54.11
1682,463,32,2025-05-26,1,294.11
1683,327,78,2025-04-19,1,334.81
1684,164,55,2024-09-01,1,526.4
1685,384,91,2025-01-31,2,73.18
1686,295,92,2024-12-23,1,213.89
1687,469,36,2024-11-29,2,91.26
1688,470,78,2025-05-30,1,334.81
1689,307,15,2025-02-24,1,206.74
1690,162,86,2025-05-07,1,118.49
1691,111,56,2024-10-28,1,443.42
1692,377,101,2024-11-05,1,15.78
1693,346,92,2024-10-18,1,213.89
1694,470,31,2025-07-10,1,211.87
1695,144,65,2024-08-06,1,135.17
1696,234,144,2024-08-09,1,183.68
1697,157,22,2024-10-09,2,163.49
1698,437,59,2025-02-13,1,122.16
1699,473,123,2024-11-04,1,79.03
1700,455,101,2024-11-30,1,15.78
1701,102,24,2024-12-16,1,563.43
1702,281,90,2025-05-18,1,456.59
1703,371,2,2025-02-05,1,18.99
1704,212,71,2024-09-10,1,320.91
1705,132,9,2024-12-22,1,719.54
1706,224,73,2024-09-10,1,488.92
1707,111,84,2025-06-09,1,338.34
1708,383,92,2025-03-04,2,213.89
1709,307,40,2024-12-29,1,480.83
1710,229,59,2025-05-16,1,122.16
1711,77,112,2025-06-19,1,332.67
1712,223,113,2024-10-26,1,440.12
1713,164,60,2025-06-16,1,190.26
1714,38,91,2025-04-06,1,73.18
1715,452,56,2025-04-16,2,443.42
1716,230,110,2024-12-21,1,152.47
1717,105,131,2025-06-12,1,625.36
1718,498,48,2024-12-10,1,478.84
1719,429,110,2024-10-29,1,152.47
1720,336,91,2025-07-25,1,73.18
1721,71,89,2024-11-01,2,211.17
1722,24,25,2024-11-30,1,485.62
1723,9,32,2025-06-23,2,294.11
1724,172,106,2025-01-24,1,330.68
1725,452,123,2024-12-14,2,79.03
1726,93,40,2024-09-29,1,480.83
1727,498,71,2025-03-26,1,320.91
1728,437,124,2025-01-02,1,209.47
1729,409,13,2025-04-30,1,379.07
1730,235,17,2025-03-31,1,62.02
1731,93,84,2024-08-07,1,338.34
1732,384,56,2025-03-18,1,443.42
1733,290,44,2025-06-23,1,392.03
1734,99,149,2025-01-19,1,429.45
1735,214,145,2024-09-20,1,96.4
1736,103,19,2025-05-27,1,90.14
1737,360,104,2024-11-08,2,235.06
1738,494,147,2024-11-01,1,363.91
1739,326,37,2024-09-04,1,226.59
1740,232,59,2024-09-20,3,122.16
1741,240,133,2024-11-21,1,145.25
1742,110,94,2024-12-07,1,512.02
1743,340,16,2025-06-23,1,412.27
1744,218,46,2024-10-01,2,429.28
1745,242,131,2025-06-06,1,625.36
1746,184,42,2025-07-23,1,19.58
1747,123,59,2024-12-29,1,122.16
1748,177,63,2024-12-20,1,341.84
1749,191,129,2025-01-13,1,435.24
1750,176,62,2024-09-07,1,26.71
1751,13,5,2024-09-01,1,287.24
1752,179,70,2024-12-11,1,300.47
1753,481,98,2024-12-14,1,81.7
1754,94,80,2024-09-05,1,189.8
1755,295,133,2024-11-11,1,145.25
1756,181,22,2024-09-25,1,163.49
1757,481,96,2025-03-09,2,65.11
1758,356,20,2025-06-26,1,636.49
1759,70,51,2024-09-22,2,383.07
1760,65,80,2024-12-07,1,189.8
1761,245,59,2025-04-09,1,122.16
1762,55,19,2024-09-05,1,90.14
1763,61,3,2025-04-04,2,217.96
1764,271,16,2025-01-31,2,412.27
1765,288,142,2025-01-03,1,274.55
1766,394,72,2025-06-28,2,246.7
1767,227,122,2025-01-22,1,230.92
1768,272,148,2024-12-27,1,543.51
1769,343,130,2024-10-30,2,499.34
1770,362,41,2025-01-31,2,189.78
1771,55,5,2025-06-20,1,215.43
1772,276,113,2024-11-06,1,440.12
1773,248,19,2024-11-07,1,90.14
1774,481,17,2025-05-31,1,62.02
1775,342,146,2025-02-16,1,343.96
1776,258,80,2024-08-09,1,189.8
1777,369,135,2024-11-17,1,416.04
1778,463,85,2025-05-02,1,339.74
1779,429,142,2025-05-24,2,274.55
1780,190,93,2024-09-06,1,575.84
1781,202,148,2024-10-12,1,543.51
1782,352,19,2025-06-13,1,90.14
1783,125,141,2024-08-08,1,489.58
1784,438,98,2024-09-19,1,81.7
1785,184,33,2024-09-24,1,121.24
1786,240,82,2024-11-21,1,283.53
1787,166,79,2024-11-12,1,135.77
1788,402,116,2025-05-22,1,105.33
1789,161,41,2024-11-18,1,189.78
1790,207,101,2025-05-31,1,15.78
1791,101,13,2024-09-02,1,379.07
1792,110,115,2025-05-11,1,281.46
1793,55,50,2024-12-03,1,98.91
1794,225,2,2024-08-21,1,18.99
1795,170,77,2024-10-20,1,516.83
1796,55,23,2025-04-07,49,113.32
1797,288,115,2024-08-04,1,281.46
1798,23,8,2024-11-14,1,62.79
1799,211,93,2024-12-17,1,575.84
1800,461,106,2025-02-27,1,330.68
1801,3,53,2024-10-29,1,487.84
1802,166,114,2025-01-02,2,647.69
1803,481,11,2024-11-07,1,16.25
1804,469,143,2025-06-13,3,385.7
1805,179,92,2025-05-04,1,213.89
1806,480,129,2025-07-04,1,435.24
1807,357,110,2024-08-28,1,152.47
1808,335,77,2025-03-31,1,516.83
1809,234,127,2024-08-23,2,179.33
1810,191,32,2025-02-03,1,294.11
1811,288,28,2025-03-11,1,213.35
1812,197,22,2025-03-21,1,163.49
1813,87,96,2024-10-30,1,65.11
1814,454,123,2024-09-29,1,79.03
1815,223,70,2024-11-29,1,300.47
1816,279,76,2025-03-03,1,398.3
1817,160,40,2024-11-26,2,480.83
1818,68,69,2025-01-14,1,186.83
1819,39,8,2024-11-30,1,62.79
1820,232,105,2024-11-11,1,205.64
1821,386,115,2024-11-21,1,281.46
1822,140,134,2025-05-27,1,524.84
1823,465,81,2025-03-12,1,261.53
1824,167,75,2025-06-09,2,137.49
1825,322,67,2025-02-15,1,331.31
1826,362,107,2025-06-20,1,68.9
1827,343,121,2024-12-17,1,538.87
1828,449,29,2024-10-05,2,58.54
1829,199,47,2025-05-19,2,87.46
1830,30,132,2024-10-09,2,208.38
1831,233,85,2025-03-27,1,339.74
1832,436,79,2024-11-21,1,135.77
1833,429,147,2025-06-06,1,363.91
1834,106,109,2024-10-27,1,482.64
1835,48,77,2024-09-14,2,516.83
1836,304,52,2025-04-25,1,225.66
1837,61,105,2024-11-19,1,205.64
1838,362,108,2025-03-25,1,182.24
1839,394,8,2024-12-05,1,62.79
1840,383,96,2025-04-16,1,65.11
1841,412,127,2025-04-29,1,179.33
1842,220,5,2025-03-20,1,287.24
1843,57,71,2024-10-07,1,320.91
1844,442,22,2024-12-01,1,163.49
1845,329,53,2024-09-16,1,487.84
1846,247,113,2025-07-09,1,440.12
1847,463,83,2025-06-18,2,296.51
1848,219,15,2025-07-20,1,206.74
1849,203,9,2024-08-17,1,719.54
1850,116,141,2024-12-17,1,489.58
1851,245,36,2025-06-10,1,91.26
1852,393,19,2024-11-15,1,90.14
1853,327,135,2024-08-27,1,416.04
1854,24,46,2025-07-27,1,429.28
1855,264,110,2024-12-01,1,152.47
1856,371,63,2025-06-29,3,341.84
1857,40,6,2025-07-26,1,120.34
1858,491,67,2024-11-24,1,331.31
1859,18,114,2024-12-15,1,647.69
1860,322,138,2025-03-05,2,382.16
1861,484,140,2024-09-02,1,238.53
1862,449,57,2025-03-20,1,349.1
1863,386,120,2024-12-28,1,556.25
1864,111,51,2024-09-03,1,383.07
1865,24,107,2025-03-23,1,68.9
1866,430,76,2024-12-26,1,398.3
1867,437,86,2024-09-09,2,118.49
1868,377,6,2024-12-20,1,120.34
1869,91,2,2024-10-15,1,18.99
1870,335,96,2024-11-13,3,65.11
1871,391,113,2025-06-18,1,440.12
1872,46,55,2025-03-31,1,526.4
1873,227,22,2024-08-11,1,163.49
1874,419,16,2024-09-02,1,412.27
1875,189,114,2024-11-27,1,647.69
1876,312,139,2025-01-15,1,224.44
1877,29,87,2025-05-08,1,40.12
1878,430,96,2025-01-04,1,65.11
1879,179,142,2024-12-12,1,274.55
1880,112,112,2024-08-25,1,332.67
1881,209,65,2024-12-24,1,135.17
1882,478,10,2024-12-25,1,394.66
1883,294,95,2024-10-18,1,61.73
1884,149,78,2024-09-29,1,334.81
1885,461,90,2025-03-14,1,456.59
1886,362,111,2024-11-03,1,438.69
1887,467,55,2025-07-29,1,526.4
1888,303,108,2024-10-15,1,182.24
1889,37,136,2025-05-01,1,82.14
1890,144,5,2024-10-19,42,287.24
1891,477,84,2024-12-30,1,338.34
1892,423,1,2024-12-27,1,335.74
1893,460,31,2025-03-15,1,211.87
1894,139,93,2024-08-21,1,575.84
1895,193,140,2025-05-10,1,238.53
1896,335,109,2024-11-21,1,482.64
1897,215,149,2024-09-17,1,429.45
1898,470,3,2025-05-26,1,217.96
1899,200,90,2024-12-21,1,456.59
1900,353,55,2024-09-12,1,526.4
1901,358,147,2025-02-18,1,363.91
1902,320,10,2025-03-07,1,394.66
1903,333,29,2025-02-07,1,58.54
1904,106,101,2025-01-24,1,15.78
1905,449,82,2024-09-14,1,283.53
1906,14,62,2024-12-26,2,26.71
1907,96,38,2025-03-01,1,455.18
1908,179,46,2024-10-13,2,429.28
1909,275,39,2024-09-15,1,578.5
1910,483,1,2025-03-01,1,335.74
1911,427,136,2024-10-10,1,82.14
1912,149,113,2025-02-12,1,440.12
1913,176,79,2025-04-09,1,135.77
1914,111,77,2025-01-03,1,516.83
1915,470,30,2025-03-26,1,442.18
1916,388,144,2024-08-02,1,183.68
1917,60,45,2025-06-22,1,53.21
1918,27,7,2024-12-26,1,303.12
1919,142,51,2025-06-27,1,383.07
1920,454,104,2025-05-17,1,235.06
1921,31,148,2024-12-11,1,543.51
1922,217,86,2024-10-01,1,118.49
1923,461,66,2025-05-22,1,198.33
1924,371,64,2024-12-11,1,312.23
1925,430,135,2024-08-30,1,416.04
1926,115,132,2024-10-09,1,208.38
1927,24,104,2024-08-28,1,235.06
1928,18,148,2025-01-30,1,543.51
1929,479,149,2024-12-28,1,429.45
1930,374,101,2024-09-09,1,15.78
1931,483,104,2025-06-18,1,235.06
1932,371,52,2024-10-25,1,225.66
1933,181,81,2024-12-17,1,261.53
1934,442,31,2024-10-13,1,211.87
1935,28,98,2025-04-23,1,81.7
1936,218,3,2025-04-06,1,217.96
1937,38,35,2024-10-23,1,401.85
1938,348,132,2024-10-19,1,208.38
1939,93,90,2024-11-05,1,456.59
1940,101,95,2024-09-28,1,61.73
1941,464,10,2024-09-09,1,394.66
1942,193,12,2025-04-03,1,261.78
1943,240,27,2025-06-02,2,520.9
1944,79,53,2025-01-23,1,487.84
1945,367,49,2025-01-03,2,77.56
1946,202,91,2024-09-30,1,73.18
1947,70,79,2025-07-22,1,135.77
1948,490,58,2024-11-25,1,440.25
1949,215,22,2024-11-16,1,163.49
1950,474,38,2024-09-10,1,455.18
1951,498,117,2024-09-27,1,524.45
1952,117,38,2024-08-22,1,455.18
1953,216,140,2025-03-29,1,238.53
1954,106,29,2024-12-08,1,58.54
1955,446,2,2025-06-05,1,18.99
1956,191,22,2024-11-11,1,163.49
1957,154,61,2025-01-27,1,131.98
1958,422,31,2024-12-21,1,211.87
1959,8,95,2025-01-26,3,61.73
1960,219,23,2025-06-10,1,113.32
1961,389,131,2025-05-19,1,625.36
1962,219,40,2025-04-28,1,480.83
1963,222,18,2025-05-03,1,102.42
1964,31,143,2025-04-01,1,385.7
1965,107,73,2025-05-29,1,488.92
1966,200,68,2024-11-01,1,295.67
1967,424,145,2025-02-11,1,96.4
1968,346,73,2025-04-21,1,440.03
1969,388,85,2025-01-08,1,339.74
1970,389,33,2024-09-26,2,121.24
1971,260,130,2025-07-27,1,499.34
1972,295,68,2024-08-21,1,295.67
1973,219,124,2025-04-10,1,209.47
1974,496,113,2024-12-24,1,440.12
1975,246,79,2025-03-16,1,135.77
1976,173,118,2025-02-25,1,319.7
1977,159,133,2025-03-08,1,145.25
1978,219,62,2025-02-05,1,26.71
1979,359,89,2024-09-23,1,211.17
1980,199,29,2024-09-13,1,58.54
1981,152,137,2025-02-19,1,63.66
1982,499,68,2024-10-26,1,295.67
1983,122,77,2024-11-10,2,516.83
1984,128,28,2025-02-23,1,213.35
1985,198,95,2024-12-21,1,61.73
1986,70,55,2025-01-30,1,526.4
1987,437,116,2024-09-25,1,105.33
1988,105,79,2025-04-08,1,135.77
1989,118,109,2024-08-16,3,482.64
1990,397,13,2024-10-31,1,379.07
1991,300,15,2025-07-14,1,206.74
1992,288,95,2024-11-12,2,61.73
1993,343,138,2025-04-12,1,382.16
1994,478,53,2024-12-12,1,487.84
1995,490,21,2025-05-04,1,199.22
1996,269,76,2024-09-30,2,398.3
1997,238,146,2025-03-15,1,343.96
1998,105,129,2024-08-17,3,435.24
1999,169,143,2024-10-24,1,385.7
2000,267,32,2024-10-08,1,294.11
2001,481,23,2025-03-29,1,113.32
2002,296,110,2024-10-20,1,152.47
2003,190,29,2025-02-17,1,58.54
2004,438,45,2024-12-24,1,53.21
2005,413,50,2025-05-26,1,98.91
2006,386,15,2025-06-17,2,206.74
2007,109,10,2024-09-19,1,394.66
2008,460,34,2025-01-30,1,333.49
2009,119,4,2024-12-05,1,510.73
2010,269,24,2025-07-19,1,563.43
2011,429,36,2025-01-04,1,91.26
2012,40,12,2024-10-26,1,261.78
2013,212,133,2025-01-14,2,145.25
2014,270,113,2025-05-18,1,440.12
2015,362,9,2025-03-04,1,719.54
2016,344,55,2025-04-08,1,526.4
2017,118,127,2025-07-12,1,179.33
2018,61,111,2025-06-11,1,438.69
2019,176,58,2025-03-12,1,440.25
2020,28,43,2025-05-02,1,418.43
2021,4,15,2024-12-14,2,206.74
2022,415,39,2025-05-21,1,578.5
2023,461,52,2024-11-24,1,225.66
2024,240,30,2025-05-24,1,442.18
2025,181,69,2025-01-20,1,186.83
2026,337,52,2025-04-01,1,225.66
2027,443,91,2025-01-08,1,65.86
2028,227,109,2025-02-22,1,482.64
2029,231,69,2025-04-21,2,186.83
2030,408,146,2025-05-08,1,343.96
2031,356,70,2025-05-23,1,300.47
2032,193,104,2025-03-28,1,235.06
2033,32,27,2025-06-23,1,520.9
2034,402,86,2025-06-17,1,118.49
2035,49,99,2024-11-11,2,208.73
2036,128,99,2024-10-15,1,208.73
2037,469,118,2025-03-11,1,319.7
2038,465,87,2025-02-28,1,40.12
2039,150,95,2024-12-25,1,61.73
2040,288,138,2024-12-10,1,382.16
2041,234,144,2024-11-29,1,183.68
2042,154,75,2024-09-28,1,137.49
2043,17,38,2024-08-15,1,455.18
2044,431,129,2025-01-06,3,435.24
2045,424,74,2024-08-19,1,488.38
2046,180,114,2024-12-18,1,647.69
2047,183,79,2024-12-11,2,135.77
2048,389,50,2024-12-21,1,98.91
2049,96,117,2024-09-12,1,445.78
2050,191,149,2024-12-31,2,429.45
2051,463,45,2024-09-16,1,53.21
2052,163,52,2024-10-11,2,225.66
2053,44,14,2024-10-01,1,348.48
2054,79,1,2025-04-26,3,335.74
2055,199,14,2024-09-16,1,348.48
2056,60,3,2025-01-08,1,217.96
2057,117,95,2024-11-20,1,61.73
2058,148,25,2024-10-29,1,485.62
2059,386,137,2024-12-19,1,63.66
2060,330,57,2024-12-09,1,349.1
2061,155,26,2024-09-27,2,80.28
2062,27,29,2025-03-05,1,58.54
2063,468,27,2024-12-05,1,520.9
2064,69,113,2024-10-14,3,440.12
2065,276,87,2025-06-07,1,40.12
2066,320,132,2025-07-10,3,208.38
2067,190,98,2025-05-10,1,81.7
2068,12,14,2025-07-17,1,348.48
2069,193,97,2024-11-30,1,24.03
2070,70,117,2025-02-15,1,524.45
2071,166,26,2024-12-09,1,80.28
2072,388,84,2024-11-29,1,338.34
2073,286,27,2025-06-20,1,520.9
2074,64,6,2025-06-26,1,120.34
2075,241,18,2024-08-18,1,102.42
2076,360,116,2025-04-09,1,105.33
2077,362,49,2025-07-24,1,77.56
2078,498,1,2024-09-03,1,335.74
2079,91,15,2024-11-03,1,206.74
2080,132,49,2025-06-25,1,77.56
2081,440,132,2025-02-22,1,208.38
2082,291,80,2025-01-04,1,189.8
2083,433,134,2024-09-12,2,524.84
2084,252,23,2024-12-06,1,113.32
2085,282,51,2025-01-11,1,383.07
2086,219,145,2024-10-08,1,96.4
2087,454,81,2024-11-10,1,261.53
2088,409,42,2025-02-05,1,19.58
2089,118,136,2025-05-20,2,82.14
2090,107,116,2025-03-25,1,105.33
2091,440,108,2024-10-16,1,182.24
2092,163,20,2025-02-05,1,636.49
2093,362,108,2025-05-18,2,182.24
2094,290,64,2025-04-27,1,312.23
2095,212,145,2025-04-11,1,96.4
2096,373,59,2024-11-13,1,122.16
2097,448,111,2024-12-15,1,438.69
2098,342,125,2025-04-11,1,300.73
2099,100,94,2025-06-04,1,512.02
2100,340,93,2024-12-23,3,575.84
2101,60,19,2024-11-05,1,90.14
2102,362,116,2024-08-15,2,105.33
2103,161,46,2024-12-13,1,429.28
2104,90,8,2025-06-28,1,47.09
2105,118,100,2025-06-02,1,229.29
2106,215,36,2024-08-27,2,91.26
2107,106,13,2024-11-29,1,379.07
2108,176,22,2024-08-24,1,163.49
2109,222,146,2025-05-14,1,343.96
2110,105,74,2024-10-31,1,488.38
2111,52,7,2025-04-15,1,303.12
2112,436,141,2024-10-07,1,489.58
2113,9,145,2024-10-12,2,96.4
2114,342,63,2025-01-08,1,341.84
2115,460,99,2024-10-05,2,208.73
2116,468,136,2024-12-22,1,82.14
2117,453,32,2025-03-09,2,294.11
2118,460,82,2024-12-13,1,283.53
2119,262,70,2024-12-14,1,300.47
2120,316,1,2024-10-17,1,335.74
2121,416,141,2025-03-14,1,489.58
2122,500,91,2024-10-16,1,73.18
2123,16,98,2024-11-02,1,81.7
2124,362,144,2024-12-12,1,183.68
2125,173,25,2025-03-28,1,485.62
2126,85,97,2025-04-11,1,24.03
2127,319,4,2025-05-15,1,510.73
2128,1,9,2025-04-10,1,719.54
2129,131,132,2024-10-15,1,208.38
2130,325,85,2024-09-17,1,339.74
2131,219,55,2024-12-24,1,526.4
2132,129,141,2024-12-18,1,489.58
2133,456,7,2025-05-20,1,303.12
2134,37,10,2024-09-09,1,394.66
2135,51,39,2025-01-16,2,578.5
2136,375,52,2024-10-02,1,225.66
2137,215,46,2024-10-18,2,429.28
2138,300,124,2025-03-20,2,209.47
2139,308,18,2025-05-19,3,102.42
2140,449,48,2024-12-23,1,478.84
2141,130,102,2025-02-12,1,582.99
2142,52,132,2024-12-09,1,208.38
2143,375,49,2025-02-21,1,77.56
2144,439,55,2024-11-15,1,526.4
2145,349,7,2025-02-23,1,303.12
2146,191,69,2025-07-01,1,186.83
2147,208,110,2024-12-31,2,152.47
2148,152,91,2025-06-05,1,73.18
2149,442,52,2025-07-07,1,225.66
2150,98,14,2025-04-08,1,348.48
2151,364,48,2024-09-17,1,478.84
2152,30,53,2025-07-13,1,487.84
2153,436,133,2025-06-28,1,145.25
2154,359,31,2024-12-27,2,211.87
2155,490,87,2025-04-02,1,40.12
2156,457,88,2025-04-25,1,288.97
2157,212,53,2025-05-19,1,487.84
2158,51,95,2025-04-20,1,61.73
2159,313,139,2025-03-06,1,224.44
2160,200,69,2025-01-29,1,186.83
2161,415,119,2024-08-09,1,524.61
2162,262,8,2024-11-02,1,62.79
2163,215,3,2024-08-24,1,217.96
2164,394,4,2025-07-27,1,510.73
2165,346,15,2024-12-14,2,206.74
2166,24,7,2024-11-04,1,303.12
2167,448,30,2025-06-06,1,442.18
2168,266,84,2025-07-11,1,338.34
2169,130,143,2025-05-01,1,385.7
2170,55,106,2025-02-19,2,297.61
2171,219,77,2025-06-12,2,516.83
2172,172,18,2025-01-02,2,102.42
2173,143,137,2024-10-09,1,63.66
2174,431,130,2024-08-14,1,499.34
2175,200,82,2025-06-29,1,283.53
2176,414,134,2024-12-02,1,524.84
2177,383,95,2025-05-03,1,61.73
2178,164,129,2024-10-15,2,435.24
2179,116,27,2024-08-12,1,520.9
2180,437,96,2025-03-30,1,65.11
2181,108,32,2024-11-12,1,294.11
2182,436,131,2025-02-17,1,625.36
2183,371,81,2024-08-05,3,261.53
2184,415,117,2024-12-27,1,524.45
2185,322,67,2025-04-07,1,331.31
2186,387,46,2024-09-01,1,429.28
2187,418,97,2025-05-11,1,24.03
2188,12,22,2025-06-28,2,163.49
2189,405,73,2025-03-31,1,488.92
2190,23,12,2025-01-25,1,261.78
2191,279,135,2025-03-12,1,416.04
2192,224,127,2024-12-26,1,179.33
2193,133,9,2025-03-29,1,719.54
2194,449,88,2024-11-27,1,288.97
2195,217,77,2024-12-29,1,516.83
2196,290,135,2024-12-23,1,416.04
2197,177,24,2024-10-06,1,563.43
2198,156,149,2024-10-20,1,429.45
2199,135,45,2025-04-10,1,53.21
2200,132,119,2024-11-16,1,524.61
2201,442,25,2024-12-12,1,485.62
2202,459,96,2024-10-21,1,65.11
2203,142,1,2025-04-15,1,335.74
2204,215,79,2024-09-02,1,135.77
2205,388,129,2024-10-01,1,435.24
2206,490,54,2025-04-07,1,349.2
2207,144,7,2025-05-13,2,303.12
2208,126,74,2025-04-17,1,488.38
2209,412,142,2024-09-20,1,274.55
2210,449,75,2025-02-03,1,137.49
2211,295,147,2024-10-10,1,363.91
2212,253,62,2024-11-12,1,26.71
2213,290,56,2024-08-04,1,443.42
2214,318,10,2025-03-31,1,394.66
2215,449,38,2025-04-16,1,455.18
2216,389,138,2024-12-15,1,382.16
2217,307,137,2025-03-01,1,63.66
2218,488,82,2025-07-07,1,283.53
2219,112,131,2025-04-29,1,625.36
2220,21,72,2024-11-25,1,246.7
2221,135,113,2025-03-08,1,440.12
2222,468,111,2025-03-15,1,438.69
2223,295,28,2024-09-13,1,213.35
2224,44,86,2024-10-24,1,118.49
2225,191,33,2024-12-30,2,121.24
2226,133,46,2025-06-29,1,429.28
2227,306,133,2024-11-10,1,145.25
2228,152,38,2024-09-13,1,455.18
2229,177,120,2025-01-19,3,556.25
2230,338,77,2024-10-04,1,516.83
2231,198,55,2025-05-04,1,526.4
2232,55,132,2024-09-17,1,208.38
2233,254,58,2025-06-22,1,440.25
2234,424,129,2024-12-02,1,435.24
2235,306,133,2025-04-16,1,145.25
2236,124,22,2024-12-11,1,163.49
2237,166,72,2025-01-29,1,246.7
2238,90,128,2025-03-18,2,384.68
2239,491,93,2024-11-29,1,575.84
2240,494,81,2025-06-01,1,261.53
2241,458,130,2025-01-01,2,499.34
2242,395,113,2024-12-05,1,440.12
2243,246,3,2025-02-27,1,217.96
2244,442,10,2024-09-01,1,394.66
2245,239,1,2024-10-06,1,335.74
2246,172,79,2025-03-17,1,135.77
2247,107,67,2025-05-27,1,331.31
2248,225,60,2024-10-13,1,190.26
2249,272,41,2025-03-22,1,189.78
2250,495,100,2025-02-26,1,229.29
2251,38,139,2024-09-30,44,224.44
2252,394,38,2025-02-08,1,455.18
2253,389,36,2025-04-06,1,91.26
2254,31,14,2024-10-13,1,348.48
2255,70,127,2025-05-29,1,179.33
2256,46,129,2024-11-19,1,435.24
2257,395,65,2025-04-08,1,135.17
2258,190,33,2025-05-08,1,121.24
2259,167,110,2025-05-21,2,152.47
2260,160,140,2025-06-07,1,238.53
2261,129,119,2024-10-10,1,524.61
2262,219,65,2025-01-14,1,135.17
2263,187,66,2025-02-26,1,198.33
2264,286,26,2025-02-19,1,80.28
2265,469,107,2025-06-27,1,68.9
2266,452,71,2025-07-29,1,320.91
2267,342,112,2025-06-27,1,332.67
2268,362,36,2025-05-14,1,91.26
2269,498,4,2025-06-13,1,510.73
2270,396,110,2025-04-25,1,152.47
2271,214,122,2024-08-10,1,230.92
2272,453,67,2025-04-30,3,331.31
2273,357,18,2024-08-10,1,102.42
2274,485,91,2024-11-14,1,73.18
2275,177,123,2025-05-24,1,79.03
2276,362,84,2024-11-01,1,338.34
2277,212,5,2025-04-28,1,287.24
2278,307,106,2024-12-10,2,330.68
2279,439,126,2024-09-20,1,217.72
2280,116,67,2024-12-25,1,331.31
2281,224,82,2024-12-09,1,283.53
2282,491,2,2024-10-18,1,18.99
2283,322,72,2025-01-14,1,246.7
2284,397,128,2024-08-30,1,384.68
2285,330,87,2024-09-20,1,40.12
2286,65,97,2024-12-11,1,24.03
2287,55,63,2024-10-01,1,341.84
2288,351,19,2024-12-01,1,90.14
2289,334,69,2025-05-28,1,186.83
2290,479,59,2024-12-16,1,122.16
2291,328,101,2024-09-03,1,15.78
2292,107,119,2024-08-10,2,524.61
2293,120,57,2024-12-05,1,349.1
2294,264,2,2025-03-17,1,18.99
2295,394,105,2025-06-22,1,205.64
2296,397,75,2024-10-12,1,137.49
2297,319,127,2025-05-12,1,179.33
2298,241,97,2025-06-14,1,24.03
2299,154,21,2024-10-25,1,199.22
2300,483,113,2025-04-04,1,440.12
2301,472,116,2024-12-07,1,105.33
2302,259,80,2025-06-20,1,189.8
2303,383,121,2025-04-19,1,538.87
2304,238,56,2025-05-16,1,443.42
2305,386,28,2024-09-15,2,213.35
2306,346,65,2025-03-10,1,135.17
2307,477,74,2024-12-04,2,488.38
2308,426,12,2025-01-12,1,261.78
2309,86,127,2025-01-16,1,179.33
2310,264,35,2025-07-21,1,401.85
2311,162,36,2025-07-11,1,91.26
2312,106,42,2025-05-03,1,19.58
2313,492,69,2024-10-03,38,186.83
2314,282,36,2025-01-31,1,91.26
2315,200,51,2024-10-03,1,383.07
2316,437,97,2024-11-07,1,24.03
2317,188,57,2024-11-22,1,349.1
2318,472,24,2024-12-22,1,563.43
2319,344,10,2025-06-17,1,394.66
2320,295,126,2024-11-22,1,217.72
2321,499,114,2024-08-19,1,647.69
2322,212,143,2024-11-16,1,385.7
2323,496,134,2025-06-23,1,524.84
2324,66,132,2024-12-21,2,208.38
2325,123,16,2025-04-10,1,412.27
2326,288,111,2024-11-08,3,438.69
2327,352,20,2024-09-03,2,636.49
2328,396,150,2024-12-19,1,468.27
2329,403,59,2025-07-14,1,122.16
2330,120,143,2025-06-11,1,385.7
2331,448,93,2025-06-29,1,575.84
2332,389,86,2025-01-13,1,118.49
2333,215,26,2025-02-25,1,80.28
2334,71,76,2025-04-11,1,398.3
2335,359,61,2024-11-23,1,131.98
2336,172,147,2025-01-09,1,363.91
2337,200,123,2024-11-08,1,79.03
2338,148,143,2024-12-06,1,385.7
2339,194,146,2025-01-16,1,343.96
2340,37,144,2024-12-07,1,183.68
2341,286,66,2025-03-31,1,198.33
2342,120,130,2025-05-24,1,499.34
2343,111,34,2025-02-10,1,333.49
2344,311,20,2025-07-22,3,636.49
2345,331,53,2024-10-05,1,487.84
2346,249,112,2025-03-15,1,332.67
2347,359,16,2024-09-03,3,412.27
2348,339,45,2024-12-29,1,53.21
2349,202,115,2025-02-22,3,281.46
2350,87,139,2025-02-27,1,224.44
2351,227,50,2025-06-16,2,98.91
2352,319,61,2025-06-14,1,131.98
2353,327,133,2024-09-25,1,145.25
2354,463,31,2024-12-10,3,211.87
2355,169,30,2025-03-16,1,442.18
2356,107,41,2024-08-31,1,189.78
2357,282,77,2025-05-27,1,516.83
2358,107,104,2024-10-15,1,235.06
2359,138,84,2025-06-05,2,338.34
2360,339,124,2025-07-14,1,209.47
2361,140,37,2024-11-30,1,226.59
2362,164,141,2025-03-05,1,489.58
2363,442,72,2024-11-11,1,246.7
2364,258,127,2024-11-12,1,179.33
2365,306,54,2025-01-22,1,349.2
2366,290,125,2025-06-12,2,300.73
2367,292,34,2025-01-16,1,333.49
2368,205,65,2025-07-21,2,135.17
2369,194,52,2025-06-16,2,225.66
2370,155,113,2025-02-09,1,440.12
2371,67,8,2024-11-03,1,62.79
2372,61,95,2024-09-07,1,61.73
2373,189,13,2025-05-12,1,379.07
2374,194,53,2024-12-27,1,487.84
2375,48,3,2025-02-01,1,217.96
2376,319,14,2024-08-16,1,348.48
2377,481,72,2024-12-24,1,246.7
2378,197,146,2024-12-13,1,343.96
2379,23,112,2024-12-04,1,332.67
2380,394,120,2024-08-12,1,556.25
2381,152,128,2024-12-13,1,384.68
2382,193,4,2024-10-10,1,510.73
2383,221,145,2024-09-26,1,96.4
2384,472,22,2024-11-16,2,163.49
2385,147,94,2024-12-01,1,512.02
2386,152,138,2025-07-31,3,382.16
2387,257,21,2024-11-07,1,199.22
2388,317,9,2025-06-03,2,719.54
2389,110,36,2025-06-22,1,91.26
2390,182,1,2025-05-28,1,335.74
2391,45,72,2025-05-02,1,246.7
2392,280,84,2024-10-16,1,338.34
2393,363,25,2024-12-22,1,485.62
2394,205,73,2025-04-08,1,488.92
2395,344,136,2024-10-25,1,82.14
2396,31,77,2025-03-26,1,516.83
2397,93,64,2025-04-11,2,312.23
2398,199,57,2025-05-25,1,349.1
2399,36,52,2024-11-15,1,225.66
2400,124,89,2024-11-12,1,211.17
2401,266,52,2024-11-29,1,225.66
2402,363,136,2025-01-04,1,82.14
2403,264,150,2025-02-08,1,468.27
2404,431,29,2024-09-13,1,58.54
2405,54,128,2024-09-13,1,384.68
2406,191,132,2025-04-23,1,208.38
2407,385,110,2025-05-26,2,152.47
2408,95,110,2025-03-07,1,152.47
2409,383,71,2025-03-10,2,320.91
2410,135,68,2025-04-12,1,295.67
2411,310,110,2025-02-12,1,152.47
2412,362,9,2025-03-15,1,719.54
2413,307,45,2025-06-27,1,53.21
2414,472,115,2024-09-12,1,281.46
2415,57,106,2025-06-26,1,330.68
2416,364,18,2024-12-20,1,102.42
2417,378,3,2024-09-20,1,217.96
2418,223,46,2025-02-01,1,429.28
2419,167,135,2024-11-11,1,416.04
2420,272,106,2025-07-12,2,330.68
2421,395,29,2024-11-06,1,58.54
2422,361,90,2024-12-23,1,456.59
2423,306,69,2024-11-25,2,186.83
2424,461,31,2024-11-16,2,211.87
2425,419,145,2025-03-25,1,96.4
2426,163,24,2024-09-13,1,563.43
2427,316,105,2024-11-05,1,205.64
2428,227,15,2025-03-13,1,206.74
2429,468,88,2025-05-13,1,288.97
2430,280,33,2024-10-11,1,121.24
2431,455,42,2024-10-05,1,19.58
2432,51,129,2025-01-21,1,435.24
2433,419,97,2024-10-11,1,24.03
2434,31,133,2025-02-12,1,145.25
2435,342,142,2025-02-17,2,274.55
2436,114,104,2025-02-14,1,235.06
2437,371,69,2024-09-25,1,186.83
2438,389,88,2025-01-03,2,288.97
2439,140,135,2024-10-30,1,416.04
2440,183,71,2024-08-14,1,320.91
2441,306,22,2025-02-14,1,163.49
2442,226,69,2024-11-28,1,186.83
2443,111,120,2025-04-26,1,556.25
2444,457,20,2024-08-06,1,636.49
2445,13,1,2025-02-27,1,335.74
2446,24,14,2024-09-26,1,348.48
2447,350,34,2025-03-03,1,333.49
2448,98,117,2024-09-05,1,445.78
2449,239,118,2024-11-14,1,319.7
2450,232,116,2024-11-14,1,105.33
2451,277,17,2024-10-21,1,62.02
2452,31,29,2025-03-23,1,58.54
2453,232,102,2025-03-17,1,582.99
2454,305,87,2024-12-05,1,40.12
2455,33,37,2025-03-24,3,226.59
2456,101,52,2024-12-26,1,225.66
2457,250,118,2025-03-22,1,319.7
2458,114,110,2024-10-29,1,152.47
2459,470,50,2025-03-10,1,98.91
2460,298,109,2025-07-04,1,482.64
2461,315,44,2025-05-19,1,274.42
2462,114,18,2024-12-01,2,102.42
2463,223,74,2024-10-20,1,488.38
2464,454,143,2025-06-18,1,385.7
2465,267,129,2025-05-11,1,435.24
2466,231,12,2025-02-05,1,261.78
2467,120,7,2024-09-23,2,303.12
2468,259,63,2025-01-14,1,341.84
2469,282,91,2024-10-24,1,73.18
2470,437,61,2025-04-17,2,131.98
2471,255,115,2024-08-14,1,281.46
2472,437,136,2025-03-25,1,82.14
2473,101,131,2025-02-20,1,625.36
2474,213,27,2024-12-07,2,520.9
2475,190,90,2024-10-09,2,456.59
2476,259,117,2025-03-26,1,524.45
2477,339,143,2024-09-04,1,385.7
2478,159,72,2025-07-03,1,246.7
2479,274,28,2025-03-13,2,213.35
2480,40,127,2024-12-21,1,179.33
2481,165,88,2025-06-07,1,288.97
2482,52,55,2024-12-29,1,526.4
2483,236,123,2025-02-17,1,79.03
2484,240,124,2025-07-13,1,209.47
2485,174,21,2025-03-14,2,199.22
2486,148,120,2024-11-19,2,556.25
2487,155,25,2025-03-16,1,485.62
2488,420,64,2024-08-03,1,312.23
2489,170,112,2024-12-06,2,332.67
2490,375,10,2024-12-01,1,394.66
2491,132,60,2024-11-07,1,190.26
2492,262,134,2024-09-02,1,524.84
2493,448,133,2025-07-07,1,145.25
2494,476,23,2024-10-25,1,113.32
2495,200,84,2025-04-20,1,338.34
2496,170,145,2025-01-15,1,96.4
2497,422,64,2025-06-17,1,312.23
2498,188,133,2024-10-01,1,145.25
2499,96,125,2024-09-24,2,300.73
2500,359,121,2024-10-28,1,538.87
2501,111,105,2025-07-01,1,205.64
2502,352,77,2025-02-16,1,516.83
2503,300,70,2024-11-21,1,300.47
2504,308,108,2024-12-21,1,182.24
2505,61,79,2025-02-05,2,135.77
2506,454,52,2024-11-20,1,225.66
2507,222,104,2025-06-03,1,235.06
2508,101,148,2025-05-19,1,543.51
2509,127,94,2025-07-22,1,512.02
2510,492,111,2025-07-19,2,438.69
2511,60,142,2025-01-19,1,274.55
2512,319,134,2025-05-27,1,524.84
2513,319,4,2024-11-28,1,510.73
2514,369,20,2024-11-28,1,636.49
2515,219,126,2024-10-03,1,217.72
2516,461,57,2025-06-14,1,349.1
2517,19,14,2024-10-10,1,348.48
2518,41,99,2024-12-30,2,208.73
2519,471,19,2025-02-09,1,90.14
2520,445,77,2024-08-20,1,516.83
2521,287,67,2025-01-16,2,331.31
2522,189,22,2024-12-26,3,163.49
2523,490,136,2024-11-26,1,82.14
2524,116,67,2025-01-17,1,331.31
2525,102,21,2024-11-14,1,199.22
2526,389,48,2024-11-22,1,478.84
2527,133,37,2024-11-02,1,226.59
2528,445,107,2024-08-04,1,68.9
2529,318,139,2025-04-09,1,224.44
2530,24,64,2024-11-07,2,312.23
2531,60,55,2024-10-04,1,526.4
2532,183,137,2025-05-31,1,63.66
2533,342,112,2024-11-13,1,332.67
2534,369,33,2024-09-10,1,121.24
2535,267,9,2025-03-28,2,719.54
2536,433,133,2024-11-10,2,145.25
2537,99,89,2024-10-30,1,211.17
2538,498,26,2025-01-03,2,80.28
2539,281,67,2024-11-12,1,331.31
2540,26,108,2025-04-04,1,182.24
2541,23,36,2025-02-01,1,91.26
2542,209,26,2024-10-25,1,80.28
2543,107,128,2025-04-04,2,384.68
2544,124,15,2025-02-12,1,206.74
2545,279,28,2024-10-18,1,213.35
2546,146,120,2024-10-29,2,556.25
2547,102,31,2025-03-26,2,211.87
2548,147,94,2024-12-24,1,512.02
2549,181,147,2025-06-07,2,363.91
2550,452,78,2025-01-18,1,334.81
2551,4,131,2025-03-29,1,625.36
2552,388,134,2024-11-06,1,524.84
2553,107,78,2025-02-08,2,334.81
2554,442,99,2025-05-29,2,208.73
2555,156,105,2024-10-03,1,205.64
2556,495,109,2025-05-17,1,482.64
2557,161,49,2025-06-30,1,77.56
2558,319,102,2024-12-03,2,582.99
2559,491,77,2025-07-13,1,516.83
2560,27,131,2024-12-12,1,625.36
2561,231,138,2025-07-15,1,382.16
2562,172,100,2024-12-05,1,229.29
2563,346,55,2024-08-07,1,526.4
2564,27,66,2025-02-13,2,198.33
2565,242,126,2024-09-11,1,217.72
2566,97,146,2024-11-05,1,343.96
2567,468,21,2024-12-08,1,199.22
2568,103,130,2025-05-28,1,499.34
2569,360,68,2024-09-15,2,266.1
2570,4,128,2024-12-16,1,384.68
2571,224,141,2025-04-09,1,489.58
2572,193,79,2025-07-02,1,135.77
2573,247,121,2025-03-09,1,538.87
2574,342,88,2025-02-08,1,288.97
2575,27,101,2024-10-08,1,15.78
2576,46,54,2024-11-02,1,349.2
2577,101,134,2024-09-26,2,524.84
2578,74,112,2024-11-17,1,332.67
2579,388,51,2024-11-07,1,383.07
2580,167,109,2025-02-26,1,482.64
2581,461,92,2025-06-16,1,213.89
2582,279,119,2025-06-22,1,524.61
2583,194,57,2024-12-29,1,349.1
2584,373,133,2024-10-03,1,145.25
2585,275,69,2025-01-23,1,186.83
2586,50,22,2024-11-29,1,163.49
2587,445,125,2024-08-05,1,300.73
2588,38,3,2024-08-22,1,217.96
2589,499,142,2024-12-15,1,274.55
2590,187,125,2025-06-06,1,300.73
2591,437,15,2024-12-01,1,206.74
2592,177,37,2025-06-09,1,226.59
2593,291,1,2024-09-21,1,335.74
2594,123,19,2024-10-11,1,90.14
2595,434,55,2024-12-22,2,526.4
2596,48,27,2024-12-06,1,520.9
2597,106,12,2025-07-05,1,261.78
2598,235,41,2025-01-12,1,189.78
2599,433,145,2024-11-28,1,81.94
2600,128,10,2024-09-11,1,394.66
2601,457,19,2025-02-14,1,90.14
2602,286,42,2024-11-08,1,19.58
2603,147,134,2025-04-16,1,524.84
2604,79,30,2025-03-28,1,442.18
2605,343,88,2024-12-02,1,288.97
2606,352,50,2024-09-24,1,98.91
2607,474,46,2024-08-15,1,429.28
2608,357,104,2024-12-22,1,235.06
2609,216,125,2024-12-10,1,300.73
2610,290,91,2025-07-10,1,73.18
2611,167,96,2025-06-04,1,65.11
2612,447,54,2025-01-23,1,349.2
2613,51,116,2024-11-23,1,105.33
2614,207,51,2024-12-27,1,383.07
2615,362,31,2024-09-15,1,211.87
2616,346,43,2024-08-01,1,418.43
2617,486,30,2025-05-30,1,442.18
2618,323,32,2024-10-04,1,294.11
2619,298,131,2024-09-24,1,625.36
2620,266,124,2025-01-09,1,209.47
2621,438,121,2024-12-30,1,538.87
2622,126,78,2024-10-15,1,334.81
2623,364,141,2025-07-26,1,489.58
2624,158,51,2025-01-11,1,383.07
2625,271,58,2025-07-19,1,440.25
2626,463,55,2025-04-11,1,526.4
2627,179,21,2025-02-09,1,199.22
2628,327,38,2025-01-18,1,455.18
2629,430,54,2024-11-16,1,349.2
2630,266,62,2024-11-24,1,26.71
2631,163,128,2025-02-17,1,384.68
2632,60,65,2025-05-08,1,135.17
2633,54,130,2025-02-17,1,499.34
2634,217,146,2024-12-23,1,343.96
2635,346,41,2024-11-08,1,189.78
2636,469,42,2025-05-08,1,19.58
2637,240,41,2024-10-07,1,189.78
2638,429,79,2025-07-30,1,135.77
2639,329,106,2025-07-02,2,330.68
2640,208,122,2024-10-10,2,230.92
2641,396,41,2025-04-05,1,189.78
2642,181,73,2024-10-14,1,488.92
2643,164,8,2024-11-09,3,62.79
2644,425,13,2025-05-22,1,379.07
2645,108,100,2024-10-15,1,229.29
2646,460,91,2024-09-19,2,73.18
2647,325,15,2025-03-31,1,206.74
2648,24,135,2024-08-27,1,416.04
2649,293,114,2025-05-31,1,647.69
2650,192,28,2025-02-23,2,213.35
2651,23,128,2024-09-30,1,384.68
2652,93,119,2025-04-08,2,524.61
2653,133,127,2025-06-29,1,179.33
2654,439,15,2025-02-05,1,206.74
2655,101,93,2024-09-29,2,575.84
2656,175,34,2025-04-18,1,333.49
2657,373,102,2025-05-21,1,582.99
2658,183,141,2025-05-31,1,489.58
2659,105,64,2025-05-20,1,312.23
2660,37,87,2025-01-14,1,40.12
2661,275,140,2025-05-03,1,238.53
2662,100,74,2025-07-25,1,488.38
2663,190,138,2025-04-29,1,382.16
2664,153,28,2025-06-30,1,213.35
2665,227,98,2024-09-30,1,81.7
2666,452,44,2025-01-08,1,392.03
2667,483,26,2024-10-05,1,80.28
2668,24,1,2025-07-01,1,335.74
2669,39,123,2025-05-15,1,79.03
2670,230,13,2024-08-18,1,379.07
2671,431,68,2024-10-03,1,295.67
2672,193,10,2024-10-27,1,394.66
2673,394,15,2025-07-03,1,206.74
2674,278,89,2025-01-01,2,211.17
2675,151,150,2024-12-29,1,468.27
2676,194,114,2025-03-16,1,647.69
2677,393,35,2025-04-19,1,401.85
2678,111,32,2024-08-23,1,294.11
2679,315,146,2024-11-05,1,343.96
2680,429,44,2025-06-05,1,274.42
2681,295,77,2025-05-30,1,516.83
2682,429,119,2025-03-05,1,524.61
2683,258,97,2024-12-09,1,24.03
2684,494,69,2024-12-09,1,186.83
2685,373,149,2025-07-22,1,429.45
2686,290,140,2024-11-13,1,238.53
2687,125,92,2024-12-16,1,213.89
2688,225,103,2025-06-06,1,296.39
2689,243,117,2024-10-18,1,524.45
2690,346,6,2025-03-11,1,120.34
2691,406,95,2025-06-06,1,61.73
2692,309,78,2024-12-17,1,334.81
2693,59,63,2025-02-25,1,341.84
2694,127,73,2025-06-24,2,488.92
2695,95,63,2024-11-24,1,341.84
2696,448,4,2024-09-20,1,510.73
2697,469,82,2024-11-22,1,283.53
2698,468,105,2024-10-03,1,205.64
2699,33,110,2025-04-08,2,152.47
2700,274,27,2024-12-23,1,520.9
2701,168,36,2025-06-08,2,91.26
2702,383,149,2024-08-25,1,429.45
2703,246,98,2025-02-16,2,81.7
2704,490,28,2024-10-05,1,213.35
2705,205,51,2024-10-13,3,383.07
2706,477,100,2024-12-15,1,229.29
2707,449,64,2024-12-20,1,312.23
2708,46,141,2024-11-26,1,489.58
2709,69,42,2024-09-17,3,19.58
2710,106,81,2024-08-30,1,261.53
2711,410,50,2024-12-25,1,98.91
2712,145,115,2024-10-09,2,281.46
2713,117,107,2025-07-24,1,68.9
2714,69,129,2025-01-24,2,435.24
2715,53,56,2024-10-29,1,443.42
2716,359,79,2024-10-08,2,135.77
2717,31,60,2025-02-11,1,190.26
2718,49,120,2024-09-27,1,556.25
2719,291,86,2025-07-14,1,118.49
2720,233,119,2024-09-30,1,524.61
2721,121,148,2025-04-05,2,543.51
2722,199,16,2024-11-18,1,412.27
2723,470,75,2025-06-26,1,137.49
2724,331,76,2025-06-12,1,398.3
2725,232,102,2024-12-31,1,582.99
2726,84,110,2024-11-04,1,152.47
2727,391,2,2024-08-05,1,18.99
2728,478,23,2025-04-09,2,113.32
2729,424,140,2024-10-18,2,238.53
2730,449,148,2025-04-07,1,543.51
2731,275,132,2025-07-03,1,208.38
2732,33,93,2025-03-29,1,575.84
2733,109,102,2025-01-01,1,582.99
2734,13,143,2024-11-02,2,385.7
2735,290,126,2024-12-16,1,217.72
2736,212,144,2025-03-13,1,183.68
2737,381,12,2025-07-30,1,261.78
2738,382,21,2024-11-06,1,199.22
2739,23,123,2024-10-08,2,79.03
2740,293,71,2024-12-15,1,320.91
2741,342,88,2025-02-16,1,288.97
2742,454,136,2024-10-04,1,82.14
2743,61,21,2025-04-14,2,199.22
2744,460,16,2025-07-17,1,412.27
2745,306,133,2024-12-27,1,145.25
2746,55,70,2024-12-05,1,300.47
2747,276,34,2025-04-19,1,333.49
2748,181,80,2024-12-22,1,189.8
2749,342,28,2024-12-13,1,213.35
2750,448,109,2024-12-05,1,482.64
2751,269,29,2025-03-08,1,58.54
2752,192,23,2024-10-16,1,113.32
2753,394,49,2024-10-07,1,77.56
2754,11,73,2024-12-19,2,488.92
2755,442,142,2024-10-14,3,274.55
2756,459,78,2025-06-12,1,251.11
2757,492,46,2025-04-26,1,429.28
2758,313,142,2024-11-22,1,274.55
2759,167,75,2025-04-03,1,137.49
2760,31,39,2025-01-03,1,578.5
2761,402,23,2025-02-03,1,113.32
2762,1,112,2024-12-05,1,332.67
2763,406,57,2024-08-25,1,349.1
2764,187,47,2024-08-01,1,87.46
2765,318,126,2025-01-12,1,217.72
2766,120,79,2025-03-30,1,135.77
2767,40,139,2025-06-07,1,224.44
2768,228,63,2024-11-03,1,341.84
2769,453,73,2025-04-09,1,488.92
2770,474,59,2025-01-03,1,122.16
2771,399,109,2025-07-09,1,482.64
2772,121,136,2024-10-06,1,82.14
2773,461,91,2025-05-29,1,73.18
2774,225,32,2025-02-07,2,294.11
2775,200,100,2024-12-20,2,229.29
2776,484,144,2025-02-13,1,183.68
2777,318,121,2024-09-24,1,538.87
2778,167,81,2025-06-05,1,261.53
2779,106,47,2024-11-07,1,87.46
2780,82,23,2024-09-20,1,113.32
2781,332,7,2024-11-12,1,303.12
2782,362,141,2024-10-18,1,489.58
2783,114,98,2024-11-07,1,81.7
2784,134,1,2025-07-31,1,335.74
2785,79,129,2024-09-04,1,435.24
2786,240,15,2024-10-25,1,206.74
2787,232,145,2024-12-27,1,96.4
2788,154,31,2025-05-17,1,211.87
2789,294,69,2025-07-22,1,186.83
2790,195,4,2024-09-08,2,510.73
2791,140,65,2025-04-18,2,135.17
2792,474,17,2025-02-16,1,62.02
2793,353,17,2024-12-18,1,62.02
2794,375,146,2024-08-02,1,343.96
2795,142,33,2024-11-20,1,121.24
2796,398,129,2025-04-20,1,435.24
2797,31,57,2024-12-11,1,349.1
2798,449,13,2024-11-21,2,379.07
2799,290,142,2024-12-16,2,274.55
2800,295,101,2024-10-27,1,15.78
2801,490,12,2025-05-01,1,261.78
2802,64,78,2024-12-21,1,334.81
2803,215,42,2024-12-17,1,19.58
2804,461,66,2024-12-06,1,198.33
2805,98,144,2024-11-16,1,183.68
2806,422,4,2025-02-05,1,510.73
2807,330,47,2024-12-14,1,87.46
2808,194,29,2024-12-29,2,58.54
2809,114,111,2024-11-21,1,438.69
2810,239,110,2024-12-22,1,152.47
2811,454,100,2025-05-26,1,229.29
2812,71,81,2025-07-01,1,261.53
2813,215,112,2025-05-10,1,332.67
2814,386,88,2025-03-15,1,288.97
2815,65,79,2024-12-16,1,135.77
2816,90,71,2025-02-19,1,320.91
2817,354,112,2024-11-27,1,332.67
2818,80,71,2025-03-11,1,320.91
2819,109,121,2025-04-03,1,538.87
2820,155,97,2024-11-01,1,24.03
2821,155,34,2024-10-30,1,333.49
2822,203,10,2024-11-01,2,394.66
2823,367,141,2024-08-11,1,489.58
2824,11,59,2024-09-05,1,122.16
2825,224,86,2025-03-07,1,118.49
2826,253,38,2025-02-10,1,455.18
2827,121,52,2024-10-07,1,225.66
2828,177,128,2024-09-12,1,384.68
2829,206,44,2024-09-24,1,392.03
2830,338,8,2024-09-13,1,62.79
2831,467,17,2025-01-05,1,62.02
2832,111,78,2024-10-19,1,334.81
2833,135,91,2025-06-18,1,73.18
2834,456,3,2024-09-22,1,217.96
2835,61,146,2024-09-22,1,343.96
2836,137,50,2025-03-01,1,98.91
2837,432,124,2024-11-23,1,209.47
2838,257,147,2025-03-07,2,363.91
2839,122,91,2024-09-27,1,73.18
2840,290,116,2024-09-26,1,105.33
2841,258,132,2024-12-23,1,208.38
2842,191,53,2025-06-12,1,487.84
2843,98,139,2025-06-06,1,224.44
2844,381,138,2025-06-04,1,382.16
2845,489,31,2025-03-06,1,211.87
2846,429,70,2024-12-17,1,300.47
2847,328,25,2024-12-14,1,485.62
2848,498,103,2024-10-15,2,296.39
2849,175,64,2024-12-21,45,312.23
2850,215,82,2024-11-02,1,283.53
2851,131,98,2025-01-28,1,81.7
2852,114,18,2025-03-06,2,102.42
2853,44,50,2025-06-22,1,98.91
2854,458,31,2025-02-13,1,211.87
2855,492,127,2024-11-26,2,179.33
2856,360,41,2024-11-21,1,189.78
2857,175,89,2024-11-29,1,211.17
2858,149,33,2024-09-26,1,121.24
2859,494,12,2025-01-26,1,261.78
2860,118,143,2024-10-11,2,385.7
2861,389,69,2025-03-04,1,186.83
2862,458,146,2024-11-23,1,343.96
2863,107,111,2024-10-10,1,438.69
2864,7,95,2025-02-07,1,61.73
2865,436,48,2024-09-07,1,478.84
2866,272,87,2024-08-16,1,40.12
2867,8,47,2024-10-12,1,87.46
2868,334,77,2024-09-09,1,516.83
2869,294,143,2025-03-02,1,385.7
2870,442,68,2024-11-02,2,295.67
2871,241,10,2025-03-29,1,394.66
2872,463,59,2025-01-20,1,97.73
2873,297,40,2024-12-25,1,480.83
2874,464,87,2024-10-28,1,40.12
2875,242,146,2024-12-11,1,343.96
2876,463,129,2025-04-14,1,435.24
2877,175,137,2024-11-25,1,63.66
2878,288,26,2024-10-20,1,80.28
2879,423,69,2024-09-17,1,186.83
2880,294,61,2024-11-21,1,131.98
2881,92,30,2025-03-28,1,442.18
2882,52,131,2025-02-11,1,625.36
2883,44,62,2024-11-08,1,26.71
2884,288,102,2024-09-23,1,582.99
2885,443,46,2025-01-19,1,429.28
2886,70,29,2024-12-23,1,58.54
2887,429,73,2024-09-24,1,488.92
2888,176,38,2025-06-02,1,455.18
2889,463,111,2025-01-06,1,438.69
2890,193,45,2024-11-12,1,53.21
2891,109,22,2024-08-17,1,163.49
2892,239,126,2025-05-17,1,217.72
2893,80,135,2025-04-05,1,416.04
2894,490,125,2025-01-09,1,300.73
2895,272,88,2025-01-06,1,288.97
2896,219,96,2025-01-17,1,65.11
2897,101,130,2025-04-15,1,499.34
2898,1,111,2024-10-16,1,438.69
2899,168,148,2024-08-20,1,543.51
2900,280,65,2024-11-27,1,135.17
2901,492,90,2025-01-22,1,456.59
2902,222,77,2024-10-07,1,516.83
2903,15,97,2025-03-09,1,24.03
2904,416,50,2025-02-15,1,98.91
2905,64,46,2024-10-18,1,429.28
2906,280,64,2025-04-12,2,312.23
2907,216,130,2024-08-08,1,499.34
2908,373,74,2024-09-14,1,488.38
2909,159,5,2025-03-21,1,287.24
2910,322,147,2024-12-30,1,363.91
2911,427,28,2024-12-22,1,213.35
2912,55,17,2025-01-28,1,62.02
2913,383,74,2025-03-24,1,488.38
2914,499,66,2025-05-19,1,198.33
2915,63,35,2025-02-22,1,401.85
2916,181,23,2024-10-06,2,113.32
2917,140,89,2025-01-08,1,211.17
2918,332,132,2025-03-19,1,208.38
2919,256,78,2025-07-16,1,334.81
2920,388,109,2025-06-26,1,482.64
2921,167,80,2024-12-04,1,189.8
2922,83,134,2025-05-15,1,524.84
2923,279,101,2024-09-23,1,15.78
2924,248,83,2024-10-21,1,296.51
2925,492,56,2024-09-07,1,443.42
2926,321,58,2025-01-26,1,440.25
2927,386,73,2025-06-25,2,488.92
2928,302,63,2025-03-27,1,341.84
2929,55,21,2024-11-01,1,199.22
2930,39,81,2024-11-11,1,261.53
2931,479,57,2024-09-03,2,349.1
2932,96,69,2025-06-06,1,186.83
2933,420,55,2024-09-28,1,526.4
2934,494,15,2025-03-29,1,206.74
2935,256,53,2024-11-18,1,487.84
2936,140,52,2025-02-11,1,225.66
2937,496,121,2025-03-31,1,538.87
2938,279,7,2024-11-17,1,303.12
2939,124,109,2024-12-08,2,482.64
2940,13,90,2024-09-12,1,456.59
2941,420,43,2024-12-19,1,418.43
2942,84,97,2024-12-31,1,24.03
2943,281,143,2025-04-26,1,385.7
2944,288,22,2024-12-11,1,163.49
2945,420,140,2024-08-28,1,238.53
2946,144,125,2025-03-08,1,300.73
2947,24,82,2024-12-31,2,283.53
2948,152,147,2025-04-04,1,363.91
2949,61,3,2025-06-02,1,217.96
2950,134,61,2024-10-14,3,131.98
2951,217,39,2025-01-10,1,578.5
2952,252,113,2024-09-19,1,440.12
2953,51,27,2024-11-05,1,520.9
2954,295,137,2025-06-04,2,63.66
2955,475,10,2025-01-26,1,394.66
2956,452,135,2024-08-09,1,416.04
2957,481,6,2025-02-28,1,120.34
2958,388,58,2025-01-19,1,440.25
2959,99,138,2024-10-30,3,382.16
2960,51,127,2025-02-08,1,179.33
2961,263,111,2025-06-01,2,438.69
2962,159,138,2025-03-12,1,382.16
2963,46,87,2024-09-23,2,40.12
2964,266,49,2025-02-27,1,77.56
2965,113,7,2025-03-04,1,303.12
2966,458,121,2024-09-28,1,538.87
2967,394,12,2025-03-26,1,261.78
2968,107,119,2025-02-19,1,524.61
2969,265,43,2025-04-17,1,418.43
2970,286,115,2025-07-04,1,281.46
2971,73,88,2025-03-01,1,288.97
2972,348,79,2024-08-14,2,135.77
2973,395,99,2025-06-04,1,208.73
2974,126,87,2025-03-09,1,40.12
2975,396,112,2025-02-17,1,332.67
2976,4,50,2025-06-26,1,98.91
2977,86,118,2025-05-23,1,319.7
2978,215,130,2025-06-22,1,499.34
2979,330,43,2024-10-28,1,418.43
2980,111,137,2025-03-12,1,63.66
2981,330,11,2025-04-16,1,16.25
2982,471,116,2025-05-11,2,105.33
2983,45,125,2025-01-13,1,300.73
2984,486,71,2024-09-17,3,320.91
2985,452,119,2025-05-31,1,524.61
2986,72,85,2025-01-31,1,339.74
2987,217,129,2024-12-31,1,435.24
2988,488,38,2024-12-04,3,455.18
2989,190,78,2025-07-04,1,334.81
2990,498,88,2025-06-18,1,288.97
2991,364,61,2024-09-26,1,131.98
2992,66,71,2025-06-02,1,320.91
2993,50,83,2024-10-12,1,296.51
2994,215,69,2024-11-01,1,186.83
2995,219,123,2024-11-15,1,79.03
2996,483,112,2025-02-28,1,332.67
2997,478,47,2025-06-17,1,87.46
2998,362,124,2024-11-01,1,209.47
2999,482,96,2024-08-17,1,65.11
3000,97,32,2025-06-04,1,294.11
3001,398,148,2024-10-21,1,543.51
3002,106,19,2024-12-09,1,90.14
3003,159,42,2024-11-07,1,19.58
3004,431,11,2025-05-02,2,16.25
3005,155,3,2024-11-19,1,217.96
3006,7,32,2024-08-16,1,294.11
3007,8,148,2024-11-21,1,543.51
3008,259,40,2024-12-16,1,480.83
3009,394,68,2025-06-30,1,295.67
3010,162,62,2025-04-11,1,26.71
3011,402,122,2024-12-07,1,230.92
3012,215,40,2024-12-22,1,480.83
3013,414,80,2025-05-28,1,189.8
3014,369,41,2025-04-07,1,189.78
3015,119,80,2025-03-17,1,189.8
3016,268,45,2024-12-18,1,53.21
3017,491,138,2025-06-15,1,382.16
3018,70,15,2025-02-13,49,206.74
3019,52,87,2025-05-18,1,40.12
3020,360,51,2025-03-19,1,383.07
3021,105,112,2024-12-08,1,332.67
3022,222,115,2024-12-29,1,281.46
3023,27,31,2025-04-29,1,211.87
3024,198,13,2024-08-16,1,379.07
3025,431,101,2025-01-13,3,15.78
3026,425,103,2024-11-04,1,296.39
3027,78,149,2024-09-07,1,429.45
3028,96,47,2025-02-07,1,87.46
3029,190,66,2025-01-08,1,198.33
3030,319,82,2025-01-16,1,283.53
3031,491,98,2024-11-28,1,81.7
3032,437,16,2025-02-14,1,412.27
3033,166,47,2024-11-17,2,87.46
3034,24,83,2025-07-10,3,296.51
3035,49,58,2025-06-27,1,440.25
3036,44,2,2025-03-11,2,18.99
3037,142,96,2025-01-11,2,65.11
3038,279,111,2025-04-13,1,438.69
3039,40,107,2024-12-19,2,68.9
3040,362,25,2024-10-03,1,485.62
3041,171,46,2025-06-04,1,429.28
3042,126,98,2025-02-13,1,81.7
3043,362,5,2024-08-11,1,287.24
3044,481,48,2025-03-25,1,478.84
3045,384,18,2025-02-23,2,102.42
3046,30,131,2024-08-09,1,625.36
3047,348,62,2024-12-19,2,26.71
3048,20,145,2025-01-25,1,96.4
3049,471,11,2025-02-18,1,16.25
3050,37,92,2025-03-21,1,213.89
3051,227,5,2025-06-13,2,215.43
3052,9,118,2024-11-23,2,319.7
3053,449,77,2024-08-06,1,516.83
3054,200,13,2025-03-12,1,379.07
3055,357,85,2024-09-15,1,339.74
3056,498,48,2024-12-11,1,478.84
3057,394,75,2024-08-23,1,137.49
3058,305,77,2025-01-03,1,516.83
3059,175,47,2025-02-11,1,87.46
3060,104,48,2025-05-26,1,383.07
3061,175,101,2024-10-04,1,15.78
3062,386,136,2025-07-09,1,82.14
3063,164,1,2025-04-28,2,335.74
3064,331,10,2024-12-22,1,394.66
3065,218,6,2025-04-05,1,120.34
3066,223,95,2024-12-14,1,61.73
3067,426,140,2025-07-31,1,238.53
3068,143,89,2024-12-03,1,211.17
3069,104,112,2024-11-14,1,332.67
3070,437,150,2024-08-31,1,468.27
3071,95,141,2025-07-10,1,489.58
3072,101,142,2025-02-14,1,274.55
3073,210,17,2024-09-23,1,62.02
3074,212,57,2025-07-02,1,349.1
3075,49,132,2025-04-16,1,208.38
3076,470,119,2024-10-06,1,524.61
3077,234,8,2025-02-03,1,62.79
3078,60,65,2025-04-20,1,135.17
3079,362,99,2025-02-21,1,208.73
3080,442,73,2024-12-21,1,488.92
3081,392,64,2025-07-18,1,312.23
3082,102,55,2024-10-15,1,526.4
3083,257,106,2024-12-02,1,330.68
3084,343,60,2025-03-24,1,190.26
3085,179,140,2025-04-29,1,238.53
3086,458,125,2024-12-14,2,300.73
3087,177,31,2025-05-09,1,211.87
3088,219,2,2025-03-09,1,18.99
3089,173,121,2025-04-18,1,538.87
3090,330,32,2025-03-14,1,294.11
3091,340,88,2024-09-20,1,288.97
3092,299,128,2025-03-05,1,384.68
3093,444,110,2024-11-05,1,152.47
3094,321,24,2025-06-01,1,563.43
3095,145,112,2025-06-08,2,332.67
3096,482,149,2025-03-10,2,429.45
3097,307,80,2024-09-26,1,189.8
3098,160,16,2025-05-22,1,412.27
3099,190,40,2024-09-03,1,480.83
3100,22,43,2024-12-20,1,418.43
3101,117,137,2025-02-24,1,63.66
3102,172,119,2024-09-21,1,524.61
3103,265,123,2025-07-21,1,79.03
3104,466,83,2024-11-14,1,296.51
3105,242,28,2024-11-13,1,213.35
3106,316,114,2024-12-26,1,647.69
3107,106,129,2024-12-26,2,435.24
3108,258,106,2024-09-18,1,330.68
3109,58,142,2025-07-19,2,274.55
3110,163,150,2024-10-25,1,468.27
3111,485,130,2025-03-22,2,499.34
3112,87,62,2025-03-08,1,26.71
3113,333,111,2024-09-09,1,438.69
3114,147,100,2025-03-30,1,229.29
3115,111,72,2024-12-27,3,246.7
3116,9,142,2024-09-21,1,274.55
3117,180,65,2025-01-19,1,135.17
3118,267,44,2024-12-10,1,392.03
3119,203,125,2024-12-08,1,300.73
3120,262,88,2025-06-02,1,288.97
3121,470,32,2024-12-17,2,294.11
3122,405,5,2025-06-24,1,215.43
3123,51,16,2025-01-30,1,412.27
3124,150,46,2024-12-04,1,429.28
3125,56,94,2025-02-01,1,512.02
3126,55,117,2024-09-15,1,445.78
3127,343,39,2024-12-19,1,578.5
3128,410,96,2025-04-27,2,65.11
3129,446,110,2025-01-17,1,152.47
3130,176,16,2024-12-20,1,412.27
3131,214,44,2025-06-10,2,274.42
3132,467,126,2025-01-25,1,217.72
3133,55,40,2025-07-17,1,480.83
3134,204,56,2025-07-15,1,443.42
3135,264,143,2024-12-27,1,385.7
3136,75,61,2025-07-07,1,131.98
3137,366,77,2025-04-07,1,516.83
3138,452,22,2024-12-29,2,163.49
3139,180,141,2024-08-21,1,489.58
3140,362,110,2025-05-31,1,152.47
3141,264,63,2025-04-08,1,341.84
3142,430,46,2025-03-09,1,429.28
3143,334,17,2024-08-01,1,62.02
3144,441,131,2024-10-10,2,625.36
3145,450,24,2024-12-24,1,563.43
3146,194,76,2025-05-15,1,398.3
3147,264,62,2024-11-09,1,26.71
3148,164,9,2024-09-11,1,719.54
3149,317,23,2025-01-29,1,113.32
3150,266,21,2025-03-05,1,199.22
3151,106,23,2024-10-28,2,113.32
3152,120,69,2025-05-24,1,186.83
3153,477,146,2024-11-11,1,343.96
3154,24,7,2025-01-02,1,303.12
3155,342,16,2024-12-31,1,412.27
3156,52,139,2025-06-18,1,224.44
3157,129,104,2024-11-02,1,235.06
3158,461,16,2025-03-12,1,412.27
3159,117,68,2025-04-27,1,295.67
3160,1,16,2025-03-28,1,412.27
3161,425,62,2025-03-27,1,26.71
3162,246,90,2025-05-14,2,456.59
3163,159,98,2025-03-04,1,81.7
3164,417,148,2025-05-25,1,543.51
3165,209,3,2025-02-18,1,217.96
3166,182,52,2025-07-10,1,225.66
3167,199,54,2025-04-23,2,349.2
3168,167,47,2024-08-28,1,87.46
3169,362,64,2024-12-17,1,312.23
3170,107,22,2025-06-29,1,163.49
3171,326,101,2025-06-01,1,15.78
3172,293,22,2024-12-27,1,163.49
3173,83,10,2025-07-20,1,394.66
3174,27,49,2024-09-01,1,77.56
3175,62,21,2025-04-22,1,199.22
3176,60,40,2025-04-11,1,480.83
3177,17,74,2024-10-19,1,488.38
3178,23,120,2024-09-28,1,556.25
3179,154,4,2024-10-18,1,510.73
3180,210,79,2024-10-01,1,135.77
3181,446,76,2024-12-05,2,398.3
3182,467,9,2025-03-31,1,719.54
3183,41,96,2025-04-16,1,65.11
3184,38,18,2025-01-01,1,102.42
3185,467,140,2024-11-03,1,238.53
3186,89,100,2025-05-07,1,229.29
3187,329,34,2025-03-10,1,333.49
3188,268,110,2024-08-12,1,152.47
3189,268,71,2025-07-03,2,192.55
3190,170,143,2025-05-07,1,385.7
3191,342,61,2025-04-03,1,131.98
3192,342,37,2025-07-08,1,226.59
3193,134,68,2025-05-29,1,295.67
3194,472,94,2025-07-08,1,512.02
3195,215,142,2024-09-24,1,274.55
3196,468,146,2025-03-06,1,343.96
3197,432,83,2024-12-24,1,296.51
3198,129,55,2025-05-16,1,526.4
3199,62,144,2025-05-25,1,183.68
3200,156,81,2025-03-23,1,261.53
3201,317,94,2024-10-21,1,384.02
3202,398,63,2025-04-15,1,341.84
3203,448,111,2025-04-20,2,438.69
3204,430,78,2025-07-02,1,334.81
3205,264,120,2025-01-21,2,556.25
3206,54,6,2024-10-11,1,120.34
3207,173,122,2025-07-04,1,230.92
3208,105,111,2025-02-18,1,438.69
3209,370,126,2025-06-27,1,217.72
3210,277,141,2024-11-01,2,489.58
3211,184,86,2025-04-27,1,118.49
3212,362,111,2025-07-24,1,438.69
3213,406,7,2025-05-25,1,303.12
3214,291,131,2024-09-04,1,625.36
3215,127,46,2024-10-21,1,429.28
3216,156,102,2025-07-07,1,582.99
3217,30,54,2024-11-30,1,349.2
3218,84,22,2024-09-28,1,163.49
3219,280,100,2024-09-07,1,229.29
3220,378,67,2025-01-12,1,331.31
3221,342,33,2025-03-19,1,121.24
3222,362,124,2024-11-11,1,209.47
3223,23,24,2025-04-09,1,563.43
3224,360,23,2024-12-25,2,113.32
3225,354,56,2024-10-22,1,443.42
3226,46,146,2024-11-07,1,343.96
3227,267,42,2025-07-09,1,19.58
3228,236,69,2024-09-06,1,186.83
3229,481,99,2025-06-25,1,208.73
3230,346,123,2024-11-06,1,79.03
3231,49,19,2025-04-14,1,90.14
3232,15,17,2025-03-13,1,62.02
3233,106,35,2025-05-19,1,401.85
3234,77,1,2025-04-22,1,335.74
3235,391,134,2024-09-30,2,524.84
3236,395,21,2025-01-17,1,199.22
3237,378,8,2024-12-27,1,62.79
3238,74,67,2024-12-07,2,331.31
3239,83,1,2025-01-31,1,335.74
3240,187,92,2024-09-08,1,213.89
3241,351,33,2024-12-02,1,121.24
3242,75,28,2025-06-09,1,213.35
3243,307,80,2024-12-13,1,189.8
3244,119,103,2024-12-12,1,296.39
3245,176,16,2024-08-31,1,412.27
3246,452,25,2024-09-01,1,485.62
3247,193,112,2024-12-17,2,332.67
3248,114,68,2024-09-23,1,295.67
3249,70,146,2025-04-17,1,343.96
3250,301,35,2025-01-27,1,401.85
3251,331,61,2024-11-25,1,131.98
3252,472,140,2024-08-29,1,238.53
3253,342,86,2024-11-09,1,118.49
3254,33,35,2025-05-09,1,401.85
3255,444,131,2025-03-13,1,625.36
3256,65,113,2025-02-05,1,440.12
3257,390,67,2025-01-23,1,331.31
3258,142,29,2024-08-30,1,58.54
3259,342,117,2024-11-25,1,524.45
3260,100,10,2024-12-06,1,394.66
3261,250,113,2024-09-09,1,440.12
3262,482,103,2025-03-13,2,296.39
3263,176,97,2024-08-23,3,24.03
3264,463,136,2024-12-04,1,82.14
3265,328,54,2024-10-06,1,349.2
3266,149,14,2025-07-03,1,348.48
3267,360,108,2024-12-07,1,182.24
3268,468,48,2024-11-14,1,478.84
3269,105,12,2024-11-21,1,261.78
3270,474,37,2025-05-10,1,226.59
3271,437,90,2025-07-01,1,456.59
3272,238,142,2024-12-15,1,274.55
3273,298,53,2025-05-05,1,487.84
3274,217,136,2025-06-15,1,82.14
3275,172,45,2024-09-10,1,53.21
3276,87,68,2025-04-24,2,295.67
3277,194,121,2025-05-11,3,538.87
3278,232,39,2024-10-12,1,578.5
3279,483,59,2024-11-29,1,122.16
3280,258,36,2024-09-28,1,91.26
3281,94,19,2024-08-18,1,90.14
3282,152,66,2025-05-29,1,198.33
3283,86,146,2024-09-13,1,343.96
3284,274,127,2025-06-09,1,179.33
3285,279,11,2025-02-13,1,16.25
3286,133,89,2024-11-23,2,211.17
3287,280,45,2024-11-03,1,53.21
3288,267,68,2025-04-30,1,295.67
3289,202,29,2025-01-04,1,58.54
3290,200,73,2024-12-13,3,488.92
3291,101,89,2025-05-30,1,211.17
3292,461,116,2025-06-15,2,105.33
3293,33,53,2025-05-11,1,487.84
3294,113,138,2025-07-14,1,382.16
3295,129,26,2025-05-01,1,80.28
3296,321,79,2025-04-23,2,135.77
3297,225,140,2024-11-30,1,238.53
3298,81,16,2024-08-08,1,412.27
3299,454,35,2025-05-05,1,401.85
3300,275,20,2025-05-20,1,636.49
3301,54,122,2025-06-12,2,230.92
3302,496,70,2024-12-16,1,300.47
3303,12,6,2025-06-08,1,120.34
3304,485,14,2024-10-31,1,348.48
3305,38,121,2025-03-27,1,538.87
3306,410,16,2025-01-31,1,412.27
3307,291,77,2025-05-12,1,516.83
3308,322,98,2024-09-10,1,81.7
3309,186,137,2025-06-09,1,63.66
3310,65,5,2024-09-02,1,287.24
3311,288,138,2024-12-11,2,382.16
3312,167,14,2024-12-20,1,348.48
3313,125,19,2025-04-11,1,90.14
3314,199,79,2025-06-19,2,135.77
3315,124,17,2024-11-28,1,62.02
3316,328,10,2024-08-20,1,394.66
3317,307,107,2025-05-24,1,68.9
3318,266,46,2024-12-11,1,429.28
3319,353,62,2025-01-27,1,26.71
3320,494,1,2025-04-17,1,335.74
3321,198,65,2025-04-19,1,135.17
3322,170,36,2024-11-13,2,91.26
3323,117,111,2025-06-25,1,438.69
3324,362,144,2024-12-23,1,183.68
3325,498,148,2025-02-01,1,543.51
3326,300,48,2024-12-29,1,478.84
3327,175,144,2024-10-22,1,183.68
3328,264,106,2024-12-27,1,330.68
3329,432,89,2025-05-30,1,211.17
3330,387,25,2025-06-08,1,485.62
3331,341,10,2024-11-19,1,394.66
3332,454,18,2025-05-26,3,102.42
3333,15,102,2024-10-16,1,582.99
3334,494,25,2025-06-29,2,485.62
3335,292,73,2024-11-23,1,488.92
3336,170,137,2025-06-07,1,63.66
3337,146,93,2025-01-10,1,575.84
3338,360,38,2025-05-22,1,455.18
3339,83,142,2024-12-03,3,274.55
3340,17,42,2025-02-02,1,19.58
3341,313,42,2025-02-26,1,19.58
3342,325,96,2024-11-26,2,65.11
3343,262,108,2025-03-03,2,182.24
3344,199,110,2024-12-04,1,152.47
3345,230,36,2025-07-07,1,91.26
3346,46,3,2024-12-12,1,217.96
3347,442,70,2025-01-22,1,300.47
3348,397,104,2024-09-11,1,235.06
3349,315,48,2025-05-22,1,383.07
3350,431,144,2025-03-21,1,183.68
3351,435,67,2024-10-01,1,331.31
3352,352,28,2025-03-09,2,213.35
3353,362,9,2024-10-07,2,719.54
3354,331,91,2025-03-05,1,73.18
3355,23,149,2024-12-02,1,365.03
3356,425,53,2024-09-30,1,487.84
3357,274,13,2025-06-12,1,379.07
3358,200,105,2024-08-24,1,205.64
3359,346,67,2025-03-12,1,331.31
3360,436,74,2024-11-02,1,488.38
3361,123,135,2025-04-18,2,416.04
3362,101,27,2025-03-21,1,520.9
3363,62,21,2025-03-13,1,199.22
3364,16,83,2025-05-29,1,296.51
3365,27,6,2024-09-19,1,120.34
3366,181,146,2025-04-10,1,343.96
3367,316,30,2025-05-16,1,442.18
3368,471,59,2025-03-07,1,122.16
3369,39,48,2025-02-13,1,478.84
3370,25,77,2024-11-16,1,516.83
3371,219,16,2024-12-21,1,412.27
3372,24,80,2025-06-12,42,189.8
3373,442,84,2025-01-25,1,338.34
3374,23,98,2024-09-30,1,81.7
3375,166,74,2025-04-07,1,488.38
3376,110,10,2024-10-26,1,394.66
3377,288,97,2024-12-11,1,24.03
3378,230,72,2025-07-08,1,246.7
3379,344,4,2024-09-19,1,510.73
3380,392,104,2025-05-04,1,235.06
3381,159,47,2024-11-08,1,87.46
3382,492,95,2024-12-23,1,61.73
3383,377,119,2025-05-20,1,524.61
3384,280,122,2025-03-21,1,230.92
3385,39,113,2024-10-01,1,440.12
3386,374,92,2025-03-10,1,213.89
3387,342,12,2024-12-21,1,261.78
3388,114,119,2024-11-22,1,393.46
3389,365,106,2025-01-15,1,330.68
3390,172,63,2025-01-19,2,341.84
3391,266,13,2025-01-10,1,379.07
3392,274,62,2025-06-17,1,26.71
3393,416,95,2024-12-04,1,61.73
3394,311,63,2024-11-21,2,341.84
3395,125,147,2024-12-14,1,363.91
3396,452,113,2025-04-12,1,440.12
3397,391,49,2024-11-10,1,77.56
3398,400,118,2024-11-18,1,319.7
3399,395,9,2024-09-04,1,719.54
3400,350,8,2025-06-09,1,62.79
3401,420,125,2024-10-31,1,300.73
3402,5,67,2025-07-19,1,331.31
3403,461,145,2024-11-29,1,81.94
3404,409,63,2024-11-01,1,341.84
3405,498,70,2024-11-27,1,300.47
3406,331,20,2025-06-19,1,636.49
3407,143,36,2024-12-30,1,91.26
3408,467,120,2024-12-26,1,556.25
3409,208,110,2025-03-17,1,137.22
3410,380,35,2024-10-30,1,401.85
3411,478,22,2025-07-27,1,163.49
3412,17,70,2025-07-18,1,300.47
3413,391,65,2024-12-27,1,135.17
3414,227,17,2025-02-26,2,62.02
3415,467,44,2025-01-13,1,392.03
3416,163,7,2025-01-10,1,303.12
3417,144,46,2025-03-15,1,429.28
3418,105,91,2024-12-12,1,73.18
3419,373,111,2024-12-16,2,438.69
3420,219,13,2024-11-21,1,379.07
3421,288,8,2024-08-24,1,62.79
3422,30,124,2025-02-26,1,209.47
3423,477,89,2024-10-25,2,211.17
3424,498,97,2025-06-17,1,24.03
3425,199,145,2024-10-06,1,96.4
3426,304,130,2025-05-11,1,499.34
3427,360,130,2024-11-26,1,499.34
3428,64,89,2025-01-17,1,211.17
3429,382,2,2024-08-07,1,18.99
3430,413,19,2025-04-27,1,90.14
3431,412,114,2024-08-22,1,647.69
3432,398,95,2025-01-02,1,61.73
3433,230,149,2024-12-05,1,365.03
3434,333,102,2024-12-17,1,582.99
3435,448,49,2024-09-09,1,77.56
3436,222,57,2025-03-01,1,349.1
3437,436,112,2024-10-17,1,332.67
3438,304,109,2024-11-08,1,482.64
3439,242,45,2024-08-12,1,53.21
3440,225,37,2025-03-23,1,226.59
3441,107,95,2024-12-14,1,61.73
3442,282,102,2025-05-23,1,582.99
3443,202,28,2024-12-28,1,213.35
3444,457,18,2025-05-15,1,102.42
3445,266,115,2024-12-24,1,281.46
3446,424,53,2025-05-01,1,487.84
3447,20,133,2025-02-12,1,145.25
3448,431,43,2024-09-25,1,418.43
3449,135,133,2025-03-17,2,145.25
3450,414,129,2025-05-16,1,435.24
3451,161,3,2025-01-07,1,217.96
3452,362,116,2024-11-15,1,105.33
3453,268,66,2024-09-12,1,198.33
3454,224,51,2024-12-08,1,383.07
3455,202,81,2024-08-19,1,261.53
3456,190,39,2024-08-03,1,578.5
3457,293,66,2024-11-16,2,198.33
3458,4,83,2024-11-29,1,296.51
3459,91,70,2025-02-09,1,300.47
3460,402,59,2024-08-07,1,122.16
3461,156,35,2024-10-02,1,401.85
3462,398,34,2024-09-28,1,333.49
3463,46,11,2025-03-06,1,16.25
3464,301,18,2025-04-07,1,102.42
3465,312,21,2025-05-08,1,199.22
3466,61,58,2024-08-05,1,440.25
3467,114,3,2025-07-13,1,217.96
3468,481,86,2024-10-24,1,118.49
3469,272,73,2024-12-07,1,488.92
3470,405,132,2024-10-09,1,208.38
3471,451,61,2025-03-31,1,131.98
3472,97,43,2025-03-02,1,418.43
3473,39,127,2025-03-29,1,179.33
3474,468,105,2024-08-03,1,205.64
3475,386,3,2024-11-05,1,217.96
3476,117,26,2024-09-18,1,80.28
3477,183,55,2025-01-17,1,526.4
3478,245,79,2025-06-16,1,135.77
3479,24,64,2024-10-20,1,312.23
3480,215,62,2024-11-24,1,26.71
3481,266,111,2024-12-19,1,438.69
3482,227,27,2025-01-04,1,520.9
3483,35,79,2025-05-15,1,135.77
3484,223,100,2025-07-04,1,229.29
3485,339,19,2025-05-31,2,90.14
3486,431,11,2024-11-19,1,16.25
3487,12,54,2024-12-13,1,349.2
3488,452,145,2025-02-13,1,96.4
3489,71,7,2025-03-31,1,303.12
3490,332,133,2024-11-19,1,145.25
3491,135,55,2025-06-11,1,526.4
3492,29,127,2024-10-24,2,179.33
3493,177,131,2024-08-01,2,625.36
3494,324,150,2024-08-27,2,468.27
3495,250,138,2025-03-14,1,382.16
3496,199,96,2025-03-30,1,65.11
3497,135,80,2024-12-02,1,189.8
3498,487,8,2024-12-21,1,62.79
3499,155,123,2024-12-07,1,79.03
3500,118,136,2025-06-30,1,82.14
3501,450,115,2024-11-18,1,281.46
3502,327,145,2024-11-06,1,96.4
3503,286,62,2024-08-06,1,26.71
3504,21,119,2025-01-16,1,524.61
3505,424,25,2025-06-07,1,485.62
3506,291,18,2025-06-28,1,102.42
3507,338,140,2025-04-03,1,238.53
3508,345,18,2024-12-19,1,102.42
3509,463,78,2025-06-20,1,251.11
3510,328,54,2024-10-28,1,349.2
3511,420,54,2024-09-23,1,349.2
3512,388,109,2024-10-07,1,482.64
3513,443,65,2024-10-01,1,135.17
3514,348,67,2025-01-08,1,331.31
3515,460,125,2025-05-06,1,300.73
3516,385,148,2024-11-08,1,543.51
3517,224,44,2024-08-09,1,392.03
3518,27,131,2024-09-03,1,625.36
3519,394,49,2025-04-14,1,77.56
3520,275,130,2024-12-15,1,499.34
3521,135,31,2025-03-16,1,211.87
3522,158,37,2025-06-08,1,226.59
3523,375,83,2025-04-16,2,296.51
3524,198,108,2024-08-02,1,182.24
3525,140,84,2025-05-15,1,338.34
3526,493,114,2025-01-22,2,647.69
3527,449,6,2025-07-23,2,120.34
3528,448,140,2025-03-26,1,238.53
3529,428,12,2024-09-16,2,261.78
3530,95,26,2024-09-14,1,80.28
3531,316,84,2024-08-06,1,338.34
3532,242,124,2024-12-05,1,209.47
3533,155,14,2024-11-06,1,348.48
3534,347,63,2024-10-07,1,341.84
3535,471,103,2024-10-31,1,296.39
3536,294,133,2025-05-17,1,145.25
3537,199,114,2024-11-24,1,647.69
3538,260,73,2024-12-18,1,488.92
3539,498,18,2024-12-11,1,102.42
3540,118,58,2024-12-14,1,440.25
3541,33,71,2025-04-25,1,320.91
3542,133,4,2024-10-27,1,510.73
3543,23,102,2025-05-27,1,582.99
3544,21,23,2024-12-26,1,113.32
3545,424,65,2024-12-16,1,135.17
3546,24,100,2024-11-16,1,229.29
3547,272,29,2025-03-28,2,58.54
3548,85,10,2024-09-29,1,394.66
3549,362,96,2025-06-20,1,65.11
3550,240,90,2024-10-11,1,456.59
3551,202,65,2025-01-13,2,135.17
3552,191,105,2024-08-18,1,205.64
3553,377,16,2024-08-05,1,412.27
3554,59,54,2025-04-01,1,349.2
3555,269,114,2025-01-04,1,647.69
3556,472,110,2025-05-07,1,152.47
3557,98,140,2025-06-12,1,238.53
3558,167,121,2024-12-03,2,538.87
3559,46,40,2025-01-01,1,480.83
3560,264,130,2024-11-28,1,499.34
3561,144,149,2025-04-17,1,429.45
3562,392,124,2025-05-23,1,209.47
3563,298,98,2024-08-15,1,81.7
3564,194,108,2025-04-26,1,182.24
3565,438,134,2025-03-23,1,524.84
3566,38,32,2025-03-24,1,294.11
3567,180,61,2024-10-15,1,131.98
3568,172,7,2024-10-28,1,303.12
3569,379,142,2024-09-11,1,274.55
3570,41,85,2024-11-13,2,339.74
3571,287,23,2024-12-04,1,113.32
3572,362,71,2025-02-08,2,320.91
3573,4,55,2024-10-21,1,526.4
3574,369,101,2024-09-19,2,15.78
3575,118,66,2024-10-08,1,198.33
3576,407,94,2025-05-01,1,512.02
3577,175,119,2025-05-28,3,524.61
3578,111,96,2025-06-08,1,65.11
3579,429,14,2024-11-29,3,348.48
3580,490,66,2025-06-27,1,198.33
3581,58,56,2025-04-13,1,443.42
3582,330,118,2024-11-17,1,319.7
3583,92,112,2024-09-17,2,332.67
3584,224,39,2025-07-01,1,578.5
3585,448,48,2024-10-17,1,478.84
3586,192,135,2025-04-04,1,416.04
3587,165,34,2025-03-04,1,333.49
3588,280,142,2024-09-24,1,274.55
3589,24,143,2024-09-12,2,385.7
3590,83,148,2024-08-07,1,543.51
3591,375,38,2024-10-05,1,455.18
3592,460,104,2024-08-28,1,235.06
3593,389,125,2024-12-11,1,300.73
3594,500,50,2024-09-10,1,98.91
3595,186,33,2024-11-10,1,121.24
3596,490,61,2025-03-21,1,131.98
3597,316,98,2025-03-26,1,81.7
3598,50,115,2025-03-24,1,281.46
3599,287,48,2024-12-08,2,478.84
3600,449,128,2025-07-12,1,384.68
3601,43,107,2024-10-31,2,68.9
3602,186,140,2025-03-02,1,238.53
3603,131,33,2025-01-14,3,121.24
3604,156,29,2024-12-06,1,58.54
3605,360,124,2025-05-01,1,209.47
3606,295,11,2024-08-21,1,16.25
3607,357,109,2025-02-07,1,482.64
3608,83,131,2024-09-21,2,625.36
3609,326,30,2024-09-10,1,442.18
3610,12,29,2025-03-05,1,58.54
3611,215,110,2024-12-10,1,152.47
3612,28,136,2024-11-07,1,82.14
3613,279,36,2024-12-03,1,91.26
3614,225,62,2025-03-31,2,26.71
3615,176,87,2025-03-12,1,40.12
3616,489,57,2024-12-20,1,349.1
3617,126,20,2024-11-01,1,636.49
3618,363,90,2024-12-18,1,456.59
3619,381,113,2024-11-15,2,440.12
3620,33,110,2024-12-19,1,152.47
3621,346,74,2025-06-22,2,488.38
3622,60,109,2024-11-22,1,482.64
3623,177,58,2025-07-30,1,440.25
3624,70,64,2025-05-05,2,312.23
3625,87,11,2025-05-13,2,16.25
3626,494,147,2025-01-22,1,363.91
3627,468,12,2025-03-16,1,261.78
3628,217,51,2025-04-13,1,383.07
3629,215,106,2025-07-24,1,330.68
3630,266,96,2025-02-16,1,65.11
3631,10,139,2025-06-20,1,224.44
3632,229,58,2025-01-24,1,440.25
3633,265,21,2025-04-29,1,199.22
3634,437,13,2024-12-28,3,379.07
3635,154,112,2024-08-16,1,332.67
3636,281,73,2025-05-27,1,488.92
3637,224,122,2024-12-24,1,230.92
3638,153,52,2024-10-07,1,225.66
3639,166,8,2024-10-03,1,62.79
3640,429,42,2024-11-20,1,19.58
3641,27,91,2024-12-21,1,73.18
3642,362,115,2025-04-30,1,281.46
3643,266,75,2025-03-26,1,137.49
3644,390,125,2025-03-19,2,300.73
3645,146,72,2024-10-30,2,246.7
3646,74,90,2025-07-02,1,456.59
3647,143,35,2024-09-20,1,401.85
3648,176,85,2025-03-03,1,339.74
3649,132,96,2025-06-22,1,65.11
3650,24,87,2024-11-23,1,40.12
3651,362,87,2025-06-14,1,40.12
3652,310,113,2024-10-25,1,440.12
3653,252,86,2025-02-06,1,118.49
3654,484,26,2024-10-22,1,80.28
3655,424,2,2024-12-01,2,18.99
3656,304,38,2025-01-13,1,455.18
3657,362,52,2024-11-14,1,225.66
3658,360,36,2025-03-24,1,91.26
3659,373,74,2025-06-05,2,488.38
3660,35,97,2024-12-02,1,24.03
3661,267,150,2024-10-21,1,468.27
3662,342,45,2024-09-05,1,53.21
3663,176,149,2024-12-12,1,429.45
3664,126,145,2025-05-03,1,96.4
3665,11,101,2025-03-13,1,15.78
3666,15,23,2024-08-31,1,113.32
3667,468,17,2025-03-14,1,62.02
3668,207,35,2024-10-03,2,401.85
3669,290,104,2024-12-13,2,235.06
3670,425,34,2025-02-04,1,333.49
3671,469,13,2025-01-21,1,379.07
3672,377,122,2024-12-03,1,230.92
3673,262,109,2024-11-16,1,482.64
3674,461,69,2024-09-07,1,186.83
3675,319,118,2024-12-04,3,319.7
3676,313,75,2025-01-23,1,137.49
3677,168,58,2025-03-16,1,440.25
3678,394,140,2025-05-18,1,238.53
3679,170,106,2024-10-15,1,330.68
3680,337,9,2024-08-14,1,719.54
3681,208,114,2024-12-28,1,647.69
3682,1,41,2024-10-21,1,189.78
3683,293,58,2025-01-04,1,440.25
3684,189,101,2025-07-22,1,15.78
3685,442,64,2025-06-08,1,312.23
3686,131,62,2025-02-13,1,26.71
3687,168,26,2024-11-25,1,80.28
3688,130,115,2024-11-17,2,281.46
3689,408,123,2024-10-15,2,79.03
3690,394,23,2024-12-11,1,113.32
3691,219,110,2025-04-22,1,152.47
3692,18,129,2025-04-26,2,435.24
3693,53,150,2024-09-03,1,468.27
3694,453,53,2025-01-06,1,487.84
3695,95,65,2024-10-16,1,135.17
3696,202,62,2025-01-30,3,26.71
3697,225,52,2024-11-12,1,225.66
3698,10,65,2025-04-17,1,135.17
3699,386,76,2025-04-25,1,398.3
3700,498,71,2024-12-10,1,320.91
3701,51,102,2024-11-02,1,582.99
3702,141,12,2024-11-25,1,261.78
3703,383,130,2025-03-22,1,499.34
3704,448,80,2025-06-08,1,189.8
3705,33,84,2024-12-21,1,338.34
3706,206,61,2024-11-06,1,131.98
3707,110,11,2024-10-07,1,16.25
3708,260,141,2024-09-01,1,489.58
3709,61,142,2024-12-03,1,274.55
3710,258,66,2025-05-25,1,198.33
3711,132,73,2024-09-20,1,488.92
3712,293,42,2024-08-27,1,19.58
3713,309,33,2025-06-21,1,121.24
3714,61,94,2025-04-02,2,512.02
3715,27,64,2024-09-12,1,312.23
3716,408,60,2024-09-21,1,190.26
3717,445,77,2024-11-19,1,516.83
3718,240,38,2025-05-25,1,455.18
3719,133,11,2024-11-08,1,16.25
3720,244,38,2024-12-07,2,455.18
3721,305,143,2025-06-04,1,385.7
3722,140,150,2025-06-20,1,468.27
3723,346,97,2025-04-17,1,24.03
3724,219,57,2024-12-24,1,349.1
3725,362,9,2025-01-01,1,719.54
3726,293,150,2025-04-30,1,468.27
3727,346,116,2024-12-19,1,105.33
3728,242,90,2025-04-15,1,456.59
3729,50,143,2025-03-14,1,385.7
3730,439,140,2024-11-02,1,238.53
3731,423,130,2025-04-18,1,499.34
3732,242,69,2024-10-23,1,186.83
3733,500,98,2025-03-15,1,81.7
3734,148,30,2024-11-02,1,442.18
3735,27,3,2024-11-18,1,217.96
3736,191,108,2025-01-04,1,182.24
3737,38,101,2025-04-29,1,15.78
3738,258,48,2025-07-17,1,478.84
3739,176,94,2025-06-09,1,512.02
3740,96,68,2025-07-11,1,295.67
3741,289,134,2024-10-20,1,524.84
3742,402,139,2024-10-20,1,224.44
3743,1,26,2024-10-20,1,80.28
3744,490,100,2024-12-16,1,229.29
3745,114,23,2024-12-13,1,113.32
3746,93,137,2025-01-03,1,63.66
3747,290,29,2025-01-04,1,58.54
3748,342,72,2025-01-09,1,246.7
3749,452,18,2025-03-02,1,102.42
3750,411,117,2025-02-23,1,524.45
3751,128,84,2025-02-26,1,338.34
3752,468,65,2024-12-19,1,135.17
3753,60,118,2025-07-27,1,319.7
3754,315,128,2024-12-29,2,384.68
3755,269,136,2024-08-13,1,82.14
3756,219,13,2025-02-12,1,379.07
3757,400,43,2024-11-19,1,418.43
3758,202,59,2024-09-24,1,122.16
3759,217,134,2024-10-22,2,524.84
3760,467,58,2025-05-31,1,440.25
3761,318,120,2024-12-22,1,556.25
3762,430,44,2025-05-28,2,274.42
3763,227,79,2024-09-21,1,135.77
3764,20,42,2025-01-23,1,19.58
3765,269,30,2025-02-06,1,442.18
3766,259,42,2024-12-24,1,19.58
3767,239,41,2024-09-07,1,189.78
3768,60,135,2024-10-17,2,416.04
3769,175,136,2025-05-21,1,82.14
3770,3,150,2024-09-15,1,468.27
3771,445,96,2025-07-05,1,65.11
3772,221,1,2025-07-20,2,335.74
3773,258,22,2024-11-18,3,163.49
3774,160,38,2025-03-28,2,455.18
3775,92,41,2025-02-02,1,189.78
3776,498,110,2024-12-11,1,152.47
3777,93,123,2024-08-12,1,79.03
3778,427,39,2025-06-25,1,578.5
3779,422,27,2025-04-20,1,520.9
3780,27,81,2025-05-17,1,196.15
3781,483,36,2025-04-09,1,91.26
3782,217,16,2025-04-30,39,412.27
3783,193,147,2024-11-06,1,363.91
3784,157,23,2024-12-20,1,113.32
3785,111,150,2024-09-07,2,468.27
3786,115,59,2025-05-22,1,122.16
3787,114,92,2025-02-16,1,213.89
3788,257,88,2024-11-24,1,288.97
3789,123,36,2024-10-17,1,91.26
3790,180,80,2024-11-23,1,189.8
3791,169,139,2025-05-23,2,224.44
3792,290,45,2024-10-15,1,53.21
3793,83,40,2024-11-01,1,480.83
3794,76,120,2025-05-04,1,556.25
3795,283,57,2024-09-05,1,349.1
3796,184,10,2025-07-03,1,394.66
3797,199,36,2025-01-03,1,91.26
3798,77,4,2024-12-17,1,510.73
3799,424,89,2024-11-20,2,211.17
3800,95,150,2024-08-14,1,468.27
3801,242,44,2025-03-14,1,392.03
3802,99,125,2025-02-09,1,300.73
3803,23,95,2024-11-15,1,61.73
3804,242,21,2025-03-17,2,199.22
3805,248,10,2024-11-10,1,394.66
3806,222,63,2024-10-03,1,341.84
3807,79,51,2024-10-29,1,383.07
3808,121,34,2024-10-02,1,333.49
3809,460,143,2024-11-16,1,385.7
3810,293,17,2025-01-10,1,62.02
3811,398,123,2025-04-17,1,79.03
3812,241,98,2024-12-09,1,81.7
3813,96,68,2025-03-22,1,295.67
3814,46,18,2024-09-21,1,102.42
3815,199,61,2025-06-30,1,131.98
3816,288,81,2025-07-26,1,261.53
3817,167,106,2025-03-30,1,330.68
3818,176,91,2024-12-19,1,73.18
3819,346,66,2025-01-13,2,198.33
3820,156,125,2024-12-06,2,300.73
3821,33,105,2024-08-05,1,205.64
3822,111,19,2024-10-19,1,90.14
3823,467,138,2024-11-16,1,382.16
3824,232,15,2025-07-05,1,206.74
3825,239,99,2025-06-13,2,208.73
3826,222,70,2024-10-20,1,300.47
3827,351,75,2025-07-09,1,137.49
3828,190,63,2025-01-04,1,341.84
3829,467,93,2024-12-14,1,575.84
3830,23,25,2025-01-17,1,485.62
3831,244,137,2025-03-29,1,63.66
3832,31,109,2024-10-26,1,482.64
3833,441,133,2024-11-23,1,145.25
3834,395,42,2024-09-03,1,19.58
3835,264,2,2025-04-01,3,18.99
3836,108,47,2025-05-02,1,87.46
3837,430,12,2024-08-01,2,261.78
3838,449,43,2024-12-10,1,418.43
3839,346,23,2024-09-19,1,113.32
3840,492,109,2025-05-20,1,482.64
3841,230,17,2024-11-21,1,62.02
3842,386,77,2024-10-13,1,516.83
3843,388,19,2025-02-23,2,90.14
3844,455,138,2025-06-11,2,382.16
3845,496,126,2024-11-24,1,217.72
3846,206,110,2025-07-04,1,152.47
3847,195,23,2024-12-15,1,113.32
3848,101,146,2024-10-07,1,343.96
3849,293,31,2024-08-08,1,211.87
3850,271,81,2024-11-30,2,261.53
3851,291,48,2025-01-13,2,478.84
3852,360,30,2025-04-04,1,442.18
3853,77,39,2025-01-24,1,578.5
3854,165,118,2025-05-23,1,319.7
3855,355,81,2024-11-18,1,261.53
3856,238,137,2024-12-13,2,63.66
3857,217,97,2025-01-20,1,24.03
3858,274,116,2024-11-04,1,105.33
3859,461,140,2025-04-23,1,238.53
3860,9,17,2025-02-04,1,62.02
3861,245,49,2024-10-04,1,77.56
3862,259,126,2024-10-01,2,217.72
3863,215,48,2024-12-30,1,478.84
3864,23,52,2025-01-25,1,225.66
3865,461,62,2025-04-16,1,26.71
3866,448,41,2025-04-19,1,189.78
3867,294,101,2025-07-15,1,15.78
3868,165,117,2024-08-09,2,524.45
3869,425,28,2024-10-17,1,213.35
3870,45,141,2025-04-30,1,489.58
3871,336,81,2024-11-26,2,261.53
3872,12,48,2025-04-29,2,478.84
3873,360,14,2024-10-21,2,348.48
3874,61,145,2025-06-13,1,96.4
3875,155,103,2024-10-17,1,296.39
3876,450,18,2025-06-09,1,102.42
3877,319,91,2024-11-12,1,73.18
3878,27,85,2025-02-22,1,339.74
3879,342,112,2025-04-01,1,332.67
3880,414,84,2025-01-01,1,338.34
3881,86,143,2024-12-07,1,385.7
3882,137,140,2025-07-09,3,238.53
3883,389,49,2024-09-04,1,77.56
3884,214,66,2025-02-27,1,198.33
3885,448,71,2024-12-03,1,320.91
3886,305,76,2024-12-06,2,398.3
3887,314,17,2024-09-06,1,62.02
3888,336,98,2024-12-20,1,81.7
3889,472,28,2025-02-22,1,213.35
3890,189,139,2024-10-17,1,224.44
3891,181,89,2025-01-15,1,211.17
3892,227,127,2024-09-30,1,179.33
3893,424,76,2025-04-26,1,398.3
3894,460,96,2024-11-27,1,65.11
3895,237,82,2024-12-31,2,283.53
3896,391,139,2025-03-21,1,224.44
3897,336,87,2024-12-09,1,40.12
3898,369,138,2025-03-27,1,382.16
3899,347,26,2024-11-24,31,80.28
3900,37,131,2025-02-02,1,625.36
3901,93,36,2025-03-04,1,91.26
3902,230,124,2024-12-22,1,209.47
3903,107,130,2024-12-20,2,499.34
3904,251,150,2025-06-24,1,468.27
3905,188,115,2024-12-07,1,281.46
3906,424,78,2024-09-12,1,334.81
3907,178,71,2025-04-06,2,320.91
3908,362,140,2025-04-11,2,238.53
3909,227,35,2025-06-05,1,401.85
3910,453,133,2025-05-22,1,145.25
3911,391,103,2024-12-01,1,296.39
3912,119,60,2025-06-06,1,190.26
3913,127,32,2024-08-14,1,294.11
3914,492,3,2024-11-01,1,217.96
3915,353,88,2025-01-16,1,288.97
3916,24,77,2024-12-08,1,516.83
3917,177,139,2024-12-06,1,224.44
3918,403,80,2024-08-25,1,189.8
3919,114,80,2024-12-13,1,189.8
3920,6,102,2024-10-22,1,582.99
3921,453,45,2024-09-15,1,53.21
3922,227,114,2025-06-12,1,647.69
3923,49,96,2024-11-25,1,65.11
3924,264,143,2025-01-04,1,385.7
3925,264,6,2025-06-24,2,120.34
3926,220,140,2025-02-12,2,238.53
3927,217,34,2024-10-26,2,333.49
3928,362,78,2024-09-27,1,334.81
3929,304,4,2024-12-30,1,510.73
3930,317,79,2025-05-03,1,135.77
3931,50,120,2024-11-10,2,556.25
3932,194,17,2024-12-13,1,62.02
3933,106,70,2025-02-20,1,300.47
3934,167,5,2025-02-14,1,287.24
3935,170,122,2024-12-29,1,230.92
3936,161,28,2024-09-12,1,213.35
3937,233,86,2024-11-24,1,118.49
3938,267,134,2024-08-21,2,524.84
3939,293,69,2024-12-19,1,186.83
3940,115,117,2024-11-23,1,524.45
3941,352,109,2024-11-21,1,482.64
3942,463,108,2024-11-24,1,182.24
3943,89,30,2024-11-19,1,442.18
3944,23,96,2024-12-30,1,65.11
3945,283,141,2025-05-18,2,489.58
3946,364,126,2024-11-04,1,217.72
3947,293,121,2025-05-25,1,538.87
3948,468,11,2024-12-13,2,16.25
3949,128,54,2024-11-29,2,349.2
3950,180,84,2025-01-30,1,338.34
3951,424,93,2025-07-21,1,575.84
3952,77,37,2025-07-26,2,226.59
3953,223,42,2025-05-02,1,19.58
3954,461,84,2025-06-06,1,338.34
3955,406,46,2024-11-23,1,429.28
3956,424,121,2024-10-27,1,538.87
3957,346,92,2024-10-15,1,213.89
3958,261,121,2025-01-29,2,538.87
3959,382,29,2024-12-20,1,58.54
3960,318,124,2025-04-09,1,209.47
3961,437,92,2024-11-19,1,213.89
3962,44,60,2025-07-12,1,190.26
3963,24,144,2024-11-28,1,183.68
3964,180,51,2025-04-29,1,383.07
3965,183,73,2024-12-06,1,488.92
3966,135,94,2025-01-17,1,512.02
3967,267,35,2025-02-25,1,401.85
3968,384,134,2025-03-31,3,524.84
3969,95,102,2025-01-23,1,582.99
3970,81,75,2025-01-07,1,137.49
3971,281,80,2024-12-08,1,189.8
3972,118,103,2024-11-03,1,296.39
3973,500,84,2024-11-11,1,338.34
3974,354,21,2025-01-21,1,199.22
3975,355,38,2024-09-18,1,455.18
3976,320,80,2024-09-18,33,189.8
3977,158,131,2025-04-28,1,625.36
3978,190,102,2025-01-15,2,582.99
3979,286,20,2024-11-05,3,636.49
3980,305,91,2025-04-13,1,73.18
3981,429,79,2024-10-19,1,135.77
3982,101,17,2025-05-21,1,62.02
3983,319,147,2024-10-30,2,363.91
3984,316,88,2025-03-16,2,288.97
3985,340,96,2024-09-25,1,65.11
3986,394,71,2024-11-01,1,320.91
3987,128,134,2025-04-12,1,524.84
3988,339,2,2024-09-03,1,18.99
3989,166,121,2025-02-04,1,538.87
3990,494,70,2025-04-09,1,300.47
3991,163,134,2025-02-23,2,524.84
3992,163,57,2025-05-30,3,349.1
3993,1,149,2025-04-24,1,429.45
3994,159,69,2025-07-02,1,186.83
3995,202,134,2025-06-26,1,524.84
3996,20,114,2025-01-12,1,582.92
3997,367,86,2024-11-10,1,118.49
3998,251,21,2025-06-17,2,199.22
3999,220,1,2025-03-11,1,335.74
4000,78,7,2025-04-09,1,303.12
4001,128,31,2024-09-23,2,211.87
4002,306,108,2025-01-04,1,182.24
4003,129,30,2024-12-26,1,442.18
4004,492,106,2025-07-24,1,330.68
4005,409,79,2024-08-22,2,135.77
4006,199,40,2024-09-15,1,480.83
4007,370,15,2025-05-20,1,206.74
4008,12,13,2025-06-25,1,379.07
4009,202,43,2025-02-14,1,418.43
4010,258,94,2025-05-03,1,512.02
4011,166,30,2024-10-31,1,442.18
4012,377,94,2024-11-18,1,512.02
4013,396,131,2025-07-31,2,625.36
4014,124,14,2024-11-13,1,348.48
4015,245,43,2024-08-08,1,418.43
4016,117,96,2025-02-12,1,65.11
4017,232,79,2025-07-19,1,135.77
4018,384,75,2024-12-27,1,137.49
4019,413,3,2024-12-02,1,217.96
4020,273,116,2025-02-22,3,105.33
4021,107,104,2024-10-12,2,235.06
4022,257,42,2025-06-17,1,19.58
4023,45,48,2024-12-18,1,478.84
4024,381,109,2025-02-28,1,482.64
4025,383,134,2024-11-06,1,524.84
4026,198,84,2025-04-07,1,338.34
4027,242,27,2025-02-19,1,520.9
4028,240,104,2025-03-18,1,235.06
4029,219,138,2025-07-20,1,382.16
4030,225,52,2025-06-23,1,225.66
4031,304,84,2025-04-08,1,338.34
4032,420,113,2025-05-02,1,440.12
4033,270,15,2024-12-10,1,206.74
4034,296,45,2025-05-02,1,53.21
4035,96,128,2025-05-19,1,384.68
4036,453,101,2024-10-01,1,15.78
4037,395,7,2024-11-11,1,303.12
4038,284,87,2024-09-25,1,40.12
4039,304,115,2024-11-03,1,281.46
4040,79,59,2024-12-02,1,122.16
4041,60,98,2025-02-06,1,81.7
4042,413,134,2024-10-13,1,524.84
4043,232,114,2024-11-05,1,647.69
4044,106,23,2025-01-10,1,113.32
4045,461,108,2024-12-07,1,182.24
4046,383,129,2025-01-27,1,435.24
4047,13,46,2025-06-26,1,429.28
4048,352,69,2025-02-11,1,186.83
4049,347,69,2024-12-28,1,186.83
4050,217,9,2024-11-24,1,719.54
4051,240,10,2024-11-08,1,394.66
4052,364,37,2025-03-13,1,226.59
4053,224,13,2025-03-14,1,379.07
4054,153,128,2024-12-04,1,384.68
4055,362,5,2024-12-26,1,287.24
4056,120,149,2024-10-13,1,429.45
4057,407,60,2025-01-10,1,190.26
4058,90,34,2025-07-17,1,333.49
4059,133,1,2025-01-12,1,335.74
4060,60,142,2025-07-17,1,274.55
4061,420,53,2025-02-12,1,487.84
4062,49,16,2025-05-18,1,412.27
4063,145,42,2024-11-23,1,19.58
4064,386,20,2024-09-07,1,636.49
4065,106,9,2025-06-27,1,719.54
4066,24,60,2024-11-30,1,190.26
4067,235,130,2025-06-10,1,499.34
4068,59,20,2025-06-22,3,636.49
4069,358,98,2024-10-18,1,81.7
4070,394,63,2025-02-01,1,341.84
4071,78,89,2024-12-25,1,211.17
4072,227,108,2024-10-22,1,182.24
4073,191,119,2025-01-01,1,524.61
4074,467,120,2025-03-24,1,556.25
4075,316,146,2025-02-22,1,343.96
4076,159,115,2025-06-17,1,281.46
4077,167,38,2025-02-24,1,455.18
4078,20,108,2025-03-02,1,182.24
4079,387,39,2025-03-20,3,578.5
4080,297,107,2025-01-20,1,68.9
4081,414,96,2025-02-21,1,65.11
4082,217,24,2025-04-29,1,563.43
4083,342,120,2024-11-20,2,556.25
4084,81,82,2025-05-19,1,283.53
4085,346,33,2025-02-26,1,121.24
4086,5,84,2025-01-05,1,338.34
4087,52,119,2024-10-12,1,524.61
4088,473,96,2025-06-16,3,65.11
4089,159,60,2024-11-11,1,190.26
4090,183,73,2025-04-22,1,440.03
4091,225,7,2025-03-15,1,303.12
4092,14,19,2024-11-14,3,90.14
4093,111,56,2025-07-08,1,443.42
4094,228,109,2024-11-10,1,482.64
4095,70,92,2025-01-10,1,213.89
4096,453,52,2025-04-07,1,225.66
4097,382,3,2025-06-10,2,217.96
4098,355,34,2025-07-13,1,333.49
4099,375,2,2024-09-03,1,18.99
4100,258,9,2024-08-28,1,719.54
4101,194,16,2024-09-16,1,412.27
4102,4,3,2025-01-30,1,217.96
4103,416,23,2025-03-17,1,113.32
4104,471,17,2025-07-27,1,62.02
4105,467,110,2025-01-03,1,152.47
4106,295,143,2025-05-15,1,385.7
4107,97,41,2024-10-17,1,189.78
4108,460,29,2024-09-30,1,58.54
4109,268,30,2025-06-13,1,442.18
4110,202,141,2025-05-15,1,489.58
4111,72,14,2024-12-22,1,348.48
4112,295,126,2024-12-06,1,217.72
4113,352,60,2025-03-16,1,190.26
4114,365,98,2024-08-21,2,81.7
4115,461,132,2025-04-02,1,208.38
4116,125,81,2025-05-18,2,261.53
4117,470,25,2025-02-06,1,485.62
4118,352,19,2024-10-16,2,90.14
4119,184,60,2025-07-09,1,190.26
4120,280,141,2025-06-21,1,489.58
4121,311,133,2024-09-12,1,145.25
4122,439,133,2025-04-11,1,145.25
4123,343,95,2025-05-30,38,61.73
4124,373,42,2024-10-26,1,19.58
4125,394,149,2024-12-08,1,429.45
4126,350,148,2024-12-22,1,543.51
4127,309,5,2024-10-25,2,287.24
4128,267,48,2024-12-01,2,478.84
4129,25,3,2024-12-13,1,217.96
4130,396,83,2025-03-10,2,296.51
4131,31,1,2024-12-18,1,335.74
4132,224,140,2024-09-11,1,238.53
4133,51,146,2024-08-17,1,343.96
4134,371,99,2025-06-16,1,208.73
4135,437,143,2025-05-21,1,385.7
4136,144,52,2025-02-11,1,225.66
4137,470,112,2025-03-29,1,332.67
4138,407,141,2024-12-17,1,489.58
4139,295,33,2025-01-19,1,121.24
4140,103,16,2025-03-06,1,412.27
4141,420,25,2025-01-23,1,485.62
4142,80,58,2025-05-10,1,440.25
4143,375,97,2024-12-23,1,24.03
4144,212,141,2024-09-28,1,489.58
4145,189,67,2024-09-24,1,331.31
4146,189,81,2024-10-30,1,261.53
4147,428,102,2024-10-18,1,582.99
4148,482,48,2024-11-30,1,478.84
4149,134,6,2024-09-08,1,120.34
4150,227,108,2025-06-13,2,182.24
4151,360,58,2024-09-11,2,440.25
4152,381,70,2024-09-16,1,300.47
4153,172,144,2025-07-18,1,183.68
4154,12,138,2025-02-15,1,382.16
4155,424,38,2025-04-29,1,455.18
4156,82,45,2024-11-10,1,53.21
4157,78,97,2024-11-04,1,24.03
4158,364,48,2024-09-01,1,478.84
4159,413,112,2025-04-17,1,332.67
4160,80,33,2024-12-13,1,121.24
4161,360,142,2024-11-05,1,274.55
4162,200,82,2024-11-05,1,283.53
4163,461,23,2024-11-25,2,113.32
4164,101,17,2024-12-30,1,62.02
4165,251,148,2024-11-20,1,543.51
4166,267,31,2025-04-29,1,211.87
4167,449,92,2025-07-16,1,213.89
4168,448,70,2024-10-22,1,300.47
4169,488,75,2024-09-02,1,137.49
4170,179,111,2025-03-09,1,438.69
4171,491,116,2025-03-17,2,105.33
4172,358,141,2025-07-12,1,489.58
4173,155,29,2025-01-11,2,58.54
4174,416,102,2025-04-03,1,582.99
4175,323,12,2024-11-06,1,261.78
4176,87,134,2024-10-27,1,524.84
4177,209,3,2025-01-28,1,217.96
4178,11,1,2025-03-25,1,335.74
4179,108,135,2025-03-26,1,416.04
4180,444,122,2025-02-14,1,230.92
4181,180,67,2025-01-10,1,331.31
4182,450,66,2025-06-20,2,198.33
4183,164,138,2025-02-04,1,382.16
4184,69,92,2024-10-17,2,213.89
4185,323,75,2024-11-03,1,137.49
4186,232,67,2024-10-16,1,331.31
4187,200,124,2024-11-10,1,209.47
4188,221,36,2025-02-17,1,91.26
4189,317,97,2025-05-09,1,24.03
4190,341,81,2024-11-06,2,261.53
4191,480,46,2025-04-13,1,429.28
4192,64,60,2024-10-21,1,190.26
4193,288,135,2025-07-07,1,416.04
4194,172,9,2024-09-24,1,719.54
4195,316,80,2025-06-08,1,189.8
4196,377,83,2024-11-29,1,296.51
4197,295,92,2025-03-02,1,213.89
4198,239,132,2025-06-10,1,208.38
4199,200,27,2024-10-06,1,520.9
4200,54,61,2025-03-31,1,131.98
4201,105,149,2025-03-17,1,429.45
4202,415,6,2024-12-05,1,120.34
4203,181,13,2025-05-12,1,379.07
4204,339,49,2024-11-26,1,77.56
4205,13,53,2025-06-09,1,487.84
4206,368,47,2024-12-06,1,87.46
4207,118,144,2024-09-18,2,183.68
4208,225,149,2024-09-11,2,429.45
4209,64,147,2024-12-15,1,363.91
4210,219,48,2024-12-20,1,478.84
4211,99,2,2024-11-23,1,17.09
4212,120,106,2025-01-15,1,330.68
4213,290,78,2025-06-14,1,251.11
4214,155,62,2025-01-11,1,26.71
4215,461,49,2025-05-02,1,77.56
4216,147,69,2025-06-27,1,186.83
4217,21,60,2024-12-30,1,190.26
4218,420,13,2024-11-08,1,379.07
4219,273,113,2025-04-16,1,440.12
4220,117,81,2025-02-09,2,261.53
4221,188,48,2024-08-06,1,478.84
4222,104,40,2024-11-13,1,480.83
4223,467,139,2024-08-13,1,224.44
4224,31,150,2024-09-10,1,468.27
4225,111,76,2024-10-15,2,398.3
4226,8,130,2025-06-01,3,499.34
4227,441,72,2025-01-08,1,246.7
4228,305,137,2024-12-19,1,63.66
4229,436,86,2024-11-10,1,118.49
4230,468,24,2025-03-21,3,563.43
4231,273,89,2025-05-28,1,211.17
4232,270,47,2024-08-09,1,87.46
4233,438,83,2025-02-05,1,296.51
4234,452,29,2025-06-18,1,58.54
4235,251,5,2025-01-13,1,287.24
4236,199,130,2025-05-19,2,499.34
4237,152,70,2025-04-19,1,300.47
4238,107,20,2024-10-07,1,636.49
4239,210,72,2024-09-04,1,246.7
4240,402,127,2024-09-22,1,179.33
4241,106,80,2024-11-29,1,189.8
4242,463,139,2025-01-21,1,224.44
4243,393,59,2025-04-10,1,122.16
4244,260,114,2024-09-01,1,647.69
4245,345,150,2025-07-22,1,468.27
4246,319,47,2025-03-18,1,87.46
4247,33,94,2024-12-12,2,512.02
4248,49,149,2025-05-13,2,429.45
4249,199,122,2024-11-24,1,230.92
4250,224,86,2024-08-22,1,118.49
4251,305,23,2024-10-10,1,113.32
4252,151,9,2025-01-13,1,719.54
4253,251,96,2024-12-27,2,65.11
4254,32,105,2024-08-21,2,205.64
4255,394,99,2024-08-19,1,208.73
4256,396,50,2025-05-26,1,98.91
4257,199,125,2024-10-24,1,300.73
4258,423,125,2024-10-17,1,300.73
4259,67,72,2024-12-23,1,246.7
4260,343,24,2025-06-08,1,563.43
4261,489,69,2024-11-09,1,186.83
4262,352,106,2024-12-12,1,330.68
4263,288,147,2025-06-30,1,363.91
4264,202,145,2025-02-24,3,96.4
4265,70,109,2024-09-27,1,482.64
4266,38,144,2024-11-14,1,183.68
4267,358,23,2024-12-31,2,113.32
4268,60,87,2025-07-12,1,40.12
4269,148,44,2024-12-08,1,392.03
4270,239,4,2024-08-13,1,510.73
4271,436,90,2024-11-19,2,456.59
4272,59,51,2025-01-18,1,383.07
4273,37,103,2025-04-09,1,296.39
4274,221,103,2025-06-02,1,296.39
4275,103,50,2024-12-06,1,98.91
4276,45,147,2024-08-01,1,363.91
4277,106,32,2024-10-21,2,294.11
4278,360,147,2025-02-05,1,363.91
4279,296,11,2025-02-07,1,16.25
4280,377,25,2024-12-31,1,485.62
4281,106,96,2024-10-01,1,65.11
4282,326,21,2024-12-13,1,199.22
4283,275,124,2024-11-13,2,209.47
4284,148,77,2025-04-01,1,516.83
4285,74,63,2024-09-27,1,341.84
4286,337,67,2024-11-29,1,331.31
4287,18,94,2024-12-18,2,512.02
4288,258,11,2024-10-18,1,16.25
4289,229,83,2024-08-16,1,296.51
4290,496,55,2025-02-28,2,526.4
4291,222,90,2024-12-22,1,456.59
4292,343,142,2025-04-03,1,274.55
4293,315,41,2024-12-15,1,189.78
4294,294,148,2024-12-18,2,543.51
4295,225,132,2024-11-05,1,208.38
4296,274,65,2025-06-29,1,135.17
4297,182,19,2024-11-27,1,90.14
4298,436,104,2024-08-25,1,235.06
4299,174,84,2025-05-06,1,338.34
4300,471,149,2025-05-10,1,429.45
4301,425,55,2025-01-25,1,526.4
4302,381,125,2025-05-25,2,300.73
4303,213,138,2024-12-28,1,382.16
4304,132,40,2025-02-25,2,480.83
4305,362,16,2025-03-10,1,412.27
4306,340,91,2024-12-08,1,73.18
4307,496,22,2025-06-27,2,163.49
4308,446,14,2025-06-17,2,348.48
4309,66,4,2025-05-21,1,510.73
4310,191,27,2024-11-14,1,520.9
4311,190,117,2025-02-19,1,524.45
4312,346,134,2025-04-24,1,524.84
4313,210,97,2024-08-03,1,24.03
4314,190,64,2025-01-19,1,312.23
4315,498,56,2025-02-18,1,443.42
4316,500,112,2024-09-24,1,332.67
4317,234,89,2025-06-26,1,211.17
4318,239,51,2024-11-05,1,383.07
4319,264,109,2025-04-11,1,482.64
4320,314,146,2025-01-04,1,343.96
4321,383,87,2025-02-24,1,40.12
4322,245,63,2024-11-16,1,341.84
4323,453,62,2024-11-06,1,26.71
4324,51,6,2024-08-16,1,120.34
4325,440,31,2024-11-15,1,211.87
4326,448,18,2025-07-15,2,102.42
4327,202,25,2024-12-08,1,485.62
4328,305,133,2024-09-30,1,145.25
4329,240,79,2025-01-01,1,135.77
4330,128,63,2025-02-08,1,341.84
4331,383,128,2025-05-31,2,384.68
4332,121,38,2025-04-13,1,455.18
4333,175,102,2024-08-16,1,582.99
4334,163,29,2024-09-20,1,58.54
4335,360,140,2024-09-14,1,238.53
4336,335,144,2025-05-06,1,183.68
4337,461,53,2024-12-04,1,487.84
4338,362,13,2025-03-21,1,379.07
4339,342,45,2025-01-20,1,53.21
4340,397,82,2025-03-29,1,283.53
4341,489,77,2024-11-19,1,516.83
4342,110,136,2024-09-18,1,82.14
4343,38,111,2024-10-05,1,438.69
4344,46,70,2025-04-17,1,300.47
4345,406,38,2025-04-15,1,455.18
4346,467,1,2024-12-19,3,335.74
4347,297,21,2024-08-25,1,199.22
4348,386,124,2025-04-09,1,209.47
4349,64,60,2025-03-20,1,190.26
4350,120,104,2024-10-23,1,235.06
4351,319,119,2025-06-04,1,524.61
4352,342,147,2024-09-09,29,363.91
4353,59,131,2025-04-06,3,625.36
4354,423,89,2025-02-09,1,211.17
4355,423,76,2024-11-02,1,398.3
4356,188,76,2025-04-10,1,398.3
4357,105,72,2024-09-29,1,246.7
4358,170,121,2024-10-11,1,538.87
4359,18,85,2025-03-13,1,339.74
4360,189,28,2025-05-06,1,213.35
4361,50,21,2025-03-31,1,199.22
4362,235,50,2025-03-05,1,98.91
4363,81,64,2024-09-14,1,312.23
4364,498,4,2024-12-03,1,510.73
4365,38,4,2024-10-10,1,510.73
4366,81,124,2024-10-22,3,209.47
4367,218,31,2024-11-04,1,211.87
4368,51,50,2025-05-07,1,98.91
4369,52,55,2024-12-13,1,526.4
4370,110,59,2025-07-03,1,122.16
4371,38,81,2025-02-28,1,261.53
4372,152,22,2024-08-21,1,163.49
4373,164,9,2024-10-15,1,719.54
4374,278,33,2025-02-07,1,121.24
4375,99,69,2024-08-07,1,186.83
4376,401,64,2025-07-07,1,187.34
4377,481,42,2025-04-29,1,19.58
4378,86,70,2024-10-10,1,300.47
4379,397,16,2024-12-03,1,412.27
4380,351,110,2024-11-18,1,152.47
4381,482,148,2025-04-01,1,543.51
4382,49,66,2024-11-18,2,198.33
4383,274,77,2025-06-18,1,516.83
4384,288,68,2024-09-06,1,295.67
4385,275,57,2024-09-04,1,349.1
4386,224,30,2024-12-05,1,442.18
4387,341,91,2024-12-13,1,73.18
4388,273,150,2025-03-10,1,398.03
4389,180,109,2024-08-15,1,482.64
4390,263,26,2025-02-08,1,80.28
4391,376,98,2024-11-24,1,81.7
4392,441,53,2024-10-05,1,487.84
4393,209,62,2025-06-22,3,26.71
4394,352,90,2025-06-03,1,456.59
4395,176,110,2025-03-02,1,152.47
4396,128,59,2025-02-18,2,122.16
4397,122,84,2025-01-22,1,338.34
4398,396,99,2025-05-21,1,208.73
4399,215,27,2025-01-20,3,520.9
4400,159,39,2025-06-20,1,578.5
4401,59,45,2025-06-19,1,53.21
4402,418,9,2024-12-17,1,719.54
4403,438,78,2025-06-01,1,251.11
4404,409,150,2025-05-17,1,468.27
4405,145,26,2025-01-04,1,80.28
4406,176,26,2025-02-27,1,80.28
4407,316,13,2025-06-03,1,379.07
4408,86,129,2025-07-04,1,435.24
4409,317,17,2025-07-19,1,62.02
4410,169,141,2025-01-12,1,489.58
4411,385,122,2024-10-28,1,230.92
4412,34,113,2024-12-28,1,440.12
4413,320,116,2024-11-14,1,105.33
4414,163,90,2024-11-02,1,456.59
4415,373,139,2025-04-12,1,224.44
4416,33,106,2024-12-17,1,330.68
4417,8,100,2024-10-14,1,229.29
4418,374,59,2024-09-06,1,122.16
4419,467,149,2025-02-18,1,429.45
4420,223,28,2024-11-05,1,213.35
4421,140,116,2024-12-09,1,105.33
4422,286,70,2024-12-20,1,300.47
4423,92,81,2025-03-04,1,261.53
4424,33,148,2025-06-01,1,543.51
4425,164,148,2025-03-12,1,543.51
4426,439,130,2024-10-01,2,499.34
4427,481,132,2024-10-02,1,208.38
4428,390,33,2024-08-28,1,121.24
4429,428,38,2024-09-05,1,455.18
4430,360,109,2025-05-08,1,482.64
4431,346,111,2025-05-18,2,438.69
4432,462,145,2024-09-27,1,96.4
4433,477,98,2024-12-24,1,81.7
4434,266,114,2024-11-27,1,647.69
4435,187,57,2024-12-15,1,349.1
4436,222,59,2024-10-17,1,122.16
4437,390,89,2025-05-27,2,211.17
4438,129,116,2024-11-21,1,105.33
4439,172,45,2025-02-13,1,53.21
4440,220,70,2025-06-12,1,300.47
4441,337,126,2024-10-22,1,217.72
4442,45,131,2024-12-17,1,625.36
4443,335,50,2024-10-03,1,98.91
4444,65,116,2025-02-25,1,105.33
4445,70,53,2024-12-22,1,487.84
4446,467,9,2024-12-01,1,719.54
4447,190,73,2025-03-17,1,488.92
4448,469,141,2025-03-15,1,489.58
4449,216,7,2025-02-11,1,303.12
4450,283,91,2024-12-18,1,73.18
4451,288,7,2025-04-26,3,303.12
4452,451,21,2025-06-12,1,199.22
4453,21,29,2025-02-07,1,58.54
4454,163,120,2024-11-15,1,556.25
4455,451,32,2025-01-28,1,294.11
4456,142,62,2024-12-06,1,26.71
4457,453,14,2024-11-27,1,348.48
4458,490,95,2024-12-03,1,61.73
4459,422,61,2024-09-03,1,131.98
4460,316,17,2025-01-24,1,62.02
4461,498,46,2024-09-15,1,429.28
4462,205,45,2025-01-26,1,53.21
4463,411,43,2024-12-12,1,418.43
4464,214,109,2024-10-26,1,482.64
4465,123,94,2025-06-03,1,512.02
4466,173,91,2024-11-09,2,73.18
4467,166,19,2025-02-12,1,90.14
4468,106,67,2024-11-26,1,331.31
4469,27,95,2024-10-21,1,61.73
4470,471,76,2024-12-07,1,398.3
4471,499,142,2024-12-09,1,274.55
4472,460,98,2024-12-29,1,81.7
4473,360,113,2025-03-12,2,440.12
4474,339,86,2024-11-04,2,118.49
4475,30,39,2025-01-07,1,578.5
4476,371,46,2024-09-04,1,429.28
4477,463,19,2024-10-30,1,90.14
4478,293,95,2024-10-25,1,61.73
4479,461,144,2024-11-09,1,183.68
4480,60,41,2024-09-09,1,189.78
4481,431,132,2024-09-21,1,208.38
4482,330,43,2024-10-31,1,418.43
4483,172,126,2024-10-18,1,217.72
4484,89,41,2024-11-04,1,189.78
4485,317,13,2024-08-05,1,379.07
4486,168,55,2024-10-25,1,526.4
4487,30,114,2024-12-02,1,647.69
4488,191,140,2024-12-21,1,238.53
4489,106,99,2025-03-21,1,208.73
4490,188,47,2024-08-22,1,87.46
4491,468,44,2025-02-10,1,392.03
4492,152,14,2024-12-26,1,348.48
4493,194,112,2025-04-24,1,332.67
4494,429,81,2024-10-25,1,261.53
4495,468,98,2025-04-13,1,81.7
4496,152,29,2024-08-19,1,58.54
4497,301,91,2024-12-31,2,65.86
4498,267,100,2025-02-28,1,229.29
4499,217,76,2025-01-01,1,398.3
4500,59,8,2025-01-09,1,62.79
4501,187,74,2024-08-09,2,488.38
4502,162,143,2025-01-02,1,385.7
4503,169,115,2024-10-12,1,281.46
4504,316,90,2024-12-08,1,456.59
4505,333,40,2025-03-26,1,480.83
4506,38,107,2024-08-27,1,68.9
4507,429,61,2024-09-21,1,131.98
4508,119,31,2025-03-10,1,211.87
4509,175,77,2024-12-29,2,516.83
4510,395,15,2025-04-03,1,206.74
4511,310,4,2025-01-17,1,510.73
4512,297,67,2025-04-17,2,331.31
4513,200,25,2024-09-21,1,485.62
4514,266,138,2024-08-31,3,382.16
4515,494,19,2024-11-20,2,90.14
4516,453,32,2025-02-07,1,294.11
4517,437,134,2025-02-23,1,524.84
4518,389,75,2025-06-10,1,137.49
4519,409,65,2025-06-15,1,135.17
4520,310,47,2025-02-05,2,87.46
4521,392,100,2025-05-17,1,229.29
4522,226,128,2025-02-10,1,384.68
4523,360,22,2025-06-22,1,163.49
4524,199,109,2024-11-09,1,482.64
4525,275,91,2025-02-13,1,73.18
4526,183,110,2024-11-21,1,152.47
4527,437,75,2025-01-03,1,137.49
4528,421,105,2024-10-08,1,205.64
4529,430,51,2025-05-19,1,383.07
4530,490,37,2024-10-17,1,226.59
4531,362,101,2025-05-18,1,15.78
4532,180,104,2024-11-16,1,235.06
4533,498,110,2024-09-03,1,152.47
4534,429,134,2024-08-20,1,524.84
4535,50,62,2024-11-21,1,26.71
4536,436,100,2025-04-10,1,229.29
4537,219,49,2024-12-11,1,77.56
4538,453,118,2025-05-29,1,319.7
4539,464,137,2024-12-21,1,63.66
4540,386,148,2024-12-04,1,543.51
4541,164,83,2024-12-18,2,296.51
4542,220,3,2025-04-18,1,217.96
4543,30,129,2025-02-24,2,435.24
4544,306,36,2025-05-30,1,91.26
4545,117,82,2024-12-10,1,283.53
4546,64,41,2024-10-15,1,189.78
4547,13,48,2024-11-21,1,478.84
4548,167,99,2024-12-06,2,208.73
4549,401,89,2025-02-02,1,211.17
4550,27,145,2025-02-21,1,96.4
4551,295,126,2025-01-17,1,217.72
4552,483,107,2024-12-03,1,68.9
4553,381,88,2025-07-06,1,288.97
4554,444,47,2025-03-10,1,87.46
4555,88,57,2024-09-30,1,349.1
4556,378,110,2025-02-24,1,152.47
4557,78,76,2024-11-29,3,398.3
4558,216,66,2025-01-20,2,198.33
4559,49,148,2024-09-12,2,543.51
4560,60,136,2024-08-05,1,82.14
4561,45,125,2025-03-08,2,300.73
4562,496,138,2024-08-27,1,382.16
4563,45,30,2024-10-30,1,442.18
4564,422,139,2024-12-28,1,224.44
4565,33,130,2025-05-20,1,499.34
4566,288,68,2025-01-17,2,295.67
4567,213,100,2025-05-26,1,229.29
4568,63,140,2024-11-07,2,238.53
4569,152,116,2025-04-09,2,105.33
4570,343,93,2025-05-31,1,575.84
4571,190,106,2025-04-27,1,330.68
4572,453,110,2025-06-10,1,152.47
4573,450,140,2024-09-03,1,238.53
4574,140,135,2024-12-12,1,416.04
4575,132,139,2025-07-19,2,224.44
4576,451,141,2025-07-07,1,489.58
4577,7,61,2025-01-04,1,131.98
4578,317,85,2024-11-29,1,339.74
4579,148,24,2024-11-16,1,563.43
4580,73,143,2024-08-19,1,385.7
4581,406,94,2024-10-15,1,512.02
4582,494,34,2025-03-18,2,333.49
4583,264,53,2024-09-07,1,487.84
4584,34,105,2025-05-24,1,205.64
4585,106,88,2025-04-04,1,288.97
4586,101,102,2025-07-02,1,582.99
4587,106,70,2024-10-20,1,300.47
4588,453,35,2025-01-24,1,401.85
4589,339,38,2024-12-08,1,455.18
4590,4,46,2025-04-12,1,429.28
4591,114,40,2025-01-13,1,480.83
4592,179,86,2024-11-03,1,118.49
4593,163,79,2025-03-01,2,135.77
4594,250,129,2025-01-19,1,435.24
4595,342,98,2024-10-11,1,81.7
4596,60,87,2025-06-06,1,40.12
4597,239,79,2024-12-21,1,135.77
4598,59,26,2024-11-01,1,80.28
4599,424,132,2025-06-11,1,208.38
4600,133,22,2024-08-02,1,163.49
4601,349,90,2025-04-14,1,456.59
4602,55,7,2024-10-15,1,303.12
4603,74,90,2025-04-16,1,456.59
4604,346,38,2025-06-10,1,455.18
4605,180,67,2025-05-30,1,331.31
4606,205,16,2025-03-22,1,412.27
4607,117,134,2025-01-18,2,524.84
4608,23,3,2024-09-02,1,217.96
4609,51,54,2024-11-23,1,349.2
4610,245,32,2024-12-09,3,294.11
4611,33,36,2024-08-21,1,91.26
4612,89,66,2025-03-19,2,198.33
4613,67,93,2024-12-19,1,575.84
4614,140,20,2024-11-18,1,636.49
4615,252,90,2025-05-10,1,456.59
4616,437,59,2025-01-16,2,97.73
4617,357,21,2025-07-02,1,199.22
4618,205,37,2025-04-03,1,226.59
4619,114,85,2024-12-11,1,339.74
4620,500,104,2024-12-28,1,235.06
4621,346,91,2025-03-01,1,73.18
4622,131,86,2025-03-07,1,118.49
4623,362,146,2024-10-23,1,343.96
4624,257,2,2024-12-26,1,18.99
4625,335,109,2025-06-24,1,482.64
4626,490,7,2024-12-17,1,303.12
4627,196,47,2025-01-20,2,87.46
4628,417,23,2025-05-01,2,113.32
4629,413,5,2024-10-02,1,287.24
4630,413,106,2025-06-11,1,330.68
4631,47,123,2024-09-12,1,79.03
4632,219,109,2024-09-17,1,482.64
4633,41,91,2024-10-23,1,73.18
4634,364,132,2024-10-22,1,208.38
4635,9,110,2025-06-20,1,152.47
4636,304,29,2025-03-10,1,58.54
4637,61,128,2025-02-23,1,384.68
4638,464,42,2024-11-06,3,19.58
4639,11,4,2025-07-24,1,510.73
4640,67,68,2024-11-25,1,295.67
4641,479,80,2025-03-23,2,189.8
4642,174,4,2025-06-25,1,510.73
4643,187,125,2024-08-22,2,300.73
4644,394,147,2024-11-05,1,363.91
4645,247,55,2025-01-29,1,526.4
4646,498,21,2025-06-29,1,199.22
4647,167,23,2025-03-26,1,113.32
4648,148,82,2025-05-31,3,283.53
4649,24,65,2025-01-22,1,135.17
4650,39,71,2025-06-23,2,320.91
4651,317,15,2025-03-06,2,206.74
4652,219,70,2024-09-24,2,300.47
4653,331,145,2024-12-22,1,81.94
4654,205,99,2025-04-29,1,208.73
4655,358,136,2025-04-13,1,82.14
4656,226,59,2025-01-01,1,122.16
4657,474,76,2025-01-15,1,398.3
4658,364,46,2024-09-21,1,429.28
4659,391,114,2025-01-18,1,647.69
4660,467,61,2024-10-03,1,131.98
4661,436,92,2024-11-17,1,213.89
4662,24,49,2024-09-10,1,77.56
4663,118,141,2024-12-20,1,489.58
4664,335,44,2024-08-21,2,392.03
4665,172,76,2025-03-04,2,398.3
4666,90,112,2025-01-18,2,332.67
4667,242,110,2024-08-27,1,152.47
4668,22,140,2025-05-29,1,238.53
4669,74,39,2025-04-02,1,578.5
4670,266,115,2025-02-01,1,281.46
4671,167,90,2024-09-24,1,456.59
4672,101,102,2024-12-05,1,582.99
4673,44,128,2024-10-26,1,384.68
4674,133,50,2025-07-29,1,98.91
4675,457,68,2025-02-25,1,295.67
4676,498,106,2024-11-05,1,330.68
4677,369,8,2024-11-30,1,62.79
4678,316,137,2024-11-17,1,63.66
4679,151,112,2025-02-15,1,332.67
4680,193,48,2025-04-28,2,478.84
4681,362,103,2024-10-09,1,296.39
4682,63,116,2025-05-30,1,105.33
4683,453,11,2025-05-24,1,16.25
4684,361,48,2024-12-06,1,478.84
4685,58,87,2024-12-09,2,40.12
4686,144,59,2025-04-12,1,122.16
4687,66,40,2024-09-28,1,480.83
4688,222,81,2024-11-06,1,261.53
4689,162,136,2025-07-20,1,82.14
4690,17,147,2024-11-03,1,363.91
4691,481,36,2025-05-25,2,91.26
4692,126,140,2025-07-10,1,238.53
4693,362,60,2025-07-31,1,190.26
4694,175,135,2024-12-06,1,416.04
4695,148,86,2024-12-20,1,118.49
4696,304,22,2025-05-22,1,163.49
4697,15,133,2024-11-16,1,145.25
4698,343,5,2025-07-23,1,287.24
4699,372,31,2024-09-24,1,211.87
4700,346,138,2025-03-17,1,382.16
4701,170,35,2025-02-05,1,401.85
4702,175,126,2025-02-27,1,217.72
4703,215,30,2025-06-22,1,442.18
4704,259,35,2025-02-16,1,401.85
4705,482,29,2025-07-06,1,58.54
4706,419,28,2025-03-12,1,213.35
4707,173,54,2024-10-21,1,349.2
4708,87,43,2025-04-26,1,418.43
4709,188,134,2025-02-28,2,524.84
4710,159,34,2024-12-26,1,333.49
4711,240,98,2024-12-22,1,81.7
4712,386,60,2025-04-29,1,190.26
4713,281,103,2025-03-21,2,296.39
4714,193,101,2025-06-26,2,15.78
4715,469,147,2024-11-11,1,363.91
4716,327,91,2024-12-20,1,73.18
4717,74,122,2025-02-16,1,230.92
4718,250,53,2025-04-03,2,487.84
4719,306,73,2024-10-08,1,488.92
4720,77,60,2024-11-29,1,190.26
4721,81,143,2025-02-13,2,385.7
4722,24,137,2025-05-10,1,63.66
4723,346,125,2024-10-14,1,300.73
4724,79,89,2025-07-20,2,211.17
4725,23,90,2024-08-11,1,456.59
4726,125,131,2024-09-24,1,625.36
4727,362,147,2024-12-23,1,363.91
4728,199,31,2024-12-04,1,180.09
4729,27,31,2025-06-18,1,211.87
4730,451,27,2025-04-28,1,520.9
4731,320,60,2024-08-11,1,190.26
4732,212,119,2024-11-04,2,524.61
4733,372,93,2025-03-06,2,575.84
4734,187,143,2024-12-18,1,385.7
4735,483,141,2025-06-18,1,489.58
4736,290,10,2025-01-30,1,394.66
4737,352,126,2024-12-04,1,217.72
4738,156,71,2025-01-20,1,320.91
4739,184,55,2024-12-02,1,526.4
4740,89,78,2025-04-10,1,334.81
4741,217,113,2025-05-15,1,440.12
4742,176,91,2024-09-09,2,73.18
4743,4,106,2024-10-10,3,330.68
4744,375,6,2024-08-23,2,120.34
4745,199,135,2024-09-07,1,416.04
4746,320,77,2025-05-08,1,516.83
4747,269,45,2024-10-09,1,53.21
4748,37,73,2024-11-18,1,488.92
4749,374,71,2024-09-19,1,320.91
4750,422,104,2025-02-26,1,235.06
4751,215,31,2024-12-22,1,211.87
4752,178,127,2024-09-17,1,179.33
4753,328,56,2024-11-30,1,443.42
4754,343,64,2025-06-03,1,312.23
4755,464,141,2024-12-02,1,489.58
4756,391,124,2025-07-19,1,209.47
4757,467,37,2024-11-19,1,226.59
4758,49,117,2025-01-17,2,524.45
4759,61,120,2025-05-22,1,556.25
4760,486,44,2025-07-08,1,392.03
4761,165,67,2024-11-28,1,331.31
4762,172,107,2024-10-31,1,68.9
4763,193,41,2024-11-16,1,189.78
4764,155,86,2024-12-30,1,118.49
4765,460,146,2025-06-13,2,343.96
4766,452,42,2024-11-13,1,19.58
4767,208,48,2025-03-10,2,478.84
4768,454,135,2024-10-21,1,416.04
4769,375,110,2024-08-04,1,152.47
4770,393,140,2025-03-04,1,238.53
4771,367,58,2024-10-20,1,440.25
4772,362,49,2024-10-18,1,77.56
4773,101,72,2025-03-11,1,246.7
4774,246,4,2024-10-25,1,510.73
4775,31,77,2025-03-20,1,516.83
4776,45,107,2025-06-01,2,68.9
4777,474,149,2025-05-18,1,429.45
4778,468,82,2025-03-18,1,283.53
4779,71,147,2025-03-16,1,363.91
4780,218,68,2024-12-12,1,295.67
4781,474,141,2024-08-11,2,489.58
4782,297,31,2024-12-30,1,211.87
4783,394,7,2025-05-02,1,303.12
4784,117,119,2024-11-26,1,393.46
4785,290,28,2024-10-09,1,213.35
4786,215,116,2024-11-01,1,105.33
4787,107,123,2024-11-27,1,79.03
4788,415,122,2024-12-02,1,230.92
4789,198,127,2024-12-02,1,179.33
4790,45,53,2024-09-12,2,487.84
4791,35,144,2025-05-03,1,183.68
4792,346,39,2024-12-12,1,578.5
4793,437,121,2024-11-14,1,538.87
4794,453,137,2024-11-21,1,63.66
4795,490,63,2024-09-15,1,341.84
4796,176,105,2025-06-16,1,205.64
4797,411,49,2025-05-07,1,77.56
4798,445,47,2025-01-12,1,87.46
4799,342,99,2025-07-15,1,208.73
4800,86,109,2025-01-20,1,482.64
4801,331,63,2024-08-16,1,341.84
4802,279,129,2024-09-20,1,435.24
4803,202,101,2025-06-06,2,15.78
4804,463,3,2025-01-08,3,217.96
4805,330,59,2024-12-28,1,122.16
4806,194,122,2024-09-13,2,230.92
4807,227,125,2024-10-15,2,300.73
4808,491,105,2025-05-23,1,205.64
4809,165,97,2024-12-26,3,24.03
4810,293,7,2024-09-09,1,303.12
4811,318,91,2024-12-26,1,65.86
4812,478,122,2024-08-22,2,230.92
4813,346,143,2025-03-29,1,385.7
4814,377,21,2025-03-11,1,199.22
4815,389,27,2024-12-04,1,520.9
4816,115,18,2025-06-22,2,102.42
4817,30,137,2024-12-19,1,63.66
4818,154,115,2025-02-24,1,281.46
4819,219,62,2024-10-02,1,26.71
4820,107,136,2025-04-19,1,82.14
4821,31,119,2025-01-12,1,524.61
4822,452,11,2025-06-17,1,16.25
4823,8,61,2025-02-25,2,131.98
4824,329,102,2025-06-13,1,582.99
4825,352,51,2025-04-27,1,383.07
4826,176,15,2024-09-03,1,206.74
4827,453,112,2025-02-17,1,332.67
4828,171,111,2025-04-28,1,438.69
4829,367,56,2024-08-03,2,443.42
4830,111,4,2024-12-11,1,510.73
4831,222,148,2025-06-26,1,543.51
4832,149,10,2025-03-31,1,394.66
4833,30,88,2024-12-06,1,288.97
4834,49,46,2024-11-05,1,429.28
4835,49,88,2024-09-02,1,288.97
4836,167,15,2024-12-03,1,206.74
4837,384,72,2024-09-03,2,246.7
4838,279,63,2024-12-30,1,341.84
4839,430,110,2025-01-05,1,152.47
4840,111,139,2024-10-21,1,224.44
4841,34,45,2024-10-06,1,53.21
4842,245,149,2025-04-28,1,429.45
4843,456,93,2024-09-23,1,575.84
4844,91,67,2024-12-07,1,331.31
4845,45,130,2024-12-28,2,499.34
4846,160,145,2025-06-20,1,96.4
4847,466,5,2024-08-22,1,287.24
4848,409,129,2024-11-26,1,435.24
4849,155,139,2025-02-05,1,224.44
4850,300,107,2025-07-16,1,68.9
4851,342,16,2025-03-29,1,412.27
4852,370,137,2024-12-27,3,63.66
4853,223,76,2024-09-25,1,398.3
4854,293,122,2025-04-23,1,230.92
4855,202,120,2024-12-20,1,556.25
4856,454,69,2024-10-08,2,186.83
4857,190,30,2025-07-23,2,442.18
4858,60,114,2024-12-27,1,647.69
4859,215,139,2024-12-28,1,224.44
4860,232,35,2024-11-19,3,401.85
4861,305,54,2025-01-29,1,349.2
4862,219,10,2025-04-27,2,394.66
4863,227,126,2024-10-02,1,217.72
4864,396,52,2024-11-22,2,225.66
4865,293,17,2024-09-22,1,62.02
4866,96,34,2025-04-27,2,333.49
4867,342,118,2024-10-03,1,319.7
4868,157,40,2024-12-02,1,480.83
4869,352,118,2025-04-10,1,319.7
4870,118,124,2024-11-24,1,209.47
4871,430,16,2024-09-18,2,412.27
4872,51,82,2024-11-15,1,283.53
4873,177,99,2024-09-27,1,208.73
4874,191,125,2025-06-02,2,300.73
4875,96,25,2024-08-07,2,485.62
4876,190,12,2025-02-10,1,261.78
4877,335,55,2024-12-14,1,526.4
4878,346,147,2025-06-02,1,363.91
4879,339,36,2025-02-17,1,91.26
4880,198,23,2025-01-25,1,113.32
4881,298,22,2024-08-30,1,163.49
4882,194,100,2025-06-06,1,229.29
4883,201,109,2024-12-25,1,482.64
4884,223,7,2024-12-28,2,303.12
4885,111,114,2025-05-28,1,647.69
4886,172,53,2025-02-25,1,487.84
4887,64,128,2024-10-15,1,384.68
4888,339,107,2025-03-20,1,68.9
4889,99,86,2025-01-20,1,118.49
4890,159,37,2024-09-17,1,226.59
4891,351,53,2024-12-29,1,487.84
4892,92,13,2025-05-02,1,379.07
4893,264,53,2025-06-19,1,487.84
4894,61,98,2025-01-20,2,81.7
4895,360,25,2025-02-19,1,485.62
4896,498,135,2024-09-19,1,416.04
4897,31,96,2024-10-05,1,65.11
4898,292,17,2024-11-07,1,62.02
4899,256,21,2024-11-13,1,199.22
4900,176,21,2024-11-17,1,199.22
4901,179,128,2024-12-09,1,384.68
4902,239,26,2025-01-30,1,80.28
4903,188,32,2024-11-02,1,294.11
4904,426,2,2024-09-25,1,18.99
4905,253,29,2025-04-06,2,58.54
4906,303,32,2024-12-27,1,294.11
4907,110,17,2024-08-21,1,62.02
4908,276,144,2025-01-23,1,183.68
4909,454,31,2025-04-28,1,211.87
4910,248,25,2024-08-24,1,485.62
4911,295,55,2025-06-27,1,526.4
4912,383,51,2024-10-03,2,383.07
4913,177,144,2025-04-17,1,183.68
4914,382,145,2024-12-25,1,96.4
4915,133,4,2025-06-17,1,510.73
4916,431,31,2025-07-03,1,211.87
4917,239,69,2025-03-22,1,186.83
4918,352,23,2025-04-25,1,113.32
4919,469,6,2025-05-24,1,120.34
4920,319,1,2025-05-19,1,335.74
4921,474,53,2024-12-29,1,487.84
4922,342,139,2024-11-06,2,224.44
4923,106,7,2024-11-23,1,303.12
4924,148,116,2025-03-09,1,105.33
4925,477,142,2025-07-25,1,274.55
4926,248,59,2025-05-13,1,122.16
4927,315,3,2024-11-25,1,217.96
4928,227,92,2024-11-21,1,213.89
4929,117,59,2025-04-24,1,122.16
4930,39,83,2024-12-24,1,296.51
4931,388,55,2025-07-06,1,526.4
4932,111,126,2025-01-22,1,217.72
4933,7,66,2024-10-15,1,198.33
4934,293,106,2024-10-15,1,330.68
4935,470,7,2024-12-15,2,303.12
4936,463,51,2025-05-09,1,383.07
4937,184,11,2025-02-10,1,16.25
4938,310,143,2025-06-19,1,385.7
4939,437,112,2024-11-19,1,332.67
4940,141,16,2024-11-06,1,412.27
4941,360,75,2024-10-01,1,137.49
4942,54,18,2024-11-07,1,102.42
4943,468,94,2024-12-02,3,512.02
4944,383,107,2024-12-18,2,68.9
4945,28,63,2024-10-24,1,341.84
4946,349,133,2024-11-23,1,145.25
4947,454,39,2025-02-16,1,578.5
4948,316,53,2024-08-29,1,487.84
4949,302,65,2024-09-08,1,135.17
4950,68,137,2024-11-07,1,63.66
4951,489,50,2024-08-14,1,98.91
4952,360,83,2024-09-03,1,296.51
4953,168,19,2024-12-21,1,90.14
4954,48,130,2025-01-12,1,499.34
4955,217,64,2025-06-19,1,312.23
4956,290,87,2025-06-25,2,40.12
4957,202,119,2024-10-13,2,524.61
4958,142,111,2025-02-05,1,438.69
4959,463,5,2024-12-22,1,287.24
4960,128,26,2025-04-11,1,80.28
4961,460,58,2025-06-03,1,440.25
4962,182,48,2024-10-23,1,478.84
4963,288,115,2025-06-02,1,281.46
4964,113,121,2025-06-05,1,538.87
4965,92,149,2024-12-13,1,429.45
4966,257,83,2024-12-13,1,296.51
4967,70,17,2024-11-08,1,62.02
4968,295,120,2025-03-21,3,556.25
4969,102,26,2025-01-08,1,80.28
4970,27,148,2024-10-27,1,543.51
4971,49,26,2025-02-22,1,80.28
4972,69,126,2025-03-26,1,217.72
4973,420,117,2024-11-21,1,524.45
4974,446,26,2024-11-30,1,80.28
4975,49,76,2025-07-09,1,398.3
4976,263,26,2025-03-28,1,80.28
4977,170,128,2025-02-09,1,384.68
4978,369,132,2024-11-20,1,208.38
4979,126,124,2025-01-05,1,209.47
4980,415,17,2025-01-13,1,62.02
4981,239,149,2025-02-19,1,429.45
4982,87,110,2024-09-18,1,152.47
4983,97,86,2024-12-24,1,118.49
4984,432,55,2024-11-30,1,526.4
4985,232,55,2025-07-16,2,526.4
4986,60,136,2024-09-22,1,82.14
4987,207,19,2025-05-01,1,90.14
4988,39,61,2024-09-08,1,131.98
4989,458,104,2025-05-29,1,235.06
4990,106,99,2024-11-02,2,208.73
4991,346,81,2024-11-08,1,261.53
4992,260,92,2025-03-03,1,213.89
4993,82,150,2025-05-07,1,468.27
4994,367,41,2024-11-28,1,189.78
4995,386,92,2024-11-27,1,213.89
4996,126,94,2025-05-04,1,512.02
4997,36,65,2024-10-30,1,135.17
4998,360,50,2025-01-11,1,98.91
4999,141,105,2025-01-21,1,205.64
5000,463,85,2025-06-22,1,339.74
5001,402,91,2024-09-30,1,73.18
5002,379,31,2025-07-25,2,211.87
5003,493,112,2025-04-12,1,332.67
5004,217,16,2024-10-13,1,412.27
5005,394,82,2024-10-27,2,283.53
5006,176,144,2025-06-19,1,183.68
5007,56,11,2025-07-12,1,16.25
5008,83,32,2025-07-18,1,294.11
5009,159,131,2025-05-19,1,625.36
5010,93,72,2024-09-07,1,246.7
5011,342,25,2024-10-29,1,485.62
5012,245,117,2025-05-20,1,524.45
5013,173,79,2025-05-18,1,135.77
5014,112,144,2024-12-16,1,183.68
5015,189,4,2024-12-26,2,510.73
5016,481,84,2024-12-07,1,338.34
5017,318,35,2024-12-28,1,401.85
5018,296,57,2024-12-31,2,349.1
5019,17,87,2025-06-09,1,40.12
5020,156,66,2025-06-19,2,198.33
5021,392,25,2024-09-13,1,485.62
5022,499,139,2025-04-17,1,224.44
5023,242,30,2025-03-14,1,442.18
5024,293,15,2024-10-31,1,206.74
5025,395,8,2025-05-06,1,62.79
5026,352,47,2025-07-03,2,87.46
5027,70,133,2025-06-12,1,145.25
5028,106,93,2025-06-11,1,575.84
5029,308,72,2025-03-25,1,246.7
5030,165,73,2025-04-30,1,440.03
5031,165,57,2025-05-05,1,349.1
5032,495,87,2024-10-06,1,40.12
5033,449,72,2025-05-23,1,246.7
5034,239,140,2025-04-30,1,238.53
5035,46,82,2025-04-26,2,283.53
5036,121,109,2025-06-26,1,482.64
5037,33,139,2025-02-05,1,224.44
5038,106,139,2024-12-16,1,224.44
5039,352,102,2025-02-16,2,582.99
5040,342,33,2025-06-14,1,121.24
5041,275,141,2024-10-25,1,489.58
5042,223,31,2025-05-05,1,211.87
5043,388,29,2024-12-16,1,58.54
5044,82,18,2025-04-26,1,102.42
5045,291,130,2025-05-31,1,499.34
5046,167,130,2024-10-11,1,499.34
5047,208,20,2025-06-10,2,636.49
5048,241,90,2025-06-23,1,456.59
5049,261,77,2024-11-22,1,516.83
5050,25,145,2024-11-08,1,96.4
5051,232,123,2025-01-22,2,79.03
5052,393,42,2024-12-12,1,19.58
5053,484,59,2024-11-04,1,122.16
5054,260,131,2025-04-05,1,625.36
5055,264,113,2025-01-23,1,440.12
5056,449,83,2025-05-22,1,296.51
5057,118,116,2025-05-29,1,105.33
5058,214,106,2025-07-22,1,330.68
5059,188,114,2024-11-23,1,647.69
5060,398,117,2025-04-16,1,524.45
5061,442,2,2025-02-04,1,18.99
5062,457,36,2025-06-27,1,91.26
5063,121,22,2024-12-13,1,163.49
5064,101,124,2025-05-14,1,209.47
5065,170,74,2025-06-09,1,488.38
5066,154,128,2024-12-26,1,384.68
5067,449,47,2024-11-23,1,87.46
5068,83,10,2025-06-03,2,394.66
5069,396,96,2024-08-25,1,65.11
5070,158,127,2024-11-29,1,179.33
5071,194,89,2024-08-20,1,126.7
5072,118,116,2025-02-03,1,105.33
5073,217,41,2025-01-05,1,189.78
5074,442,76,2024-12-29,1,398.3
5075,246,146,2024-11-12,2,343.96
5076,257,95,2024-10-28,1,61.73
5077,449,123,2024-11-18,1,79.03
5078,180,69,2025-04-26,1,186.83
5079,202,128,2025-03-07,1,384.68
5080,94,62,2025-01-10,1,26.71
5081,149,53,2025-06-14,1,487.84
5082,330,35,2024-12-24,1,401.85
5083,122,122,2024-09-14,1,230.92
5084,121,125,2025-01-29,1,300.73
5085,383,149,2025-04-26,1,429.45
5086,430,92,2024-08-04,1,213.89
5087,301,84,2024-10-06,1,338.34
5088,340,86,2025-01-26,1,118.49
5089,266,12,2025-03-08,1,261.78
5090,18,31,2025-05-26,1,211.87
5091,330,72,2024-12-22,2,246.7
5092,312,111,2024-10-25,1,438.69
5093,115,145,2025-07-09,1,96.4
5094,169,92,2025-06-20,2,213.89
5095,183,16,2025-05-29,2,412.27
5096,385,1,2025-06-11,3,335.74
5097,304,62,2025-04-15,1,26.71
5098,226,109,2024-08-14,1,482.64
5099,61,9,2024-08-22,1,719.54
5100,171,31,2025-01-05,1,211.87
5101,329,130,2024-11-26,1,499.34
5102,412,1,2024-11-27,1,335.74
5103,420,44,2024-11-30,1,392.03
5104,491,146,2025-01-10,2,343.96
5105,468,105,2024-08-03,1,205.64
5106,448,89,2025-04-04,1,211.17
5107,79,19,2024-11-13,1,90.14
5108,155,53,2024-11-02,1,487.84
5109,299,118,2024-12-24,2,319.7
5110,224,91,2025-02-13,1,73.18
5111,200,40,2025-04-09,1,480.83
5112,169,11,2024-11-22,1,16.25
5113,437,58,2024-12-28,2,440.25
5114,249,36,2024-10-06,1,91.26
5115,177,131,2025-07-27,1,625.36
5116,402,117,2025-02-05,1,524.45
5117,222,128,2024-09-05,2,384.68
5118,164,95,2024-11-06,1,61.73
5119,481,27,2024-10-04,1,520.9
5120,184,25,2025-06-27,1,485.62
5121,101,140,2025-04-24,1,238.53
5122,166,3,2024-12-13,1,217.96
5123,17,136,2024-11-13,1,82.14
5124,121,16,2025-03-26,1,412.27
5125,49,16,2025-04-30,1,412.27
5126,314,93,2025-03-30,1,575.84
5127,114,111,2025-07-28,1,438.69
5128,212,10,2025-03-22,1,394.66
5129,60,144,2025-04-03,1,183.68
5130,172,121,2024-12-12,1,538.87
5131,304,24,2024-12-15,1,563.43
5132,71,40,2025-02-11,2,480.83
5133,454,18,2025-01-14,1,102.42
5134,415,108,2024-09-16,1,182.24
5135,468,134,2025-05-11,1,524.84
5136,319,118,2024-09-22,1,319.7
5137,6,53,2025-06-27,1,487.84
5138,174,131,2024-09-02,1,625.36
5139,305,58,2024-11-19,1,440.25
5140,164,115,2024-08-15,1,281.46
5141,107,40,2024-10-28,1,480.83
5142,394,18,2024-11-18,1,102.42
5143,343,64,2024-11-29,1,312.23
5144,452,146,2024-10-13,2,343.96
5145,442,130,2024-10-25,1,499.34
5146,315,138,2024-12-04,1,382.16
5147,223,14,2025-05-04,2,348.48
5148,332,66,2024-12-15,1,198.33
5149,451,72,2025-04-10,1,246.7
5150,24,90,2025-02-18,1,456.59
5151,70,150,2024-12-12,1,468.27
5152,109,4,2024-09-29,1,510.73
5153,414,128,2025-05-26,1,384.68
5154,155,74,2024-11-04,1,488.38
5155,400,124,2025-03-14,2,209.47
5156,233,68,2024-08-29,1,295.67
5157,52,60,2024-11-18,1,190.26
5158,451,112,2025-01-15,2,332.67
5159,47,23,2025-04-23,1,113.32
5160,403,73,2024-10-16,2,488.92
5161,202,125,2024-09-20,1,300.73
5162,459,84,2025-02-03,1,338.34
5163,237,32,2024-10-28,1,294.11
5164,493,48,2024-08-23,1,478.84
5165,326,26,2025-05-11,2,80.28
5166,137,37,2025-05-19,1,226.59
5167,227,60,2025-07-17,1,190.26
5168,302,128,2024-11-03,2,384.68
5169,91,115,2025-05-01,1,281.46
5170,157,139,2024-08-21,45,224.44
5171,260,135,2024-12-21,1,416.04
5172,63,55,2025-06-27,3,526.4
5173,473,50,2025-05-21,1,98.91
5174,159,36,2025-03-24,1,91.26
5175,212,38,2024-09-17,1,455.18
5176,224,126,2025-07-06,1,217.72
5177,322,147,2025-01-03,2,363.91
5178,17,55,2024-12-20,1,526.4
5179,420,59,2025-04-19,1,122.16
5180,461,8,2025-03-29,1,62.79
5181,202,7,2024-09-28,1,303.12
5182,279,93,2024-10-17,1,575.84
5183,106,12,2024-10-20,1,261.78
5184,53,23,2025-03-24,1,113.32
5185,27,52,2025-07-05,1,225.66
5186,159,108,2025-07-11,1,182.24
5187,345,84,2024-09-27,1,338.34
5188,33,141,2024-09-23,1,489.58
5189,295,95,2024-11-01,1,61.73
5190,224,150,2025-03-17,1,398.03
5191,363,14,2024-12-06,1,348.48
5192,175,118,2024-11-18,1,319.7
5193,452,10,2025-05-20,1,394.66
5194,39,11,2025-02-11,1,16.25
5195,264,83,2025-05-02,1,296.51
5196,346,5,2024-10-31,1,287.24
5197,346,89,2025-04-24,1,211.17
5198,490,4,2024-12-23,2,510.73
5199,90,21,2024-09-16,2,199.22
5200,348,107,2025-06-17,1,68.9
5201,83,117,2024-10-08,1,524.45
5202,428,78,2024-12-25,1,334.81
5203,181,86,2025-05-30,2,118.49
5204,318,145,2025-07-02,1,96.4
5205,288,101,2024-11-18,1,15.78
5206,303,63,2025-05-26,1,341.84
5207,452,89,2024-09-30,1,211.17
5208,409,77,2024-11-06,1,516.83
5209,191,9,2025-05-04,1,719.54
5210,52,147,2024-10-06,1,363.91
5211,298,27,2024-08-14,1,520.9
5212,143,9,2024-10-19,1,719.54
5213,445,77,2025-03-05,1,516.83
5214,179,29,2025-06-11,1,58.54
5215,208,147,2024-11-27,1,363.91
5216,37,143,2024-12-21,1,385.7
5217,370,110,2024-09-13,1,152.47
5218,326,52,2025-05-30,1,225.66
5219,224,37,2024-11-25,1,226.59
5220,235,9,2024-12-23,1,719.54
5221,373,80,2024-09-24,1,189.8
5222,165,99,2024-12-12,1,208.73
5223,494,89,2024-08-04,1,211.17
5224,314,58,2024-08-17,1,440.25
5225,200,97,2024-10-03,1,24.03
5226,318,4,2025-06-24,1,510.73
5227,144,27,2025-02-06,1,520.9
5228,24,25,2025-01-26,1,485.62
5229,227,12,2024-12-05,1,261.78
5230,151,108,2024-09-24,1,182.24
5231,436,22,2024-12-07,1,163.49
5232,269,102,2024-08-02,3,582.99
5233,316,105,2025-05-12,1,205.64
5234,283,67,2025-04-21,1,331.31
5235,179,75,2024-11-15,1,137.49
5236,461,62,2024-09-21,1,26.71
5237,216,126,2024-12-20,1,217.72
5238,159,122,2024-09-16,1,230.92
5239,379,135,2025-05-06,1,416.04
5240,251,100,2024-09-24,1,229.29
5241,435,30,2025-07-27,2,442.18
5242,113,22,2024-09-13,2,163.49
5243,385,29,2024-09-22,3,58.54
5244,242,77,2025-01-18,1,516.83
5245,147,96,2024-12-26,1,65.11
5246,369,6,2025-04-09,1,120.34
5247,24,39,2025-02-22,1,578.5
5248,11,109,2025-07-27,1,482.64
5249,485,23,2024-11-02,1,113.32
5250,346,10,2025-03-17,1,394.66
5251,421,113,2025-04-12,1,440.12
5252,158,101,2024-10-01,1,15.78
5253,91,54,2025-01-18,1,349.2
5254,26,9,2024-11-11,1,719.54
5255,49,116,2024-09-10,1,105.33
5256,191,130,2024-09-02,1,499.34
5257,470,97,2025-04-01,1,24.03
5258,229,112,2025-02-23,1,332.67
5259,202,90,2024-09-21,1,456.59
5260,362,92,2024-09-29,1,213.89
5261,361,105,2025-05-29,1,205.64
5262,461,62,2025-03-28,1,26.71
5263,269,109,2024-12-08,1,482.64
5264,242,99,2025-07-02,1,208.73
5265,448,133,2024-11-29,1,145.25
5266,167,16,2025-05-10,1,412.27
5267,238,25,2024-12-17,2,485.62
5268,342,87,2025-01-09,2,40.12
5269,4,82,2025-07-29,1,283.53
5270,63,36,2024-10-28,1,91.26
5271,230,102,2024-12-31,1,582.99
5272,111,14,2025-06-24,1,348.48
5273,188,66,2024-09-03,1,198.33
5274,231,120,2025-05-30,1,556.25
5275,113,74,2024-12-28,1,488.38
5276,60,150,2024-10-16,1,468.27
5277,310,22,2024-12-25,2,163.49
5278,154,73,2025-04-06,1,488.92
5279,60,106,2024-12-15,1,330.68
5280,362,49,2025-03-12,1,77.56
5281,175,85,2024-12-27,1,339.74
5282,263,98,2024-12-14,1,81.7
5283,449,84,2025-07-05,3,338.34
5284,484,63,2024-11-18,1,341.84
5285,118,144,2025-04-21,1,183.68
5286,485,52,2024-09-24,1,225.66
5287,491,45,2024-09-12,3,53.21
5288,215,71,2025-06-01,1,320.91
5289,451,114,2025-05-27,1,647.69
5290,388,44,2025-05-03,1,392.03
5291,487,14,2024-11-28,1,348.48
5292,228,145,2025-02-08,1,96.4
5293,401,50,2024-12-11,1,98.91
5294,295,98,2025-03-03,2,81.7
5295,376,132,2024-11-01,1,208.38
5296,476,112,2025-07-09,1,332.67
5297,121,14,2024-10-20,1,348.48
5298,242,116,2025-05-30,1,105.33
5299,489,4,2024-10-24,1,510.73
5300,452,46,2025-04-16,1,429.28
5301,11,94,2024-08-26,1,512.02
5302,466,81,2025-05-29,1,261.53
5303,27,108,2024-09-30,1,182.24
5304,118,109,2025-03-05,1,482.64
5305,480,89,2025-03-07,46,211.17
5306,159,105,2024-10-30,2,205.64
5307,398,30,2024-11-23,1,442.18
5308,339,46,2025-02-10,1,429.28
5309,246,45,2025-02-20,1,53.21
5310,240,80,2025-06-24,1,189.8
5311,173,62,2025-06-09,1,26.71
5312,118,6,2025-05-07,1,120.34
5313,224,4,2024-12-14,1,510.73
5314,173,100,2025-03-08,1,229.29
5315,24,120,2024-10-17,2,556.25
5316,463,99,2024-08-06,1,208.73
5317,14,80,2025-01-21,1,189.8
5318,86,55,2024-10-12,1,526.4
5319,420,119,2024-12-03,1,393.46
5320,339,87,2025-02-25,1,40.12
5321,294,94,2025-05-07,1,512.02
5322,115,139,2024-11-22,2,224.44
5323,500,44,2025-04-14,1,392.03
5324,334,140,2025-04-27,1,238.53
5325,79,125,2025-05-22,1,300.73
5326,174,36,2024-09-02,1,91.26
5327,492,129,2024-09-07,2,435.24
5328,175,42,2024-12-06,1,19.58
5329,395,118,2024-11-13,1,319.7
5330,490,99,2024-09-25,1,208.73
5331,462,110,2024-12-06,1,152.47
5332,76,40,2024-12-09,2,480.83
5333,155,5,2025-04-19,2,287.24
5334,413,41,2025-07-25,1,189.78
5335,463,62,2024-10-24,1,26.71
5336,270,34,2024-12-21,1,333.49
5337,299,33,2025-04-11,1,121.24
5338,256,87,2025-03-08,1,40.12
5339,177,32,2025-07-23,1,294.11
5340,215,94,2025-03-02,1,512.02
5341,419,58,2024-09-02,2,440.25
5342,39,19,2025-06-01,2,90.14
5343,41,40,2025-05-07,1,480.83
5344,461,82,2024-10-14,1,283.53
5345,425,14,2024-09-10,1,348.48
5346,231,17,2024-12-14,1,62.02
5347,396,64,2024-12-06,2,312.23
5348,176,112,2025-05-25,1,332.67
5349,24,23,2025-06-13,1,113.32
5350,422,27,2024-09-16,1,520.9
5351,430,133,2025-05-29,1,145.25
5352,436,135,2024-08-26,1,416.04
5353,146,130,2025-06-11,1,499.34
5354,111,86,2024-12-05,1,118.49
5355,321,41,2024-09-06,1,189.78
5356,499,83,2024-09-01,2,222.38
5357,388,56,2025-06-02,1,443.42
5358,485,22,2024-11-15,1,163.49
5359,117,112,2024-12-06,1,332.67
5360,310,60,2024-09-21,1,190.26
5361,216,23,2024-12-12,1,113.32
5362,47,141,2025-06-03,1,489.58
5363,9,125,2025-04-06,1,300.73
5364,490,17,2024-10-09,1,62.02
5365,305,85,2025-05-25,1,339.74
5366,452,96,2024-08-25,1,65.11
5367,14,136,2025-03-09,1,82.14
5368,494,77,2024-08-26,1,516.83
5369,463,101,2025-03-12,2,15.78
5370,300,121,2025-01-07,1,538.87
5371,40,136,2025-03-15,1,82.14
5372,461,93,2024-11-22,1,575.84
5373,107,37,2024-12-03,1,226.59
5374,60,55,2025-02-06,1,526.4
5375,33,2,2024-11-03,1,18.99
5376,347,63,2024-08-28,2,341.84
5377,223,83,2025-06-20,1,296.51
5378,70,107,2025-06-08,1,68.9
5379,291,133,2024-08-28,2,145.25
5380,11,90,2024-11-04,1,456.59
5381,5,84,2024-10-17,1,338.34
5382,154,71,2025-03-20,1,320.91
5383,125,7,2025-03-31,1,303.12
5384,235,27,2025-06-10,1,520.9
5385,406,127,2024-08-15,1,179.33
5386,489,99,2024-10-30,1,208.73
5387,327,71,2024-09-21,1,320.91
5388,492,132,2024-12-07,1,208.38
5389,16,18,2024-08-31,1,102.42
5390,288,34,2025-05-02,1,333.49
5391,220,44,2024-10-05,1,392.03
5392,241,71,2024-09-10,2,320.91
5393,346,53,2025-01-31,1,487.84
5394,418,19,2024-12-18,1,90.14
5395,356,1,2025-03-06,1,335.74
5396,44,127,2024-08-28,1,179.33
5397,291,66,2024-12-07,1,198.33
5398,116,146,2025-04-03,1,343.96
5399,106,44,2025-03-09,1,392.03
5400,470,78,2025-04-30,1,334.81
5401,358,61,2025-05-11,2,112.18
5402,357,31,2025-06-22,1,211.87
5403,434,95,2024-12-14,1,61.73
5404,246,99,2024-10-29,3,208.73
5405,442,72,2025-04-15,1,246.7
5406,183,41,2024-12-08,1,189.78
5407,301,71,2024-12-16,1,320.91
5408,73,76,2024-12-09,1,398.3
5409,17,107,2025-02-05,1,68.9
5410,204,141,2025-03-28,1,489.58
5411,49,1,2024-09-09,1,335.74
5412,97,32,2024-11-08,1,294.11
5413,258,93,2025-03-18,1,575.84
5414,305,41,2024-09-13,1,189.78
5415,487,18,2024-12-03,1,102.42
5416,384,74,2024-10-25,1,488.38
5417,22,8,2024-08-16,2,62.79
5418,221,101,2025-05-12,1,15.78
5419,166,48,2025-07-17,1,478.84
5420,377,114,2024-08-22,1,647.69
5421,263,2,2025-06-22,1,18.99
5422,200,117,2024-11-26,1,524.45
5423,395,41,2025-05-07,1,189.78
5424,242,87,2024-10-14,1,40.12
5425,119,49,2024-11-26,1,77.56
5426,92,22,2024-11-26,1,163.49
5427,295,80,2024-08-07,1,189.8
5428,362,34,2024-09-23,1,333.49
5429,403,125,2025-02-19,1,300.73
5430,316,35,2025-04-16,1,401.85
5431,354,12,2024-12-21,1,261.78
5432,291,68,2024-12-12,1,295.67
5433,242,136,2024-11-16,1,82.14
5434,293,101,2024-11-20,2,15.78
5435,2,75,2025-05-10,1,137.49
5436,151,78,2025-07-09,1,334.81
5437,159,120,2024-10-15,1,556.25
5438,51,113,2024-12-09,1,440.12
5439,176,141,2025-05-28,1,489.58
5440,106,115,2025-01-09,1,281.46
5441,172,32,2025-07-26,1,294.11
5442,169,112,2025-04-03,1,332.67
5443,423,32,2024-12-08,1,294.11
5444,410,68,2025-06-03,1,295.67
5445,481,32,2024-10-29,2,294.11
5446,235,138,2024-11-13,1,382.16
5447,386,72,2025-06-29,1,246.7
5448,111,118,2025-03-19,1,319.7
5449,70,142,2024-11-29,2,274.55
5450,291,128,2024-09-22,1,384.68
5451,260,85,2025-05-18,2,339.74
5452,249,8,2024-10-28,1,62.79
5453,123,93,2024-11-17,1,575.84
5454,334,61,2024-10-02,1,131.98
5455,31,95,2024-09-29,1,61.73
5456,404,14,2024-11-26,1,348.48
5457,292,53,2024-08-02,2,487.84
5458,347,14,2025-03-25,3,348.48
5459,432,7,2024-09-28,2,303.12
5460,169,102,2025-02-14,2,582.99
5461,114,127,2025-05-08,1,179.33
5462,202,90,2024-12-30,1,456.59
5463,492,24,2024-12-26,1,563.43
5464,177,119,2024-12-27,1,524.61
5465,452,82,2025-06-29,1,283.53
5466,394,25,2024-12-20,1,485.62
5467,434,57,2024-11-08,1,349.1
5468,463,86,2025-05-29,1,118.49
5469,381,94,2024-08-18,1,512.02
5470,446,79,2024-12-21,1,135.77
5471,290,131,2025-05-29,1,625.36
5472,195,66,2024-09-08,1,198.33
5473,229,83,2025-07-19,1,296.51
5474,27,149,2024-12-16,2,429.45
5475,257,101,2025-07-29,1,15.78
5476,317,77,2025-05-05,1,516.83
5477,215,72,2025-05-30,1,246.7
5478,481,129,2025-06-13,2,435.24
5479,373,109,2024-11-08,1,482.64
5480,460,24,2025-05-08,1,478.92
5481,413,38,2025-05-11,1,455.18
5482,14,36,2024-10-21,1,91.26
5483,377,109,2025-04-28,1,482.64
5484,110,113,2025-05-17,1,440.12
5485,114,61,2025-06-11,1,131.98
5486,160,141,2025-05-30,1,489.58
5487,204,31,2025-02-10,1,211.87
5488,437,66,2025-06-01,1,198.33
5489,170,123,2024-10-07,1,79.03
5490,413,48,2025-01-31,1,478.84
5491,229,89,2025-06-20,1,211.17
5492,457,65,2024-11-04,1,135.17
5493,161,29,2025-05-20,1,58.54
5494,123,94,2025-03-25,2,512.02
5495,370,143,2025-04-19,1,385.7
5496,23,49,2024-09-30,1,77.56
5497,38,1,2025-03-22,1,335.74
5498,334,130,2024-10-10,1,499.34
5499,437,106,2024-09-08,2,330.68
5500,13,43,2025-06-27,1,418.43
5501,381,61,2024-12-22,1,131.98
5502,461,77,2024-10-10,1,516.83
5503,245,138,2024-10-30,1,382.16
5504,102,17,2024-09-08,1,62.02
5505,49,111,2024-12-14,1,438.69
5506,474,36,2025-02-04,1,91.26
5507,288,91,2024-10-07,1,73.18
5508,342,99,2025-05-11,1,208.73
5509,483,97,2024-12-29,1,24.03
5510,142,30,2024-08-24,1,442.18
5511,207,121,2025-04-16,1,538.87
5512,67,17,2025-05-23,1,62.02
5513,429,122,2024-08-26,1,230.92
5514,77,130,2025-02-21,1,499.34
5515,188,143,2025-02-26,1,385.7
5516,167,57,2024-11-17,2,349.1
5517,58,56,2024-12-21,1,443.42
5518,62,85,2025-04-15,1,339.74
5519,494,8,2024-12-22,1,62.79
5520,315,138,2024-09-15,1,382.16
5521,324,81,2025-04-22,1,261.53
5522,199,85,2025-07-19,2,339.74
5523,59,21,2025-03-20,1,199.22
5524,244,83,2024-09-07,1,296.51
5525,422,28,2025-02-08,1,213.35
5526,293,137,2024-09-03,1,63.66
5527,462,41,2024-08-31,1,189.78
5528,422,58,2025-05-22,1,440.25
5529,144,25,2025-07-03,1,485.62
5530,286,114,2024-11-04,2,647.69
5531,375,84,2025-03-14,1,338.34
5532,168,124,2025-05-19,1,209.47
5533,383,52,2024-08-23,2,225.66
5534,143,131,2025-05-31,1,625.36
5535,50,23,2024-08-08,1,113.32
5536,228,7,2025-04-05,1,303.12
5537,360,22,2025-07-01,1,163.49
5538,31,19,2024-11-25,1,90.14
5539,216,15,2025-04-25,1,206.74
5540,288,144,2025-05-31,2,183.68
5541,315,98,2024-11-18,1,81.7
5542,70,51,2025-02-28,1,383.07
5543,327,6,2025-06-01,1,120.34
5544,300,73,2025-03-31,1,488.92
5545,456,4,2024-09-12,2,510.73
5546,437,64,2024-09-06,1,312.23
5547,211,59,2025-01-18,2,97.73
5548,445,90,2024-11-22,1,456.59
5549,30,28,2024-09-05,1,213.35
5550,196,57,2024-12-30,1,349.1
5551,356,103,2025-02-01,1,296.39
5552,360,143,2024-12-02,1,385.7
5553,181,47,2024-10-17,2,87.46
5554,36,103,2024-12-18,1,296.39
5555,107,58,2025-03-11,1,440.25
5556,159,46,2025-03-08,1,429.28
5557,342,15,2025-05-29,1,206.74
5558,417,88,2024-12-07,1,288.97
5559,373,24,2025-05-05,1,478.92
5560,321,35,2025-05-08,1,401.85
5561,106,56,2024-10-30,2,443.42
5562,296,56,2024-11-25,1,443.42
5563,498,101,2024-12-31,1,15.78
5564,481,11,2024-10-10,1,16.25
5565,229,112,2025-01-17,1,332.67
5566,388,79,2024-12-20,1,135.77
5567,111,147,2025-02-18,2,363.91
5568,384,132,2025-06-14,1,208.38
5569,182,43,2024-09-10,1,418.43
5570,434,112,2025-02-20,2,332.67
5571,105,144,2025-05-17,1,183.68
5572,230,114,2025-01-14,1,582.92
5573,362,28,2024-09-21,1,213.35
5574,453,36,2025-07-18,1,91.26
5575,144,13,2024-12-16,1,379.07
5576,423,124,2025-07-08,1,209.47
5577,156,24,2025-05-17,1,563.43
5578,321,109,2024-08-31,1,482.64
5579,159,20,2024-09-10,1,636.49
5580,191,15,2025-01-20,1,206.74
5581,391,131,2025-05-29,1,625.36
5582,13,54,2025-01-21,1,349.2
5583,498,139,2024-12-23,1,224.44
5584,30,100,2025-04-10,1,229.29
5585,460,40,2024-10-06,1,480.83
5586,221,35,2025-05-09,1,401.85
5587,199,5,2025-06-26,1,215.43
5588,494,72,2024-11-27,1,246.7
5589,239,93,2024-09-03,1,575.84
5590,268,85,2025-02-18,1,339.74
5591,392,39,2024-08-07,3,347.1
5592,156,136,2025-05-24,2,82.14
5593,360,54,2024-12-21,2,349.2
5594,391,99,2025-03-08,1,208.73
5595,491,139,2024-12-24,1,224.44
5596,363,44,2025-05-05,1,392.03
5597,350,78,2025-05-07,1,334.81
5598,199,15,2024-12-03,1,206.74
5599,498,130,2024-10-15,1,499.34
5600,54,84,2025-02-15,1,338.34
5601,362,41,2025-05-23,1,189.78
5602,107,82,2025-05-08,1,283.53
5603,109,143,2025-05-07,1,385.7
5604,165,55,2025-03-13,2,526.4
5605,198,65,2024-12-02,1,135.17
5606,295,40,2025-04-14,1,480.83
5607,351,108,2025-07-15,1,182.24
5608,240,150,2024-11-20,1,468.27
5609,298,117,2024-08-11,1,524.45
5610,9,141,2025-04-09,3,489.58
5611,257,134,2024-10-20,1,524.84
5612,260,26,2024-08-05,3,80.28
5613,479,100,2025-06-21,1,229.29
5614,293,68,2024-08-06,2,295.67
5615,157,95,2025-01-08,1,61.73
5616,61,147,2025-02-17,1,363.91
5617,227,127,2024-09-24,1,179.33
5618,23,134,2024-12-09,1,524.84
5619,207,63,2024-11-21,1,341.84
5620,389,129,2025-01-05,1,435.24
5621,54,36,2024-09-18,1,91.26
5622,420,148,2024-12-03,1,543.51
5623,302,52,2024-09-29,1,225.66
5624,51,80,2025-02-18,3,189.8
5625,478,64,2024-08-04,1,312.23
5626,37,87,2025-03-22,1,40.12
5627,125,33,2025-05-06,1,121.24
5628,208,148,2024-09-14,1,543.51
5629,164,18,2025-01-07,3,102.42
5630,395,124,2024-08-24,1,209.47
5631,202,84,2024-12-02,1,338.34
5632,118,93,2025-07-22,1,575.84
5633,358,24,2025-02-06,1,563.43
5634,54,140,2024-11-04,1,238.53
5635,260,94,2024-10-04,1,512.02
5636,156,72,2025-03-16,1,246.7
5637,377,44,2024-11-24,1,392.03
5638,367,34,2025-05-09,1,333.49
5639,17,24,2024-11-05,1,563.43
5640,251,103,2024-10-26,1,296.39
5641,362,101,2024-10-27,1,15.78
5642,227,12,2024-09-18,1,261.78
5643,354,3,2024-09-27,1,196.16
5644,46,100,2024-11-17,2,229.29
5645,213,4,2025-03-29,1,357.51
5646,395,32,2025-07-20,1,294.11
5647,260,104,2025-05-12,1,235.06
5648,485,131,2025-07-29,2,625.36
5649,101,35,2024-11-19,1,401.85
5650,251,20,2024-10-19,1,636.49
5651,70,146,2025-05-25,2,343.96
5652,1,93,2024-12-20,1,575.84
5653,115,106,2025-07-03,2,330.68
5654,114,140,2025-04-21,1,238.53
5655,176,145,2025-04-02,2,96.4
5656,288,31,2024-08-28,1,211.87
5657,32,17,2024-11-18,1,62.02
5658,371,49,2025-05-02,1,77.56
5659,271,126,2024-11-26,1,217.72
5660,414,64,2024-10-19,1,312.23
5661,479,123,2024-09-15,1,79.03
5662,49,67,2025-07-02,2,331.31
5663,114,49,2024-09-03,2,77.56
5664,1,143,2025-07-30,1,385.7
5665,113,5,2024-10-05,1,287.24
5666,382,69,2024-12-20,1,186.83
5667,421,116,2025-07-23,1,105.33
5668,342,80,2024-10-07,1,189.8
5669,470,114,2025-03-13,1,647.69
5670,468,88,2024-09-22,1,288.97
5671,209,49,2024-11-08,2,77.56
5672,291,106,2024-10-06,2,330.68
5673,346,49,2025-03-02,1,77.56
5674,334,23,2025-02-19,1,113.32
5675,390,115,2025-06-01,2,281.46
5676,319,121,2025-03-14,1,538.87
5677,357,109,2025-01-30,2,482.64
5678,500,141,2025-05-27,1,489.58
5679,315,139,2025-05-03,2,224.44
5680,70,110,2025-06-30,1,152.47
5681,293,101,2025-06-03,2,15.78
5682,463,109,2024-09-07,1,482.64
5683,291,95,2024-10-21,2,61.73
5684,393,148,2025-04-29,1,543.51
5685,432,108,2024-08-15,1,182.24
5686,377,108,2025-02-17,1,182.24
5687,222,31,2025-05-18,1,211.87
5688,230,148,2025-03-03,1,543.51
5689,477,60,2025-04-14,1,190.26
5690,461,101,2024-10-18,1,15.78
5691,498,57,2025-02-02,1,349.1
5692,215,111,2024-12-09,1,438.69
5693,282,112,2025-03-09,1,332.67
5694,487,113,2024-11-09,2,440.12
5695,155,38,2024-11-24,1,455.18
5696,159,62,2025-01-24,1,26.71
5697,260,105,2024-10-25,1,205.64
5698,229,48,2025-02-14,1,478.84
5699,499,145,2024-09-30,1,96.4
5700,257,15,2024-10-15,1,206.74
5701,292,125,2024-12-15,1,300.73
5702,362,66,2025-06-13,1,198.33
5703,394,122,2025-07-31,1,230.92
5704,92,1,2025-02-11,1,335.74
5705,412,105,2024-11-11,1,205.64
5706,176,124,2024-12-01,1,209.47
5707,224,45,2024-12-23,2,53.21
5708,225,79,2025-07-08,1,135.77
5709,346,130,2025-04-30,2,499.34
5710,223,135,2024-12-04,2,416.04
5711,467,126,2024-12-02,2,217.72
5712,161,94,2025-02-24,1,512.02
5713,4,125,2024-12-15,1,300.73
5714,207,78,2025-04-13,2,334.81
5715,312,10,2025-03-21,2,394.66
5716,309,74,2024-12-16,1,488.38
5717,179,61,2025-06-22,1,131.98
5718,219,95,2024-11-11,1,61.73
5719,249,103,2024-12-01,3,296.39
5720,135,86,2025-05-16,1,118.49
5721,442,10,2024-12-17,1,394.66
5722,305,58,2024-09-02,1,440.25
5723,23,144,2024-12-22,1,183.68
5724,364,30,2024-10-30,1,442.18
5725,257,101,2025-02-06,1,15.78
5726,190,8,2025-05-21,1,62.79
5727,412,35,2025-01-22,2,401.85
5728,458,44,2025-02-20,1,392.03
5729,292,72,2025-03-17,1,246.7
5730,485,103,2024-12-01,1,296.39
5731,46,93,2024-12-20,2,575.84
5732,242,117,2024-12-15,1,524.45
5733,49,73,2024-12-25,1,488.92
5734,179,50,2025-06-30,1,98.91
5735,113,106,2024-11-09,2,330.68
5736,246,125,2024-09-29,1,300.73
5737,64,19,2024-11-18,1,90.14
5738,358,130,2025-02-28,1,499.34
5739,394,36,2025-03-23,1,91.26
5740,327,85,2024-09-10,1,339.74
5741,264,24,2025-05-09,1,478.92
5742,366,109,2025-05-13,1,482.64
5743,354,34,2024-10-20,1,333.49
5744,238,76,2025-07-03,1,398.3
5745,164,13,2024-10-30,1,379.07
5746,463,21,2024-12-11,1,199.22
5747,414,145,2024-09-27,1,96.4
5748,240,106,2025-07-13,1,330.68
5749,176,128,2025-04-28,1,384.68
5750,454,22,2024-10-15,1,163.49
5751,377,21,2025-03-16,2,199.22
5752,135,16,2024-10-07,1,412.27
5753,406,41,2025-02-25,1,189.78
5754,105,13,2025-03-28,1,379.07
5755,196,121,2024-12-21,1,538.87
5756,194,121,2025-05-02,1,538.87
5757,15,24,2025-02-05,1,563.43
5758,333,126,2024-08-24,1,217.72
5759,221,45,2024-10-17,1,53.21
5760,257,16,2025-07-16,1,412.27
5761,72,6,2024-10-05,1,120.34
5762,468,80,2024-11-04,1,189.8
5763,360,37,2024-11-08,1,226.59
5764,377,32,2024-11-20,1,294.11
5765,220,22,2025-07-22,1,163.49
5766,443,102,2024-11-10,1,582.99
5767,122,47,2024-11-04,1,87.46
5768,27,39,2024-12-05,2,578.5
5769,81,143,2024-11-29,1,385.7
5770,111,1,2025-03-15,1,335.74
5771,422,18,2025-06-12,2,102.42
5772,360,110,2024-10-29,2,152.47
5773,362,46,2024-11-22,2,429.28
5774,22,67,2024-11-24,1,331.31
5775,167,89,2025-03-05,1,211.17
5776,50,87,2025-04-17,1,40.12
5777,193,69,2024-11-11,1,186.83
5778,293,13,2024-09-20,1,379.07
5779,356,63,2024-10-03,1,341.84
5780,383,52,2024-09-21,1,225.66
5781,171,93,2025-05-11,1,575.84
5782,307,45,2025-07-28,1,53.21
5783,404,46,2025-06-19,1,429.28
5784,251,12,2025-01-14,1,261.78
5785,278,102,2024-12-13,2,582.99
5786,232,128,2024-10-18,1,384.68
5787,420,84,2025-04-18,1,338.34
5788,438,77,2024-12-28,1,516.83
5789,10,19,2024-10-18,1,90.14
5790,64,26,2025-05-17,1,80.28
5791,170,67,2025-01-29,1,331.31
5792,111,5,2025-02-10,2,287.24
5793,180,67,2025-01-20,1,331.31
5794,50,127,2025-07-02,1,179.33
5795,24,80,2025-02-16,1,189.8
5796,327,137,2024-12-04,1,63.66
5797,61,21,2025-06-28,1,199.22
5798,4,148,2024-08-29,1,543.51
5799,216,77,2024-12-20,1,516.83
5800,172,63,2024-11-29,1,341.84
5801,362,36,2025-07-09,1,91.26
5802,307,115,2025-01-13,1,281.46
5803,212,13,2025-07-04,3,379.07
5804,483,148,2025-02-14,1,543.51
5805,342,26,2025-07-05,1,80.28
5806,327,86,2024-12-25,1,118.49
5807,181,57,2024-11-26,2,349.1
5808,97,112,2025-02-14,1,332.67
5809,446,74,2024-12-20,2,488.38
5810,461,150,2024-12-07,1,468.27
5811,500,142,2025-07-04,1,274.55
5812,224,13,2024-09-14,2,379.07
5813,386,16,2024-12-16,1,412.27
5814,232,103,2025-03-08,1,296.39
5815,469,42,2024-11-17,2,19.58
5816,238,78,2024-08-10,2,334.81
5817,420,126,2025-07-08,1,217.72
5818,108,83,2025-04-12,1,296.51
5819,217,57,2025-07-05,2,349.1
5820,427,69,2025-01-05,1,186.83
5821,335,71,2024-11-12,1,320.91
5822,377,126,2025-06-14,1,217.72
5823,244,86,2025-03-21,1,118.49
5824,439,83,2025-03-31,1,296.51
5825,37,138,2024-10-24,2,382.16
5826,315,70,2025-04-05,1,300.47
5827,420,59,2024-11-03,1,122.16
5828,161,78,2025-06-30,1,334.81
5829,374,84,2025-03-04,1,338.34
5830,259,135,2024-11-12,1,416.04
5831,244,6,2025-02-12,1,120.34
5832,482,54,2024-11-05,1,349.2
5833,429,63,2024-11-02,1,341.84
5834,251,51,2024-10-14,2,383.07
5835,324,85,2024-10-01,1,339.74
5836,352,141,2025-01-26,1,489.58
5837,306,22,2025-02-10,1,163.49
5838,229,106,2024-12-23,1,330.68
5839,14,95,2024-12-24,1,61.73
5840,352,88,2025-07-31,1,288.97
5841,375,148,2024-10-11,1,543.51
5842,283,33,2025-05-15,1,121.24
5843,118,105,2025-01-04,2,205.64
5844,126,135,2025-04-12,1,416.04
5845,308,99,2025-05-21,1,208.73
5846,211,35,2024-09-15,1,401.85
5847,194,10,2024-11-12,1,394.66
5848,474,119,2025-01-25,2,524.61
5849,290,96,2024-08-18,1,65.11
5850,327,116,2025-01-17,2,105.33
5851,17,21,2025-02-25,2,199.22
5852,176,79,2025-03-29,1,135.77
5853,118,21,2024-12-18,1,199.22
5854,494,51,2025-06-12,1,383.07
5855,121,83,2025-03-26,1,296.51
5856,36,110,2024-10-10,1,152.47
5857,407,127,2025-02-11,1,179.33
5858,362,28,2024-11-14,1,213.35
5859,408,38,2024-08-05,1,455.18
5860,136,95,2025-01-27,2,61.73
5861,122,107,2025-04-28,2,68.9
5862,170,146,2025-03-07,1,343.96
5863,135,45,2025-06-11,1,53.21
5864,137,9,2024-12-05,1,719.54
5865,362,146,2024-12-28,1,343.96
5866,219,74,2025-06-08,1,488.38
5867,107,32,2024-12-11,1,294.11
5868,450,26,2025-03-19,1,80.28
5869,119,66,2025-02-26,1,198.33
5870,315,87,2024-10-27,1,40.12
5871,113,113,2025-04-14,1,440.12
5872,54,126,2024-12-17,1,217.72
5873,101,30,2024-10-20,23,442.18
5874,362,88,2025-05-20,3,288.97
5875,362,118,2025-04-23,1,319.7
5876,447,39,2024-12-25,2,578.5
5877,165,141,2025-02-28,2,489.58
5878,477,127,2024-10-04,1,179.33
5879,61,111,2024-08-06,1,438.69
5880,266,121,2024-12-21,1,538.87
5881,381,130,2025-01-03,1,499.34
5882,269,38,2024-09-02,1,455.18
5883,480,36,2025-06-09,2,91.26
5884,362,37,2025-01-30,2,226.59
5885,437,70,2024-09-28,1,300.47
5886,46,11,2025-03-25,3,16.25
5887,267,31,2025-02-17,1,211.87
5888,111,67,2025-05-26,1,331.31
5889,354,71,2025-06-09,2,320.91
5890,338,16,2024-09-05,1,412.27
5891,49,117,2024-11-05,1,524.45
5892,150,120,2025-01-15,1,556.25
5893,204,84,2024-11-22,2,338.34
5894,241,143,2025-05-09,1,385.7
5895,102,111,2024-11-13,1,438.69
5896,346,91,2024-11-02,2,73.18
5897,119,72,2025-02-25,1,246.7
5898,375,124,2024-11-08,1,209.47
5899,290,77,2024-12-28,1,516.83
5900,105,130,2025-02-25,1,499.34
5901,140,140,2024-09-25,1,238.53
5902,394,37,2024-11-27,1,226.59
5903,199,79,2025-05-24,1,135.77
5904,339,147,2025-06-30,1,363.91
5905,21,134,2024-08-26,1,524.84
5906,39,61,2025-07-01,1,131.98
5907,121,139,2024-09-02,1,224.44
5908,328,8,2025-01-02,2,62.79
5909,181,71,2025-01-11,2,320.91
5910,375,141,2024-11-25,2,489.58
5911,126,7,2024-10-23,1,303.12
5912,257,51,2024-12-22,1,383.07
5913,363,13,2025-01-21,1,379.07
5914,216,62,2024-10-21,2,26.71
5915,451,54,2024-10-08,2,349.2
5916,372,130,2024-11-28,1,499.34
5917,188,74,2024-08-09,1,488.38
5918,498,3,2024-09-25,1,217.96
5919,346,64,2024-08-06,1,312.23
5920,386,56,2024-11-21,2,443.42
5921,393,91,2025-03-07,2,73.18
5922,396,110,2025-01-09,1,152.47
5923,28,40,2024-08-30,1,480.83
5924,181,142,2025-06-25,1,274.55
5925,395,100,2024-08-29,1,229.29
5926,162,5,2024-12-11,1,287.24
5927,214,127,2024-10-27,1,179.33
5928,351,50,2024-11-19,1,98.91
5929,389,1,2024-10-07,1,335.74
5930,60,63,2025-05-04,1,341.84
5931,456,87,2024-08-09,1,40.12
5932,205,111,2024-12-28,2,438.69
5933,42,137,2025-02-08,1,63.66
5934,156,143,2024-12-11,1,385.7
5935,276,76,2025-05-07,1,398.3
5936,117,64,2024-12-12,1,312.23
5937,271,120,2025-06-24,1,556.25
5938,132,36,2025-03-14,1,91.26
5939,195,22,2024-10-15,2,163.49
5940,80,142,2024-09-02,1,274.55
5941,166,121,2025-01-23,1,538.87
5942,72,67,2025-05-01,1,331.31
5943,368,22,2024-12-09,1,163.49
5944,375,96,2025-04-06,1,65.11
5945,251,119,2024-11-05,2,524.61
5946,342,17,2024-09-21,1,62.02
5947,209,90,2024-10-01,1,456.59
5948,210,5,2025-04-20,1,287.24
5949,137,22,2025-06-11,1,163.49
5950,394,128,2024-09-07,1,384.68
5951,460,32,2025-04-06,1,294.11
5952,324,145,2024-11-24,3,81.94
5953,5,23,2025-01-28,1,113.32
5954,437,56,2025-06-03,1,443.42
5955,346,22,2024-09-26,1,163.49
5956,268,85,2024-10-28,2,339.74
5957,429,14,2024-12-09,2,348.48
5958,183,70,2025-05-13,1,300.47
5959,166,29,2024-10-23,1,58.54
5960,389,73,2024-12-27,1,488.92
5961,53,62,2024-09-27,1,26.71
5962,159,80,2024-11-09,1,189.8
5963,485,65,2024-12-27,1,135.17
5964,110,113,2024-08-10,1,440.12
5965,170,71,2025-04-23,1,320.91
5966,342,21,2025-01-17,1,199.22
5967,405,32,2025-03-26,1,294.11
5968,413,60,2024-10-25,1,190.26
5969,463,61,2025-01-08,2,131.98
5970,93,76,2024-12-10,1,398.3
5971,81,103,2024-11-02,43,296.39
5972,305,75,2025-03-01,2,137.49
5973,88,133,2024-11-03,1,145.25
5974,159,121,2025-04-12,1,538.87
5975,477,97,2024-10-27,1,24.03
5976,260,110,2025-02-21,1,152.47
5977,54,78,2024-09-12,1,334.81
5978,374,119,2025-06-06,1,524.61
5979,107,99,2024-10-20,1,208.73
5980,492,146,2024-12-25,1,343.96
5981,412,79,2025-02-27,1,135.77
5982,437,112,2024-10-17,1,332.67
5983,290,126,2024-11-28,1,217.72
5984,23,48,2024-12-30,1,478.84
5985,414,74,2024-11-01,1,488.38
5986,125,24,2025-02-10,1,563.43
5987,155,2,2025-07-06,1,18.99
5988,170,140,2025-04-21,1,238.53
5989,269,23,2024-09-19,1,113.32
5990,184,99,2024-09-24,1,208.73
5991,216,44,2024-08-21,1,392.03
5992,118,23,2025-05-21,1,113.32
5993,166,55,2024-11-23,3,526.4
5994,352,38,2024-10-20,1,455.18
5995,445,17,2025-06-25,2,62.02
5996,237,48,2024-10-17,1,478.84
5997,369,119,2025-05-03,2,524.61
5998,360,74,2025-05-02,2,488.38
5999,320,59,2025-02-22,1,122.16
6000,159,54,2024-08-05,1,349.2
6001,485,97,2025-05-26,1,24.03
6002,468,128,2025-01-15,1,384.68
6003,389,70,2025-05-03,1,300.47
6004,459,141,2025-07-11,1,489.58
6005,440,53,2025-02-15,1,487.84
6006,398,126,2025-04-12,1,217.72
6007,299,148,2025-04-26,1,543.51
6008,137,50,2024-12-23,1,98.91
6009,458,94,2024-10-06,1,512.02
6010,60,140,2025-07-04,1,238.53
6011,148,26,2025-06-09,1,80.28
6012,183,150,2024-10-31,2,468.27
6013,210,71,2024-11-02,1,320.91
6014,451,47,2025-07-20,1,87.46
6015,134,24,2024-12-24,1,563.43
6016,169,88,2024-12-08,1,288.97
6017,320,34,2024-09-27,2,333.49
6018,319,1,2024-09-16,1,335.74
6019,176,26,2025-06-11,1,80.28
6020,264,9,2024-12-21,1,719.54
6021,478,59,2025-04-27,1,122.16
6022,444,16,2024-10-22,1,412.27
6023,162,59,2024-11-10,1,122.16
6024,27,8,2025-05-09,2,62.79
6025,140,108,2024-11-21,1,182.24
6026,265,76,2025-03-05,1,398.3
6027,147,124,2025-07-28,1,209.47
6028,495,9,2024-11-09,1,719.54
6029,360,87,2025-05-04,1,40.12
6030,424,6,2025-05-06,1,120.34
6031,193,99,2024-09-19,1,208.73
6032,135,11,2025-06-20,1,16.25
6033,45,121,2024-10-31,1,538.87
6034,342,5,2025-06-12,1,215.43
6035,435,141,2024-09-01,1,489.58
6036,463,122,2025-03-10,1,230.92
6037,130,51,2024-12-03,1,383.07
6038,210,76,2024-11-14,1,398.3
6039,373,92,2024-11-13,1,213.89
6040,468,130,2025-04-05,1,499.34
6041,256,57,2024-09-12,1,349.1
6042,155,95,2025-06-22,1,61.73
6043,490,79,2025-02-23,1,135.77
6044,216,144,2025-03-21,1,183.68
6045,67,27,2024-09-25,1,520.9
6046,152,4,2024-09-08,1,510.73
6047,389,113,2024-10-20,1,440.12
6048,4,4,2024-11-24,1,510.73
6049,360,99,2024-10-18,1,208.73
6050,42,93,2024-11-23,1,575.84
6051,189,7,2024-11-04,1,303.12
6052,383,85,2024-09-02,1,339.74
6053,359,89,2025-07-25,1,211.17
6054,39,45,2025-04-04,1,53.21
6055,250,51,2024-10-25,1,383.07
6056,454,72,2025-05-03,1,246.7
6057,348,143,2024-12-05,1,385.7
6058,410,108,2025-06-15,1,182.24
6059,61,148,2025-06-07,1,543.51
6060,202,138,2025-02-26,1,382.16
6061,39,143,2025-02-09,1,385.7
6062,36,91,2024-09-18,1,73.18
6063,342,134,2025-03-18,1,524.84
6064,390,7,2025-06-12,2,303.12
6065,322,110,2024-10-23,1,152.47
6066,388,31,2024-11-23,1,180.09
6067,402,133,2025-06-22,1,145.25
6068,154,63,2024-10-09,1,341.84
6069,182,2,2025-06-08,1,18.99
6070,250,105,2024-12-16,1,205.64
6071,28,47,2025-02-27,1,87.46
6072,144,91,2025-01-03,1,65.86
6073,224,49,2025-05-15,1,77.56
6074,83,116,2025-06-01,1,105.33
6075,446,60,2024-12-09,1,190.26
6076,364,140,2025-05-20,1,238.53
6077,223,128,2024-12-20,2,384.68
6078,483,24,2025-04-18,1,563.43
6079,408,132,2025-01-02,1,208.38
6080,324,120,2025-03-25,1,556.25
6081,134,110,2025-06-19,1,152.47
6082,9,52,2024-12-28,2,225.66
6083,143,55,2025-05-01,1,526.4
6084,135,37,2024-12-27,2,226.59
6085,175,55,2025-06-06,1,526.4
6086,360,75,2025-06-24,1,137.49
6087,359,110,2024-08-17,2,152.47
6088,446,13,2024-12-27,1,379.07
6089,30,56,2024-09-01,2,443.42
6090,304,53,2025-05-06,1,487.84
6091,405,128,2024-11-22,1,384.68
6092,477,44,2024-11-06,1,392.03
6093,233,106,2024-08-22,2,330.68
6094,167,115,2025-05-04,2,281.46
6095,177,46,2025-03-31,1,429.28
6096,31,72,2024-09-24,1,246.7
6097,395,47,2024-11-30,1,87.46
6098,468,117,2024-08-07,1,524.45
6099,224,12,2024-11-17,1,261.78
6100,254,85,2025-06-02,1,339.74
6101,310,81,2024-11-13,1,261.53
6102,38,146,2025-01-31,1,343.96
6103,55,107,2025-05-17,1,68.9
6104,123,97,2024-12-29,2,24.03
6105,123,146,2025-05-19,1,343.96
6106,305,2,2025-04-29,1,18.99
6107,188,53,2024-08-18,2,487.84
6108,156,51,2025-03-07,1,383.07
6109,118,120,2025-07-19,1,556.25
6110,344,50,2024-11-27,1,98.91
6111,7,48,2024-12-30,1,478.84
6112,242,14,2024-12-08,1,348.48
6113,133,54,2025-02-08,1,349.2
6114,328,131,2024-10-04,1,625.36
6115,468,20,2024-10-10,1,636.49
6116,119,33,2024-11-01,1,121.24
6117,411,26,2024-08-05,1,80.28
6118,45,18,2024-12-11,1,102.42
6119,242,49,2025-06-04,1,77.56
6120,470,68,2024-10-27,1,295.67
6121,216,104,2024-11-27,1,235.06
6122,481,33,2025-01-08,1,121.24
6123,490,43,2024-12-26,2,418.43
6124,101,69,2025-01-26,2,186.83
6125,436,41,2025-06-02,2,189.78
6126,51,39,2024-12-06,1,578.5
6127,242,69,2025-07-04,1,186.83
6128,17,45,2025-03-30,1,53.21
6129,82,41,2025-06-24,1,189.78
6130,224,122,2025-03-26,1,230.92
6131,452,147,2024-12-05,1,363.91
6132,107,47,2025-05-12,2,87.46
6133,248,10,2025-07-12,1,394.66
6134,267,143,2025-01-14,1,385.7
6135,293,71,2025-01-25,1,320.91
6136,321,111,2025-01-08,2,438.69
6137,129,3,2025-01-15,1,217.96
6138,279,94,2025-06-11,1,512.02
6139,481,99,2024-09-04,1,208.73
6140,59,81,2025-06-23,1,261.53
6141,15,143,2024-12-11,1,385.7
6142,354,48,2025-01-05,1,478.84
6143,172,52,2024-11-26,1,225.66
6144,168,3,2025-06-23,1,217.96
6145,222,82,2024-10-12,3,283.53
6146,84,3,2024-12-30,1,217.96
6147,33,39,2025-03-25,1,578.5
6148,376,13,2025-05-25,2,379.07
6149,346,98,2025-05-20,1,81.7
6150,453,113,2024-12-12,1,440.12
6151,79,108,2025-06-05,1,182.24
6152,106,28,2025-01-18,2,213.35
6153,55,9,2024-11-22,1,719.54
6154,349,32,2025-04-29,1,294.11
6155,408,21,2024-12-01,1,199.22
6156,217,24,2024-11-02,2,563.43
6157,396,139,2025-05-13,1,224.44
6158,109,92,2024-10-29,1,213.89
6159,221,123,2025-04-01,1,79.03
6160,146,3,2024-12-25,1,217.96
6161,454,120,2025-03-11,1,556.25
6162,111,33,2025-07-17,3,121.24
6163,369,107,2024-11-01,1,68.9
6164,104,53,2025-07-21,1,487.84
6165,284,81,2024-11-24,1,261.53
6166,196,54,2025-04-20,1,349.2
6167,435,34,2024-09-24,1,333.49
6168,193,26,2024-12-28,1,80.28
6169,45,91,2025-04-03,1,73.18
6170,199,127,2025-01-06,1,179.33
6171,270,60,2025-02-19,3,190.26
6172,327,10,2025-03-09,1,394.66
6173,490,80,2025-01-22,1,189.8
6174,481,40,2024-09-27,2,480.83
6175,205,50,2025-06-01,1,98.91
6176,150,129,2025-04-03,1,435.24
6177,383,104,2024-11-28,2,235.06
6178,85,41,2024-10-23,1,189.78
6179,423,132,2024-09-13,1,208.38
6180,409,107,2024-12-27,1,68.9
6181,333,5,2025-02-16,1,287.24
6182,461,35,2024-12-31,1,401.85
6183,360,131,2025-03-13,3,625.36
6184,227,129,2025-04-09,1,435.24
6185,224,138,2025-04-24,1,382.16
6186,454,9,2025-05-31,1,719.54
6187,167,141,2024-10-13,1,489.58
6188,459,62,2025-05-26,3,26.71
6189,446,87,2024-11-05,1,40.12
6190,296,104,2025-03-25,1,235.06
6191,37,16,2025-04-28,2,412.27
6192,426,137,2024-12-13,1,63.66
6193,193,39,2024-11-14,1,578.5
6194,253,114,2024-10-21,1,647.69
6195,102,138,2024-09-23,1,382.16
6196,144,59,2024-11-20,2,122.16
6197,370,66,2024-11-16,1,198.33
6198,454,40,2025-05-02,1,480.83
6199,70,15,2024-09-10,1,206.74
6200,26,48,2025-03-16,1,478.84
6201,262,105,2024-10-15,1,205.64
6202,452,8,2025-05-27,2,62.79
6203,223,84,2025-02-08,1,338.34
6204,190,46,2025-07-03,2,429.28
6205,129,140,2025-07-09,1,238.53
6206,444,106,2024-10-02,1,330.68
6207,295,145,2024-12-02,1,81.94
6208,152,67,2024-09-10,2,331.31
6209,93,81,2025-04-30,1,196.15
6210,388,68,2025-01-05,1,295.67
6211,313,102,2025-01-09,3,582.99
6212,116,146,2024-12-03,3,343.96
6213,160,12,2024-08-22,1,261.78
6214,260,36,2025-01-01,1,91.26
6215,395,49,2025-03-25,1,77.56
6216,494,5,2025-04-29,1,287.24
6217,239,102,2024-09-10,1,582.99
6218,189,1,2025-06-03,1,335.74
6219,463,69,2024-12-04,1,186.83
6220,173,18,2024-12-02,1,102.42
6221,191,82,2025-06-17,2,283.53
6222,468,137,2025-03-09,1,63.66
6223,264,42,2024-12-01,1,19.58
6224,213,30,2025-05-18,1,442.18
6225,469,50,2024-09-29,2,98.91
6226,123,38,2024-12-27,1,455.18
6227,172,99,2025-07-04,1,208.73
6228,375,89,2025-03-30,1,211.17
6229,107,72,2025-03-22,1,246.7
6230,481,148,2024-10-21,2,543.51
6231,216,60,2025-06-29,2,190.26
6232,498,73,2024-12-06,1,488.92
6233,296,140,2025-04-24,1,238.53
6234,113,80,2024-12-09,1,189.8
6235,149,106,2024-09-09,1,330.68
6236,190,126,2024-11-13,1,217.72
6237,189,124,2024-10-03,2,209.47
6238,177,118,2024-08-01,1,319.7
6239,159,61,2024-11-18,2,131.98
6240,155,12,2024-10-13,1,261.78
6241,474,67,2024-11-15,1,331.31
6242,153,81,2024-12-13,1,261.53
6243,253,79,2025-07-13,3,135.77
6244,385,125,2024-09-29,1,300.73
6245,140,110,2025-05-24,1,152.47
6246,470,47,2025-03-03,1,87.46
6247,261,32,2024-12-12,1,294.11
6248,162,84,2024-10-28,1,338.34
6249,299,145,2024-12-21,1,81.94
6250,111,105,2025-04-18,1,205.64
6251,442,86,2024-12-17,2,118.49
6252,79,59,2025-01-27,2,97.73
6253,315,93,2025-07-28,1,575.84
6254,115,51,2025-03-21,1,383.07
6255,228,110,2025-04-09,1,152.47
6256,107,94,2024-12-15,1,512.02
6257,425,13,2024-12-17,1,379.07
6258,471,107,2024-08-18,1,68.9
6259,271,137,2024-11-15,2,63.66
6260,222,108,2025-04-17,1,182.24
6261,316,128,2025-05-08,1,384.68
6262,268,106,2025-04-20,3,330.68
6263,267,41,2024-11-28,1,189.78
6264,76,141,2024-12-24,1,489.58
6265,293,119,2025-03-19,3,524.61
6266,342,62,2024-12-07,1,26.71
6267,379,130,2025-01-26,2,499.34
6268,102,8,2024-08-12,2,62.79
6269,362,113,2024-10-05,1,440.12
6270,123,53,2025-01-26,1,487.84
6271,342,31,2024-12-13,1,211.87
6272,23,44,2025-06-09,1,274.42
6273,439,144,2025-03-25,1,183.68
6274,209,131,2024-12-16,1,625.36
6275,352,66,2024-09-03,1,198.33
6276,251,80,2025-07-27,1,189.8
6277,448,119,2025-05-17,1,524.61
6278,276,13,2024-12-17,1,379.07
6279,173,51,2024-12-01,1,383.07
6280,30,60,2025-06-26,1,190.26
6281,199,93,2025-06-15,1,575.84
6282,109,37,2025-06-12,1,226.59
6283,36,32,2025-05-13,1,294.11
6284,249,129,2025-05-22,1,435.24
6285,441,70,2024-11-02,1,300.47
6286,361,3,2024-12-31,1,217.96
6287,35,45,2024-11-03,1,53.21
6288,362,11,2024-12-14,2,16.25
6289,362,42,2024-11-18,1,19.58
6290,167,52,2024-09-21,1,225.66
6291,101,115,2025-06-15,1,281.46
6292,4,127,2024-11-07,1,179.33
6293,199,68,2025-04-27,1,295.67
6294,203,7,2024-10-16,1,303.12
6295,191,46,2024-10-26,1,429.28
6296,191,127,2024-11-30,2,179.33
6297,407,48,2024-11-09,1,478.84
6298,231,99,2024-08-16,1,208.73
6299,79,99,2025-04-11,2,208.73
6300,169,30,2024-11-19,2,442.18
6301,293,27,2024-09-15,1,520.9
6302,117,117,2024-10-27,1,524.45
6303,76,86,2024-09-25,1,118.49
6304,164,12,2025-04-18,2,261.78
6305,23,102,2025-04-11,1,582.99
6306,129,2,2024-10-01,2,18.99
6307,194,32,2024-12-08,1,294.11
6308,108,30,2025-04-11,1,442.18
6309,189,102,2024-10-25,1,582.99
6310,357,122,2024-09-05,1,230.92
6311,54,16,2025-01-04,1,412.27
6312,186,138,2025-01-02,1,382.16
6313,125,141,2024-10-07,1,489.58
6314,373,100,2024-10-13,1,229.29
6315,203,50,2025-02-20,1,98.91
6316,487,5,2025-01-23,1,287.24
6317,497,116,2025-05-28,1,105.33
6318,263,80,2024-09-12,1,189.8
6319,290,69,2025-05-26,1,186.83
6320,39,134,2024-11-15,1,524.84
6321,251,140,2025-01-28,1,238.53
6322,480,109,2025-03-29,1,482.64
6323,38,20,2025-06-30,1,636.49
6324,191,21,2025-07-13,1,199.22
6325,105,29,2025-01-27,1,58.54
6326,426,90,2024-08-19,1,456.59
6327,72,131,2024-09-26,2,625.36
6328,215,63,2024-09-16,1,341.84
6329,28,38,2025-07-26,1,455.18
6330,165,19,2025-02-28,1,90.14
6331,178,110,2025-05-12,1,152.47
6332,434,88,2024-10-04,1,288.97
6333,160,99,2024-12-16,1,208.73
6334,291,6,2024-12-11,1,120.34
6335,294,79,2024-11-27,1,135.77
6336,105,82,2025-04-09,2,283.53
6337,425,58,2025-05-18,1,440.25
6338,133,15,2025-03-12,1,206.74
6339,368,75,2024-11-12,1,137.49
6340,406,76,2025-06-17,1,398.3
6341,49,94,2024-11-10,1,512.02
6342,437,99,2024-11-26,1,208.73
6343,159,44,2024-12-16,1,392.03
6344,176,23,2024-12-17,1,113.32
6345,310,77,2024-09-30,1,516.83
6346,151,80,2025-04-28,1,189.8
6347,452,114,2024-12-19,1,647.69
6348,190,21,2024-08-05,1,199.22
6349,420,91,2024-10-25,1,73.18
6350,194,4,2024-11-20,2,510.73
6351,386,86,2024-08-11,3,118.49
6352,350,31,2025-04-23,1,211.87
6353,228,95,2024-12-28,1,61.73
6354,496,40,2025-05-31,1,480.83
6355,242,90,2024-08-03,1,456.59
6356,107,118,2024-10-02,1,319.7
6357,274,129,2024-09-17,1,435.24
6358,244,38,2025-06-18,1,455.18
6359,199,143,2024-11-29,1,385.7
6360,177,75,2025-04-11,1,137.49
6361,428,95,2025-06-13,1,61.73
6362,158,80,2025-01-20,1,189.8
6363,24,37,2025-05-08,1,226.59
6364,232,135,2024-12-11,1,416.04
6365,151,81,2024-08-21,1,261.53
6366,27,102,2025-05-29,1,582.99
6367,24,118,2025-07-17,1,287.73
6368,227,55,2025-03-11,1,526.4
6369,461,113,2024-12-04,1,440.12
6370,487,82,2025-01-10,1,283.53
6371,219,42,2025-06-06,1,19.58
6372,331,89,2025-01-06,1,211.17
6373,217,11,2024-08-10,1,16.25
6374,449,117,2024-12-12,1,524.45
6375,26,144,2025-07-07,1,183.68
6376,432,90,2025-02-02,1,456.59
6377,156,74,2024-12-01,2,488.38
6378,425,136,2025-02-27,1,82.14
6379,500,36,2025-01-12,2,91.26
6380,453,8,2024-12-07,1,62.79
6381,330,130,2025-07-27,1,499.34
6382,305,11,2025-02-24,1,16.25
6383,164,64,2024-09-18,1,312.23
6384,442,142,2024-10-10,1,274.55
6385,463,102,2025-04-20,1,582.99
6386,123,82,2024-12-26,1,283.53
6387,331,130,2025-02-17,2,499.34
6388,286,119,2025-04-29,2,524.61
6389,174,21,2024-09-05,1,199.22
6390,44,128,2025-07-19,1,384.68
6391,9,32,2024-10-09,2,294.11
6392,117,57,2024-11-07,1,349.1
6393,49,131,2024-11-22,1,625.36
6394,191,30,2025-03-21,1,442.18
6395,364,134,2024-12-29,1,524.84
6396,263,21,2025-06-14,1,199.22
6397,199,40,2024-09-24,2,480.83
6398,100,117,2024-12-25,1,524.45
6399,30,3,2025-02-20,1,217.96
6400,485,4,2024-08-17,1,510.73
6401,111,114,2025-06-05,1,647.69
6402,156,114,2024-08-29,1,647.69
6403,194,143,2025-02-26,1,385.7
6404,105,45,2024-09-13,1,53.21
6405,343,29,2024-12-03,1,58.54
6406,149,113,2025-03-23,1,440.12
6407,37,8,2024-10-29,1,62.79
6408,414,113,2024-10-05,1,440.12
6409,328,74,2025-06-18,1,488.38
6410,363,20,2025-01-27,2,636.49
6411,242,42,2024-12-14,1,19.58
6412,200,52,2025-02-08,1,225.66
6413,290,135,2025-03-08,1,416.04
6414,86,94,2025-01-14,1,512.02
6415,436,87,2024-12-11,1,40.12
6416,496,124,2025-06-21,1,209.47
6417,222,42,2024-08-13,1,19.58
6418,1,78,2024-09-15,1,334.81
6419,144,125,2025-01-06,1,300.73
6420,191,25,2024-10-16,1,485.62
6421,300,124,2025-03-04,1,209.47
6422,296,67,2024-12-20,1,331.31
6423,346,90,2024-12-17,1,456.59
6424,274,51,2024-12-29,1,383.07
6425,383,9,2025-05-24,1,719.54
6426,296,22,2024-11-15,1,163.49
6427,179,118,2024-10-14,1,319.7
6428,481,121,2024-11-16,1,538.87
6429,321,58,2024-09-26,1,440.25
6430,243,72,2025-01-30,1,246.7
6431,215,127,2024-12-10,1,179.33
6432,469,16,2024-10-28,2,412.27
6433,51,131,2024-12-20,1,625.36
6434,149,52,2024-10-03,1,225.66
6435,394,127,2024-11-09,1,179.33
6436,469,144,2024-09-11,2,183.68
6437,9,139,2025-03-26,1,224.44
6438,362,58,2025-01-05,2,440.25
6439,171,72,2024-12-26,1,246.7
6440,130,70,2024-09-03,1,300.47
6441,121,129,2024-12-20,1,435.24
6442,289,114,2025-02-24,1,647.69
6443,180,95,2024-08-23,3,61.73
6444,496,41,2025-02-06,2,189.78
6445,484,123,2024-11-04,1,79.03
6446,456,84,2024-08-16,2,338.34
6447,304,121,2025-02-22,1,538.87
6448,415,14,2025-04-28,1,348.48
6449,470,96,2024-12-01,1,65.11
6450,204,48,2025-02-14,1,478.84
6451,95,9,2024-08-30,1,719.54
6452,44,59,2024-11-12,1,122.16
6453,353,132,2024-08-26,1,208.38
6454,441,6,2024-12-20,1,120.34
6455,215,143,2024-08-07,1,385.7
6456,180,27,2024-12-02,1,520.9
6457,261,51,2025-05-12,1,383.07
6458,326,92,2024-12-11,1,213.89
6459,227,106,2025-06-28,2,330.68
6460,485,107,2025-06-22,1,68.9
6461,268,28,2025-04-26,2,213.35
6462,368,112,2025-06-18,1,332.67
6463,161,143,2025-01-22,1,385.7
6464,96,50,2025-04-29,2,98.91
6465,394,13,2024-10-01,1,379.07
6466,163,91,2024-10-25,1,73.18
6467,452,150,2025-03-28,1,468.27
6468,245,18,2025-03-01,1,102.42
6469,95,68,2025-04-20,1,295.67
6470,373,134,2025-06-12,1,524.84
6471,478,126,2024-10-19,1,217.72
6472,227,150,2024-11-12,1,468.27
6473,389,40,2025-02-13,1,480.83
6474,469,26,2025-05-02,2,80.28
6475,202,76,2024-08-04,1,398.3
6476,244,61,2024-12-25,27,131.98
6477,481,128,2025-05-09,1,384.68
6478,23,103,2025-01-28,2,296.39
6479,191,109,2025-04-14,1,482.64
6480,404,97,2024-11-08,1,24.03
6481,106,103,2024-10-09,1,296.39
6482,92,139,2024-10-02,1,224.44
6483,235,32,2025-03-22,1,294.11
6484,4,91,2024-09-03,1,73.18
6485,229,39,2025-07-20,1,578.5
6486,276,125,2024-10-12,1,300.73
6487,281,82,2024-10-14,1,283.53
6488,244,16,2024-08-05,1,412.27
6489,167,80,2025-02-03,1,189.8
6490,412,127,2025-06-29,1,179.33
6491,277,77,2024-12-11,1,516.83
6492,260,91,2024-10-20,1,73.18
6493,291,4,2024-11-17,1,510.73
6494,206,108,2025-07-22,1,182.24
6495,304,90,2025-05-23,1,456.59
6496,143,87,2025-04-15,1,40.12
6497,50,133,2024-08-13,1,145.25
6498,383,9,2024-08-24,1,719.54
6499,205,98,2025-07-24,1,81.7
6500,30,146,2024-12-04,1,343.96
6501,342,90,2024-11-28,1,456.59
6502,293,29,2024-09-16,1,58.54
6503,327,49,2025-01-14,1,77.56
6504,126,122,2024-12-20,1,230.92
6505,386,133,2025-03-04,1,145.25
6506,394,18,2024-10-19,2,102.42
6507,51,143,2024-10-02,2,385.7
6508,101,46,2024-12-05,1,429.28
6509,464,120,2024-09-26,1,556.25
6510,410,19,2025-04-10,1,90.14
6511,118,5,2024-09-20,1,287.24
6512,135,74,2025-05-31,1,488.38
6513,219,135,2025-05-16,1,416.04
6514,429,73,2024-09-20,1,488.92
6515,24,141,2024-12-11,1,489.58
6516,107,83,2025-06-24,1,296.51
6517,434,1,2025-03-25,1,335.74
6518,362,128,2025-02-13,1,384.68
6519,427,77,2024-12-30,2,516.83
6520,170,146,2025-03-28,1,343.96
6521,440,135,2025-01-31,1,416.04
6522,142,123,2024-09-22,1,79.03
6523,324,82,2024-11-13,1,283.53
6524,176,134,2025-04-14,1,524.84
6525,360,59,2025-02-02,1,97.73
6526,20,104,2024-12-13,1,235.06
6527,217,87,2024-09-01,2,40.12
6528,475,10,2025-04-07,1,394.66
6529,134,136,2024-11-25,1,82.14
6530,479,79,2024-11-04,1,135.77
6531,412,89,2024-12-30,3,211.17
6532,329,3,2025-07-10,1,217.96
6533,393,75,2024-08-26,1,137.49
6534,33,123,2024-10-28,2,79.03
6535,144,100,2025-03-19,1,229.29
6536,388,40,2025-03-08,1,480.83
6537,106,105,2024-10-13,1,205.64
6538,52,1,2025-07-28,1,335.74
6539,219,7,2025-01-21,1,303.12
6540,432,98,2025-07-21,1,81.7
6541,460,53,2025-06-06,1,487.84
6542,201,102,2025-04-28,1,582.99
6543,63,14,2025-06-07,2,348.48
6544,50,34,2024-12-13,1,333.49
6545,81,122,2024-10-30,1,230.92
6546,427,60,2024-11-29,1,190.26
6547,202,33,2025-03-31,1,121.24
6548,316,16,2025-03-19,2,412.27
6549,30,150,2024-12-10,1,468.27
6550,176,30,2025-01-08,1,442.18
6551,352,24,2025-03-26,1,563.43
6552,46,143,2025-01-21,1,385.7
6553,284,89,2024-10-21,2,211.17
6554,436,88,2024-08-15,2,288.97
6555,217,70,2025-04-27,1,300.47
6556,327,118,2024-11-01,1,319.7
6557,463,143,2024-10-06,1,385.7
6558,185,6,2024-11-14,1,120.34
6559,456,120,2025-07-28,2,556.25
6560,140,58,2025-06-26,2,440.25
6561,278,121,2024-09-22,1,538.87
6562,319,67,2025-04-08,1,331.31
6563,39,93,2024-09-24,1,575.84
6564,454,87,2025-05-06,1,40.12
6565,491,13,2024-12-26,1,379.07
6566,444,128,2025-05-10,1,384.68
6567,490,22,2025-05-11,1,163.49
6568,128,97,2025-02-08,1,24.03
6569,174,55,2025-05-24,1,526.4
6570,317,8,2024-10-31,1,62.79
6571,419,94,2024-11-01,1,384.02
6572,114,28,2024-08-08,1,213.35
6573,296,7,2024-12-15,2,303.12
6574,225,78,2025-02-20,1,334.81
6575,140,112,2024-09-09,1,332.67
6576,318,3,2025-05-07,1,217.96
6577,227,21,2024-09-06,1,199.22
6578,369,33,2024-09-11,1,121.24
6579,407,5,2024-11-08,3,287.24
6580,490,142,2025-07-17,1,274.55
6581,9,108,2024-08-17,1,182.24
6582,392,75,2024-11-10,1,137.49
6583,388,85,2024-11-02,2,339.74
6584,295,122,2024-12-22,1,230.92
6585,405,120,2024-11-23,2,556.25
6586,110,63,2025-03-14,1,341.84
6587,205,10,2024-12-21,1,394.66
6588,38,115,2025-05-12,1,281.46
6589,336,118,2025-01-14,1,319.7
6590,458,140,2025-05-09,1,238.53
6591,50,29,2025-06-06,1,58.54
6592,193,19,2025-04-10,1,90.14
6593,278,117,2024-09-14,1,445.78
6594,24,11,2025-05-21,1,16.25
6595,459,128,2025-02-15,1,384.68
6596,433,95,2025-06-30,1,61.73
6597,329,77,2024-08-31,1,516.83
6598,190,37,2025-03-20,2,226.59
6599,222,94,2025-05-29,1,512.02
6600,482,41,2025-05-28,1,189.78
6601,316,90,2025-03-11,1,456.59
6602,270,109,2024-08-12,1,482.64
6603,176,131,2025-05-07,1,625.36
6604,309,49,2024-10-27,1,77.56
6605,463,19,2024-10-24,1,90.14
6606,360,29,2024-11-30,3,58.54
6607,371,90,2024-12-22,1,456.59
6608,52,35,2025-05-27,1,401.85
6609,105,122,2024-10-20,1,230.92
6610,190,17,2024-11-07,1,62.02
6611,151,112,2024-10-28,1,332.67
6612,436,119,2024-10-25,1,524.61
6613,362,67,2024-09-04,1,331.31
6614,98,110,2025-01-17,1,152.47
6615,100,9,2024-08-31,1,719.54
6616,413,118,2024-12-24,1,319.7
6617,328,58,2024-11-24,1,440.25
6618,481,77,2025-05-25,1,516.83
6619,384,26,2024-12-24,1,80.28
6620,444,24,2024-11-15,2,563.43
6621,60,85,2024-12-04,1,339.74
6622,151,106,2024-10-23,1,330.68
6623,347,39,2024-12-05,1,578.5
6624,176,72,2024-10-23,1,246.7
6625,498,38,2024-10-07,2,455.18
6626,408,90,2025-05-03,2,456.59
6627,395,16,2024-11-27,1,412.27
6628,44,118,2024-12-16,1,319.7
6629,58,95,2024-09-16,1,61.73
6630,215,25,2025-05-24,1,485.62
6631,170,3,2025-02-18,2,217.96
6632,450,104,2024-09-30,42,235.06
6633,212,17,2025-04-12,1,62.02
6634,268,70,2024-09-08,1,300.47
6635,250,118,2024-12-21,1,319.7
6636,144,17,2024-12-16,2,62.02
6637,434,72,2025-05-17,1,246.7
6638,267,91,2025-03-18,1,73.18
6639,158,106,2024-11-01,2,330.68
6640,305,143,2024-09-21,1,385.7
6641,346,4,2024-11-27,1,510.73
6642,217,23,2024-12-19,1,113.32
6643,27,128,2025-02-21,1,384.68
6644,494,88,2025-06-14,1,288.97
6645,256,69,2024-11-26,1,186.83
6646,320,10,2024-12-17,1,394.66
6647,396,44,2024-09-02,1,392.03
6648,305,69,2024-11-26,1,186.83
6649,489,70,2025-01-29,1,300.47
6650,192,98,2024-09-18,2,81.7
6651,41,133,2024-10-11,1,145.25
6652,87,121,2025-06-24,1,538.87
6653,164,48,2024-11-30,1,478.84
6654,207,22,2025-03-15,2,163.49
6655,103,53,2025-05-30,1,487.84
6656,360,88,2024-10-11,1,288.97
6657,114,59,2024-12-07,1,122.16
6658,354,58,2025-05-30,1,440.25
6659,429,126,2024-08-04,2,217.72
6660,393,95,2025-05-05,1,61.73
6661,109,5,2025-06-21,1,215.43
6662,172,129,2025-05-22,1,435.24
6663,119,43,2024-11-15,1,418.43
6664,115,42,2024-10-27,1,19.58
6665,224,109,2025-05-13,2,482.64
6666,49,125,2024-09-18,1,300.73
6667,437,58,2024-10-24,2,440.25
6668,429,78,2025-03-10,1,334.81
6669,235,11,2025-04-24,1,16.25
6670,342,59,2025-04-29,1,122.16
6671,190,43,2025-05-05,2,418.43
6672,290,60,2024-10-09,1,190.26
6673,149,112,2024-10-28,1,332.67
6674,224,135,2025-04-18,1,416.04
6675,161,130,2025-04-04,1,499.34
6676,24,78,2025-02-02,1,334.81
6677,362,5,2024-11-19,1,287.24
6678,424,94,2025-02-08,2,512.02
6679,394,112,2025-05-27,1,332.67
6680,391,79,2025-05-12,1,135.77
6681,36,113,2024-11-02,1,440.12
6682,147,96,2025-05-01,2,65.11
6683,21,60,2025-02-24,1,190.26
6684,484,14,2025-01-01,1,348.48
6685,375,26,2025-05-10,2,80.28
6686,6,106,2024-11-01,1,330.68
6687,236,36,2024-12-04,1,91.26
6688,288,23,2024-09-14,2,113.32
6689,31,59,2025-05-21,1,122.16
6690,438,88,2025-03-02,1,288.97
6691,425,11,2024-10-08,1,16.25
6692,33,38,2024-08-01,1,455.18
6693,338,143,2025-02-01,1,385.7
6694,4,139,2024-11-03,1,224.44
6695,81,74,2024-12-24,1,488.38
6696,394,121,2025-06-11,1,538.87
6697,217,12,2024-12-04,1,261.78
6698,329,108,2024-11-11,1,182.24
6699,461,16,2024-10-30,1,412.27
6700,286,42,2024-12-31,1,19.58
6701,356,136,2024-09-17,1,82.14
6702,369,106,2025-05-31,1,330.68
6703,219,9,2025-04-28,1,719.54
6704,375,89,2025-01-12,1,211.17
6705,449,74,2025-02-21,1,488.38
6706,60,33,2025-02-17,38,121.24
6707,222,87,2025-01-29,31,40.12
6708,310,6,2025-05-21,1,120.34
6709,224,4,2025-03-26,1,357.51
6710,154,26,2024-12-17,2,80.28
6711,263,123,2025-07-04,1,79.03
6712,243,25,2024-11-23,1,485.62
6713,386,25,2024-11-10,1,485.62
6714,227,30,2024-09-28,2,442.18
6715,96,103,2025-06-13,2,296.39
6716,327,73,2025-07-31,2,488.92
6717,181,95,2025-03-11,1,61.73
6718,463,7,2024-11-11,1,303.12
6719,463,109,2025-02-16,2,482.64
6720,425,95,2024-12-26,1,61.73
6721,191,47,2024-11-09,2,87.46
6722,302,27,2025-03-26,1,520.9
6723,434,101,2025-07-21,1,15.78
6724,240,59,2024-12-07,1,122.16
6725,191,105,2024-11-01,1,205.64
6726,30,53,2025-03-31,1,487.84
6727,452,116,2025-01-22,1,105.33
6728,280,115,2025-05-09,2,281.46
6729,379,117,2025-05-17,1,524.45
6730,336,142,2024-12-25,1,274.55
6731,296,13,2025-03-16,1,379.07
6732,420,127,2024-12-15,2,179.33
6733,264,78,2025-04-12,1,334.81
6734,170,101,2024-12-16,1,15.78
6735,107,139,2025-05-21,2,224.44
6736,50,128,2024-08-06,1,384.68
6737,461,84,2024-12-29,1,338.34
6738,31,37,2024-10-10,1,226.59
6739,370,98,2025-05-18,1,81.7
6740,177,37,2024-11-10,1,226.59
6741,72,141,2025-07-28,1,489.58
6742,449,40,2025-07-01,1,480.83
6743,110,11,2024-11-25,1,16.25
6744,157,123,2025-01-08,1,79.03
6745,463,62,2024-12-16,1,26.71
6746,175,28,2024-11-29,1,213.35
6747,436,107,2024-11-21,1,68.9
6748,115,95,2024-09-09,2,61.73
6749,221,103,2025-03-07,2,296.39
6750,301,12,2025-06-22,1,261.78
6751,368,39,2024-09-18,1,578.5
6752,32,60,2025-04-25,1,190.26
6753,477,116,2024-11-17,1,105.33
6754,295,115,2024-09-12,1,281.46
6755,35,47,2024-12-10,1,87.46
6756,401,30,2025-03-28,1,442.18
6757,57,97,2024-09-04,1,24.03
6758,377,28,2024-12-31,1,213.35
6759,105,105,2024-09-14,1,205.64
6760,461,89,2025-05-20,1,211.17
6761,155,14,2024-08-31,1,348.48
6762,484,62,2024-10-25,1,26.71
6763,262,61,2024-09-26,1,131.98
6764,17,80,2025-04-22,1,189.8
6765,488,114,2025-05-15,1,647.69
6766,111,72,2024-12-27,1,246.7
6767,386,11,2025-02-03,1,16.25
6768,310,67,2025-03-08,1,331.31
6769,420,77,2024-08-19,3,516.83
6770,468,35,2024-12-05,1,401.85
6771,391,55,2024-12-04,1,526.4
6772,438,58,2024-10-01,2,440.25
6773,346,49,2024-10-09,2,77.56
6774,473,7,2024-11-02,2,303.12
6775,8,122,2025-06-25,1,230.92
6776,318,37,2025-04-20,2,226.59
6777,199,30,2025-06-28,1,442.18
6778,164,111,2025-01-16,1,438.69
6779,164,25,2024-11-14,1,485.62
6780,239,92,2024-11-13,1,213.89
6781,45,114,2025-02-21,1,647.69
6782,339,78,2025-06-23,1,334.81
6783,340,43,2025-06-23,1,418.43
6784,132,41,2024-10-10,2,189.78
6785,184,79,2024-08-31,1,135.77
6786,362,30,2025-05-15,2,442.18
6787,4,66,2024-11-14,1,198.33
6788,180,128,2024-10-21,2,384.68
6789,12,124,2025-05-15,1,209.47
6790,469,15,2025-07-26,1,206.74
6791,469,72,2024-11-13,1,246.7
6792,144,73,2024-11-28,1,488.92
6793,60,5,2024-10-27,1,287.24
6794,370,81,2024-12-28,1,261.53
6795,23,25,2024-11-14,1,485.62
6796,319,77,2025-05-30,1,516.83
6797,314,27,2025-07-07,1,520.9
6798,69,91,2024-08-10,1,73.18
6799,408,63,2025-03-19,1,341.84
6800,398,111,2025-05-03,1,438.69
6801,258,22,2025-06-07,1,163.49
6802,181,81,2024-12-18,1,261.53
6803,239,95,2024-12-21,1,61.73
6804,481,32,2024-12-04,3,294.11
6805,121,41,2025-07-24,1,189.78
6806,409,137,2024-09-08,1,63.66
6807,366,26,2025-05-03,1,80.28
6808,90,9,2024-12-17,1,719.54
6809,175,52,2025-07-14,1,225.66
6810,369,106,2025-06-27,1,330.68
6811,190,38,2024-08-27,1,455.18
6812,56,93,2025-07-03,2,575.84
6813,221,50,2025-01-16,1,98.91
6814,480,105,2024-09-28,1,205.64
6815,158,16,2024-08-25,1,412.27
6816,106,148,2024-09-03,1,543.51
6817,241,87,2025-02-22,1,40.12
6818,222,107,2024-10-24,1,68.9
6819,478,115,2024-12-30,1,281.46
6820,153,135,2025-04-27,1,416.04
6821,196,78,2025-05-17,37,334.81
6822,95,38,2025-06-28,3,455.18
6823,386,141,2024-12-20,1,489.58
6824,122,146,2025-07-17,1,343.96
6825,449,125,2025-02-24,1,300.73
6826,140,99,2025-04-29,1,208.73
6827,481,46,2024-08-09,1,429.28
6828,297,9,2024-10-01,1,719.54
6829,87,103,2025-03-04,1,296.39
6830,360,145,2024-12-14,1,81.94
6831,106,143,2024-11-20,1,385.7
6832,314,15,2025-06-01,1,206.74
6833,114,112,2025-06-30,2,332.67
6834,453,134,2024-12-08,1,524.84
6835,377,150,2024-09-11,1,468.27
6836,336,96,2024-12-30,1,65.11
6837,152,117,2025-07-03,1,524.45
6838,50,150,2025-02-08,1,468.27
6839,153,132,2025-06-02,1,208.38
6840,7,140,2025-03-23,1,238.53
6841,301,100,2024-08-05,2,229.29
6842,343,72,2024-12-15,1,246.7
6843,175,74,2025-07-27,1,488.38
6844,280,59,2025-06-09,2,122.16
6845,117,35,2025-03-18,1,401.85
6846,308,133,2024-12-29,1,145.25
6847,159,60,2025-01-10,1,190.26
6848,71,80,2025-07-20,1,189.8
6849,184,121,2025-01-28,1,538.87
6850,64,93,2024-12-09,1,575.84
6851,250,73,2024-12-21,1,488.92
6852,217,44,2024-12-03,1,392.03
6853,49,100,2025-07-26,1,229.29
6854,45,58,2024-09-30,1,440.25
6855,478,40,2025-05-19,1,480.83
6856,118,100,2025-04-13,1,229.29
6857,219,49,2025-02-06,2,77.56
6858,215,75,2024-10-05,1,137.49
6859,320,49,2025-02-25,1,77.56
6860,432,21,2024-09-07,1,199.22
6861,343,127,2025-05-25,1,179.33
6862,163,150,2024-12-10,2,468.27
6863,42,14,2025-04-26,1,348.48
6864,267,77,2025-02-20,1,516.83
6865,275,124,2024-10-30,1,209.47
6866,225,101,2025-01-24,1,15.78
6867,412,16,2024-10-19,1,412.27
6868,386,28,2025-05-08,1,213.35
6869,193,128,2025-03-11,1,384.68
6870,402,84,2024-10-02,1,338.34
6871,33,18,2025-04-26,1,102.42
6872,474,100,2024-12-07,1,229.29
6873,106,142,2024-12-05,2,274.55
6874,199,28,2024-11-11,1,213.35
6875,207,29,2025-06-03,1,58.54
6876,233,130,2024-10-04,1,499.34
6877,359,106,2024-08-16,1,330.68
6878,51,103,2024-09-04,2,296.39
6879,176,60,2025-02-21,2,190.26
6880,409,128,2025-07-05,1,384.68
6881,33,86,2025-05-16,1,118.49
6882,202,74,2025-01-01,1,488.38
6883,463,79,2024-11-13,1,135.77
6884,94,34,2025-05-22,1,333.49
6885,422,75,2025-05-06,1,137.49
6886,261,116,2025-05-04,2,105.33
6887,283,4,2025-02-13,2,510.73
6888,478,92,2024-10-09,1,213.89
6889,345,56,2024-08-06,1,443.42
6890,24,120,2024-11-28,1,556.25
6891,496,99,2024-11-27,1,208.73
6892,20,28,2024-12-12,1,213.35
6893,360,70,2025-06-14,1,300.47
6894,117,39,2025-02-06,1,578.5
6895,456,82,2024-09-13,1,283.53
6896,190,46,2025-02-03,1,429.28
6897,189,80,2025-02-26,1,189.8
6898,4,36,2025-04-27,1,91.26
6899,346,44,2024-12-27,1,392.03
6900,97,93,2024-08-04,1,575.84
6901,431,86,2025-01-05,1,118.49
6902,400,109,2025-01-10,2,482.64
6903,239,18,2024-09-19,1,102.42
6904,388,30,2025-04-12,1,442.18
6905,389,97,2024-11-09,1,24.03
6906,304,105,2024-09-07,1,205.64
6907,413,60,2025-01-27,1,190.26
6908,1,141,2025-03-03,1,489.58
6909,50,148,2025-04-22,1,543.51
6910,471,99,2024-11-16,1,208.73
6911,217,25,2024-11-06,1,485.62
6912,450,94,2024-11-03,1,384.02
6913,9,25,2025-01-06,1,485.62
6914,116,11,2025-03-18,1,16.25
6915,92,109,2025-06-08,2,482.64
6916,150,5,2024-12-17,1,287.24
6917,380,32,2025-05-01,1,294.11
6918,343,7,2025-03-29,1,303.12
6919,176,112,2025-06-08,1,332.67
6920,117,17,2025-01-30,1,62.02
6921,234,82,2025-07-22,1,283.53
6922,258,63,2025-07-03,1,341.84
6923,16,136,2024-09-10,1,82.14
6924,346,9,2025-02-13,2,719.54
6925,61,95,2024-12-09,1,61.73
6926,379,5,2025-01-24,1,287.24
6927,291,141,2024-09-18,1,489.58
6928,242,82,2025-03-20,1,283.53
6929,188,146,2025-06-14,1,343.96
6930,103,31,2025-02-04,1,211.87
6931,141,90,2025-07-08,1,456.59
6932,449,29,2025-02-20,1,58.54
6933,59,138,2024-08-02,1,382.16
6934,180,27,2024-09-30,1,520.9
6935,376,100,2024-12-06,1,229.29
6936,419,59,2024-10-31,3,122.16
6937,99,71,2025-05-04,2,320.91
6938,323,25,2024-11-16,2,485.62
6939,492,49,2024-08-21,1,77.56
6940,422,85,2025-05-06,1,339.74
6941,57,4,2025-05-01,1,510.73
6942,476,150,2024-10-17,1,468.27
6943,497,34,2024-10-20,1,333.49
6944,121,53,2025-01-21,1,487.84
6945,270,7,2025-02-12,1,303.12
6946,307,51,2024-11-14,1,383.07
6947,338,61,2024-11-30,1,131.98
6948,83,149,2025-03-02,1,429.45
6949,31,91,2025-01-01,1,65.86
6950,481,79,2025-03-10,1,135.77
6951,162,111,2025-06-11,1,438.69
6952,50,12,2024-12-23,1,261.78
6953,115,34,2024-09-10,1,333.49
6954,159,85,2025-02-10,1,339.74
6955,152,106,2025-05-11,1,330.68
6956,429,66,2025-02-21,1,198.33
6957,231,29,2025-07-03,1,58.54
6958,80,144,2024-08-17,1,183.68
6959,403,43,2024-10-15,1,418.43
6960,51,31,2024-11-24,1,180.09
6961,267,52,2025-04-01,1,225.66
6962,164,100,2024-12-18,1,229.29
6963,74,61,2024-12-21,2,131.98
6964,217,7,2024-11-09,1,303.12
6965,342,27,2024-09-02,2,520.9
6966,92,70,2025-05-21,1,300.47
6967,383,3,2024-12-03,1,217.96
6968,50,45,2025-02-25,1,53.21
6969,449,38,2025-02-25,1,455.18
6970,348,15,2025-05-23,1,206.74
6971,169,29,2024-08-07,1,58.54
6972,219,40,2025-02-13,2,480.83
6973,358,116,2025-05-01,1,105.33
6974,225,116,2024-10-06,1,105.33
6975,429,101,2024-08-04,1,15.78
6976,236,80,2024-08-25,1,189.8
6977,134,123,2024-12-01,1,79.03
6978,358,101,2025-06-25,3,15.78
6979,83,46,2025-06-21,46,429.28
6980,4,40,2025-05-28,1,480.83
6981,362,91,2024-11-19,1,73.18
6982,190,61,2025-05-31,1,131.98
6983,489,61,2024-10-24,1,131.98
6984,188,115,2024-11-30,3,281.46
6985,254,67,2024-10-13,1,331.31
6986,364,21,2025-01-21,1,199.22
6987,262,95,2024-11-11,1,61.73
6988,305,46,2025-05-19,1,429.28
6989,175,94,2025-06-02,1,512.02
6990,88,131,2024-08-22,1,625.36
6991,38,123,2025-05-01,1,79.03
6992,208,126,2025-03-26,1,217.72
6993,151,63,2025-07-05,1,341.84
6994,113,112,2024-12-18,1,332.67
6995,59,45,2024-08-23,1,53.21
6996,62,5,2024-12-23,1,287.24
6997,227,21,2025-01-16,1,199.22
6998,178,24,2024-09-16,1,563.43
6999,83,103,2025-06-01,1,296.39
7000,397,117,2025-06-19,2,524.45
7001,45,114,2024-11-17,1,647.69
7002,115,17,2024-12-23,1,62.02
7003,410,28,2025-02-06,1,213.35
7004,119,94,2024-08-27,1,512.02
7005,175,14,2025-02-25,1,209.09
7006,35,54,2025-02-26,2,349.2
7007,449,42,2024-12-30,1,19.58
7008,300,76,2025-06-24,1,398.3
7009,426,99,2025-02-24,2,208.73
7010,194,146,2024-11-09,1,343.96
7011,220,52,2024-09-02,1,225.66
7012,450,81,2025-02-03,1,261.53
7013,342,149,2025-07-15,1,429.45
7014,190,30,2025-03-14,1,442.18
7015,17,53,2025-03-05,1,487.84
7016,425,106,2024-09-18,2,330.68
7017,40,111,2025-02-08,2,438.69
7018,457,42,2024-12-09,1,19.58
7019,436,118,2024-11-16,1,319.7
7020,165,5,2025-01-15,1,287.24
7021,171,53,2025-05-18,1,487.84
7022,259,104,2024-12-14,1,235.06
7023,74,92,2025-02-04,1,213.89
7024,352,55,2024-10-03,1,526.4
7025,381,77,2025-04-30,3,516.83
7026,3,108,2025-03-08,2,182.24
7027,444,3,2024-10-03,1,196.16
7028,9,150,2024-11-08,1,468.27
7029,391,22,2025-06-07,2,163.49
7030,454,24,2025-03-24,1,563.43
7031,315,56,2025-03-28,1,443.42
7032,199,81,2024-09-15,1,261.53
7033,360,98,2024-12-04,1,81.7
7034,437,149,2025-06-25,2,429.45
7035,45,71,2024-11-04,2,320.91
7036,371,13,2025-06-05,1,379.07
7037,136,39,2025-04-08,1,578.5
7038,234,138,2024-11-06,1,382.16
7039,420,39,2024-11-17,1,578.5
7040,199,32,2024-10-08,2,294.11
7041,330,53,2025-02-24,30,487.84
7042,62,131,2024-08-21,1,625.36
7043,212,53,2025-01-12,1,487.84
7044,290,22,2025-03-24,1,163.49
7045,279,75,2024-12-11,2,137.49
7046,426,122,2024-10-21,1,230.92
7047,393,46,2025-06-30,1,429.28
7048,477,79,2024-10-09,1,135.77
7049,369,72,2024-11-02,1,246.7
7050,223,107,2024-09-18,1,68.9
7051,166,15,2024-08-01,1,206.74
7052,420,18,2025-06-12,2,102.42
7053,194,65,2024-10-29,1,135.17
7054,79,69,2024-12-29,1,186.83
7055,158,75,2024-12-31,1,137.49
7056,322,15,2025-04-26,1,206.74
7057,158,15,2025-06-08,1,206.74
7058,114,35,2025-02-16,1,401.85
7059,191,126,2025-03-15,1,217.72
7060,362,48,2025-06-15,1,478.84
7061,7,89,2024-10-03,3,211.17
7062,270,99,2024-12-04,2,208.73
7063,125,136,2024-10-19,1,82.14
7064,388,105,2025-04-10,1,205.64
7065,212,117,2025-03-28,1,524.45
7066,101,12,2024-09-08,1,261.78
7067,303,53,2025-04-02,1,487.84
7068,473,13,2025-03-15,1,379.07
7069,266,48,2025-05-13,1,478.84
7070,216,92,2024-11-30,1,213.89
7071,420,83,2025-01-08,2,296.51
7072,373,19,2025-07-29,1,90.14
7073,70,60,2024-08-28,1,190.26
7074,291,147,2025-04-11,1,363.91
7075,139,143,2025-03-11,2,385.7
7076,195,75,2025-03-08,1,137.49
7077,30,90,2024-10-10,1,456.59
7078,177,148,2024-12-04,2,543.51
7079,38,126,2024-11-06,2,217.72
7080,210,16,2024-12-13,1,412.27
7081,160,13,2024-09-06,3,379.07
7082,252,52,2025-03-18,2,225.66
7083,293,79,2025-06-01,1,135.77
7084,194,18,2025-05-28,2,102.42
7085,487,56,2025-07-29,1,443.42
7086,132,145,2024-12-10,1,81.94
7087,223,99,2025-01-08,1,208.73
7088,429,91,2024-12-23,2,73.18
7089,288,42,2025-07-05,1,19.58
7090,387,79,2025-03-12,2,135.77
7091,231,52,2024-10-05,1,225.66
7092,205,112,2024-12-10,1,332.67
7093,290,3,2024-09-21,1,217.96
7094,37,98,2024-09-23,1,81.7
7095,352,22,2024-12-26,1,163.49
7096,344,80,2025-01-21,1,189.8
7097,425,53,2024-08-09,1,487.84
7098,316,91,2024-09-07,1,73.18
7099,310,120,2025-03-19,1,556.25
7100,71,82,2024-10-23,1,283.53
7101,387,74,2024-11-07,2,488.38
7102,305,30,2025-01-01,1,442.18
7103,387,83,2025-06-23,1,296.51
7104,424,38,2024-10-05,1,455.18
7105,195,40,2025-06-29,1,480.83
7106,496,129,2024-12-27,1,435.24
7107,194,64,2025-04-25,1,312.23
7108,271,25,2025-07-24,2,485.62
7109,452,102,2024-11-11,1,582.99
7110,117,8,2024-12-09,1,62.79
7111,166,95,2025-02-06,1,61.73
7112,224,87,2024-12-17,1,40.12
7113,265,136,2025-07-14,2,82.14
7114,122,116,2025-06-16,2,105.33
7115,314,127,2025-02-15,1,179.33
7116,140,90,2025-03-16,1,456.59
7117,377,28,2024-10-12,1,213.35
7118,438,114,2025-02-13,1,647.69
7119,16,102,2024-08-04,2,582.99
7120,365,124,2025-01-13,1,209.47
7121,413,111,2024-12-21,1,438.69
7122,396,23,2025-02-21,1,113.32
7123,343,27,2025-01-28,2,520.9
7124,200,35,2024-10-28,1,401.85
7125,437,56,2025-03-09,1,443.42
7126,268,138,2024-08-04,1,382.16
7127,349,9,2025-04-26,1,719.54
7128,426,5,2024-10-07,1,287.24
7129,41,60,2025-03-01,1,190.26
7130,478,67,2024-12-09,1,331.31
7131,420,118,2024-10-18,1,319.7
7132,276,85,2024-12-10,2,339.74
7133,291,37,2024-12-12,1,226.59
7134,408,83,2024-08-03,1,296.51
7135,174,105,2024-11-12,1,205.64
7136,61,30,2025-03-07,1,442.18
7137,251,27,2024-11-28,1,520.9
7138,215,63,2024-09-02,1,341.84
7139,373,147,2024-12-04,1,363.91
7140,51,135,2024-12-31,1,416.04
7141,168,136,2024-12-16,2,82.14
7142,200,95,2024-11-17,1,61.73
7143,310,95,2025-02-27,1,61.73
7144,36,103,2025-05-01,1,296.39
7145,268,106,2024-12-21,1,330.68
7146,45,63,2024-11-17,1,341.84
7147,144,37,2025-05-24,2,226.59
7148,291,115,2025-06-07,1,281.46
7149,49,118,2025-05-12,3,319.7
7150,290,38,2024-11-16,2,455.18
7151,346,26,2025-06-09,1,80.28
7152,280,61,2024-08-07,1,131.98
7153,463,145,2025-04-09,1,96.4
7154,33,49,2024-11-23,2,77.56
7155,360,140,2025-07-13,1,238.53
7156,232,139,2024-08-24,1,224.44
7157,456,36,2025-03-10,1,91.26
7158,438,78,2025-06-12,1,251.11
7159,459,6,2024-09-16,1,120.34
7160,250,98,2024-10-11,1,81.7
7161,319,26,2024-12-22,1,80.28
7162,282,148,2025-01-07,1,543.51
7163,471,129,2024-11-25,1,435.24
7164,193,86,2025-03-30,1,118.49
7165,181,138,2025-03-12,1,382.16
7166,358,124,2025-06-09,1,209.47
7167,97,87,2024-09-04,1,40.12
7168,336,8,2024-10-21,1,62.79
7169,170,26,2024-12-20,1,80.28
7170,422,26,2025-03-04,1,80.28
7171,449,116,2025-03-08,2,105.33
7172,8,24,2025-06-26,1,563.43
7173,470,32,2025-05-08,1,294.11
7174,394,46,2024-10-24,1,429.28
7175,107,79,2025-04-04,1,135.77
7176,202,25,2025-04-22,1,485.62
7177,64,126,2025-03-16,1,217.72
7178,119,76,2024-11-02,1,398.3
7179,317,104,2024-11-18,1,235.06
7180,200,69,2024-09-14,2,186.83
7181,176,106,2024-09-16,1,330.68
7182,258,47,2025-04-14,1,87.46
7183,85,7,2025-05-16,1,303.12
7184,339,113,2025-06-15,1,440.12
7185,229,115,2024-10-18,1,281.46
7186,484,37,2024-11-21,1,226.59
7187,425,134,2024-09-30,1,524.84
7188,228,150,2024-10-27,1,468.27
7189,37,56,2024-08-29,1,443.42
7190,293,58,2025-03-08,1,440.25
7191,394,30,2024-12-18,1,442.18
7192,358,133,2025-03-18,1,145.25
7193,164,137,2025-05-10,1,63.66
7194,342,133,2025-05-25,1,145.25
7195,121,121,2024-12-11,1,538.87
7196,24,138,2025-03-16,1,382.16
7197,251,74,2025-01-08,1,488.38
7198,61,108,2025-05-31,2,182.24
7199,177,77,2025-05-06,3,516.83
7200,293,30,2025-07-17,1,442.18
7201,217,7,2025-01-12,1,303.12
7202,360,27,2025-01-02,1,520.9
7203,442,93,2025-06-18,1,575.84
7204,116,114,2024-11-16,1,647.69
7205,256,141,2025-05-09,1,489.58
7206,31,18,2025-02-27,1,102.42
7207,93,62,2025-02-21,1,26.71
7208,438,60,2024-11-30,1,190.26
7209,413,143,2025-07-15,1,385.7
7210,140,126,2024-09-15,1,217.72
7211,309,127,2025-05-07,2,179.33
7212,31,20,2025-05-04,1,636.49
7213,318,129,2024-09-20,1,435.24
7214,23,24,2025-04-08,1,563.43
7215,388,13,2025-02-22,1,379.07
7216,194,95,2025-06-02,1,61.73
7217,452,71,2024-09-30,1,320.91
7218,266,100,2025-05-28,1,229.29
7219,101,130,2025-05-29,1,499.34
7220,311,73,2024-11-27,2,488.92
7221,41,5,2024-08-24,1,287.24
7222,192,144,2025-01-09,1,183.68
7223,111,117,2025-04-09,1,524.45
7224,281,59,2024-11-06,2,122.16
7225,56,70,2025-04-07,1,300.47
7226,212,105,2024-11-20,1,205.64
7227,170,8,2025-01-16,1,62.79
7228,282,124,2025-01-10,1,209.47
7229,227,123,2025-06-26,1,79.03
7230,24,98,2024-11-22,1,81.7
7231,453,16,2024-12-13,1,412.27
7232,28,113,2025-05-03,1,440.12
7233,21,44,2024-09-09,1,392.03
7234,199,111,2025-07-26,1,438.69
7235,199,15,2024-08-26,1,206.74
7236,412,131,2024-09-28,1,625.36
7237,123,94,2025-05-03,1,512.02
7238,420,141,2024-10-12,1,489.58
7239,404,55,2025-06-18,1,526.4
7240,203,24,2024-12-13,2,563.43
7241,133,45,2024-12-29,2,53.21
7242,304,97,2024-11-27,1,24.03
7243,317,105,2024-08-12,2,205.64
7244,50,139,2025-06-10,1,224.44
7245,107,139,2024-11-20,1,224.44
7246,107,29,2024-09-30,2,58.54
7247,216,102,2025-04-13,1,582.99
7248,135,5,2025-07-09,1,215.43
7249,176,148,2025-03-13,1,543.51
7250,341,4,2025-04-18,1,510.73
7251,494,40,2024-11-15,1,480.83
7252,490,127,2024-10-09,1,179.33
7253,105,67,2024-09-15,1,331.31
7254,148,119,2025-07-05,1,524.61
7255,189,52,2024-11-25,1,225.66
7256,29,55,2025-01-01,1,526.4
7257,384,68,2025-02-07,2,295.67
7258,349,10,2024-12-09,1,394.66
7259,155,115,2025-05-26,1,281.46
7260,91,104,2025-02-16,1,235.06
7261,357,110,2025-01-01,1,152.47
7262,232,150,2025-07-30,1,468.27
7263,450,22,2025-05-21,1,163.49
7264,258,45,2024-12-24,1,53.21
7265,205,5,2025-06-18,1,215.43
7266,260,79,2025-06-09,1,135.77
7267,21,4,2024-09-02,1,510.73
7268,76,59,2025-01-20,1,97.73
7269,159,129,2024-09-09,1,435.24
7270,319,86,2024-09-18,1,118.49
7271,21,110,2025-05-10,1,152.47
7272,176,101,2024-12-25,2,15.78
7273,175,135,2024-09-20,1,416.04
7274,385,19,2025-05-15,1,90.14
7275,51,96,2024-12-26,1,65.11
7276,168,18,2024-10-05,1,102.42
7277,463,29,2024-10-04,2,58.54
7278,272,61,2024-12-26,2,131.98
7279,393,69,2024-12-02,1,186.83
7280,130,90,2025-06-21,1,456.59
7281,18,73,2024-11-05,1,488.92
7282,225,75,2025-03-20,2,137.49
7283,373,57,2025-03-01,2,349.1
7284,300,137,2024-09-09,1,63.66
7285,315,26,2024-12-02,1,80.28
7286,415,16,2024-08-17,1,412.27
7287,187,68,2024-10-05,1,295.67
7288,66,107,2024-12-16,1,68.9
7289,498,148,2025-05-06,2,543.51
7290,170,42,2024-11-15,1,19.58
7291,223,124,2025-03-04,1,209.47
7292,147,77,2024-09-18,1,516.83
7293,290,35,2025-01-15,1,401.85
7294,424,116,2025-01-03,1,105.33
7295,165,23,2025-02-23,1,113.32
7296,374,103,2024-12-29,1,296.39
7297,188,112,2024-10-24,1,332.67
7298,8,92,2025-01-27,1,213.89
7299,191,33,2025-02-01,2,121.24
7300,375,53,2025-01-05,1,487.84
7301,292,12,2024-09-26,1,261.78
7302,314,86,2024-12-05,1,118.49
7303,260,14,2024-10-05,1,348.48
7304,242,10,2025-06-26,2,394.66
7305,131,32,2024-12-13,1,294.11
7306,117,96,2024-12-31,1,65.11
7307,202,107,2024-08-14,1,68.9
7308,403,7,2025-05-08,1,303.12
7309,84,115,2025-01-19,1,281.46
7310,317,129,2024-11-15,1,435.24
7311,100,59,2024-12-17,1,122.16
7312,4,145,2025-07-16,1,96.4
7313,30,55,2025-05-09,1,526.4
7314,488,72,2024-10-12,1,246.7
7315,429,29,2025-05-02,1,58.54
7316,481,82,2024-08-01,1,283.53
7317,227,90,2024-12-02,1,456.59
7318,377,99,2024-09-03,1,208.73
7319,359,20,2025-02-01,2,636.49
7320,270,40,2025-07-23,1,480.83
7321,298,33,2024-10-16,1,121.24
7322,377,36,2024-09-28,1,91.26
7323,27,96,2025-05-29,1,65.11
7324,6,102,2025-04-22,3,582.99
7325,107,7,2025-01-10,2,303.12
7326,24,21,2024-08-05,1,199.22
7327,396,65,2025-05-26,1,135.17
7328,32,20,2024-12-03,1,636.49
7329,468,23,2025-06-30,1,113.32
7330,362,5,2024-09-18,1,287.24
7331,402,27,2024-08-31,1,520.9
7332,24,121,2024-12-03,1,538.87
7333,47,28,2024-11-14,1,213.35
7334,20,14,2025-01-14,1,348.48
7335,135,14,2024-09-03,1,348.48
7336,120,2,2025-03-10,1,18.99
7337,369,140,2025-02-28,1,238.53
7338,219,99,2025-05-08,1,208.73
7339,437,147,2025-03-22,1,363.91
7340,227,23,2025-06-20,1,113.32
7341,186,130,2025-03-05,1,499.34
7342,119,126,2024-08-02,2,217.72
7343,480,74,2025-07-03,1,488.38
7344,419,134,2024-09-06,1,524.84
7345,227,136,2024-12-13,1,82.14
7346,492,64,2024-11-09,1,312.23
7347,267,50,2024-08-18,1,98.91
7348,62,95,2024-11-08,2,61.73
7349,310,3,2025-04-15,1,217.96
7350,334,35,2025-07-23,1,401.85
7351,378,72,2024-10-10,1,246.7
7352,283,10,2024-09-18,3,394.66
7353,159,104,2024-10-18,1,235.06
7354,178,68,2024-09-22,1,295.67
7355,322,24,2024-12-10,1,563.43
7356,396,126,2024-08-10,1,217.72
7357,492,34,2025-02-22,1,333.49
7358,271,53,2024-12-06,1,487.84
7359,50,146,2025-04-23,1,343.96
7360,1,42,2024-12-21,1,19.58
7361,172,101,2025-01-11,2,15.78
7362,330,5,2025-05-28,1,287.24
7363,239,3,2025-07-07,2,217.96
7364,179,87,2025-02-07,1,40.12
7365,437,66,2025-07-02,1,198.33
7366,280,73,2024-12-10,1,488.92
7367,72,52,2024-11-16,1,225.66
7368,358,52,2024-09-21,1,225.66
7369,277,110,2025-06-25,1,152.47
7370,239,2,2024-11-01,3,18.99
7371,93,58,2024-10-21,1,440.25
7372,449,48,2025-06-03,1,478.84
7373,231,128,2025-01-18,1,384.68
7374,304,107,2025-01-03,1,68.9
7375,409,101,2025-02-21,1,15.78
7376,352,106,2024-12-31,1,330.68
7377,135,47,2024-10-28,1,87.46
7378,63,66,2025-04-20,2,198.33
7379,30,40,2024-11-07,1,480.83
7380,64,119,2024-12-05,1,393.46
7381,437,145,2024-12-03,2,81.94
7382,362,76,2025-05-21,1,398.3
7383,396,93,2025-06-17,1,575.84
7384,159,118,2025-06-15,1,319.7
7385,396,22,2024-11-27,2,163.49
7386,338,61,2024-09-17,2,131.98
7387,454,45,2025-02-23,1,53.21
7388,77,65,2024-09-03,1,135.17
7389,180,23,2025-06-24,1,113.32
7390,338,44,2025-03-02,1,392.03
7391,397,83,2024-12-15,1,296.51
7392,62,70,2025-02-06,1,300.47
7393,294,14,2024-12-26,1,348.48
7394,175,101,2024-12-17,1,15.78
7395,44,20,2025-02-18,1,636.49
7396,196,32,2025-01-21,1,294.11
7397,381,27,2025-05-23,1,520.9
7398,324,142,2024-10-18,1,274.55
7399,318,55,2025-05-31,1,526.4
7400,213,132,2024-09-22,47,208.38
7401,319,23,2024-09-11,2,113.32
7402,444,6,2024-11-09,1,120.34
7403,141,105,2025-01-13,2,205.64
7404,214,82,2025-07-04,1,283.53
7405,44,29,2025-05-08,2,58.54
7406,68,66,2025-03-08,1,198.33
7407,382,66,2025-05-23,1,198.33
7408,129,134,2024-09-21,1,524.84
7409,167,76,2025-05-03,2,398.3
7410,452,115,2025-05-17,1,281.46
7411,454,7,2025-06-24,1,303.12
7412,276,115,2024-09-09,1,281.46
7413,59,142,2024-09-12,1,274.55
7414,277,48,2024-08-15,2,478.84
7415,357,1,2025-03-31,1,335.74
7416,102,34,2024-12-19,1,333.49
7417,199,46,2024-10-11,1,429.28
7418,282,99,2024-12-19,1,208.73
7419,496,22,2024-09-30,1,163.49
7420,293,36,2025-03-15,2,91.26
7421,95,56,2025-06-21,1,443.42
7422,336,44,2025-07-26,1,392.03
7423,55,81,2025-02-24,2,261.53
7424,474,16,2024-11-06,1,412.27
7425,371,42,2025-03-24,1,19.58
7426,354,6,2025-01-01,1,120.34
7427,181,67,2024-12-13,1,331.31
7428,262,81,2025-07-07,1,261.53
7429,176,53,2025-07-08,1,487.84
7430,453,36,2025-06-25,1,91.26
7431,355,63,2025-05-18,1,341.84
7432,360,69,2025-06-14,1,186.83
7433,360,56,2025-07-11,1,443.42
7434,30,120,2024-11-23,2,556.25
7435,281,109,2024-11-21,1,482.64
7436,22,70,2024-08-17,1,300.47
7437,44,83,2025-02-16,2,296.51
7438,298,104,2025-05-20,1,235.06
7439,314,89,2024-12-05,2,211.17
7440,260,90,2024-12-18,2,456.59
7441,20,91,2024-09-11,1,73.18
7442,246,137,2024-11-27,1,63.66
7443,38,88,2024-12-18,2,288.97
7444,49,57,2024-12-19,1,349.1
7445,303,13,2024-09-21,1,379.07
7446,200,25,2025-05-16,1,364.22
7447,296,94,2025-07-20,1,512.02
7448,461,95,2025-03-11,2,61.73
7449,420,112,2024-11-19,3,332.67
7450,301,83,2024-12-07,1,296.51
7451,196,136,2024-09-16,1,82.14
7452,461,88,2024-08-20,1,288.97
7453,48,91,2024-09-30,2,73.18
7454,156,73,2025-06-05,1,488.92
7455,342,56,2024-12-28,1,443.42
7456,386,72,2024-11-11,1,246.7
7457,24,134,2025-01-16,1,524.84
7458,24,92,2024-12-12,1,213.89
7459,135,24,2024-08-31,1,563.43
7460,209,30,2024-11-10,1,442.18
7461,224,85,2024-09-19,1,339.74
7462,217,96,2025-05-30,1,65.11
7463,180,67,2025-05-06,1,331.31
7464,279,10,2024-09-10,1,394.66
7465,468,32,2025-04-04,1,294.11
7466,274,87,2025-04-11,1,40.12
7467,22,52,2025-07-02,1,225.66
7468,444,84,2024-09-17,1,338.34
7469,45,21,2025-05-01,1,199.22
7470,129,87,2025-06-20,1,40.12
7471,277,96,2025-07-23,2,65.11
7472,425,113,2025-06-08,1,440.12
7473,41,43,2025-03-12,1,418.43
7474,251,34,2025-04-19,1,333.49
7475,458,144,2025-02-11,1,183.68
7476,35,20,2025-03-08,1,636.49
7477,278,72,2024-09-06,1,246.7
7478,386,43,2024-09-10,2,418.43
7479,494,19,2025-06-23,1,90.14
7480,476,53,2024-12-25,1,487.84
7481,442,144,2025-06-25,1,183.68
7482,362,144,2025-01-26,1,183.68
7483,87,18,2024-08-25,1,102.42
7484,115,134,2024-11-30,1,524.84
7485,70,88,2025-01-19,1,288.97
7486,291,14,2025-07-05,1,348.48
7487,53,73,2024-09-04,2,488.92
7488,352,57,2024-12-08,1,349.1
7489,191,34,2025-01-20,1,333.49
7490,239,42,2025-01-13,1,19.58
7491,265,118,2024-08-02,2,319.7
7492,330,23,2025-02-03,1,113.32
7493,20,116,2024-12-20,1,105.33
7494,290,94,2025-01-31,1,512.02
7495,45,95,2025-06-06,1,61.73
7496,381,48,2025-06-03,1,478.84
7497,338,51,2024-08-30,1,383.07
7498,406,28,2025-01-22,1,213.35
7499,258,128,2025-02-22,1,384.68
7500,224,140,2024-12-30,1,238.53
7501,108,87,2024-11-03,1,40.12
7502,190,112,2024-09-14,1,332.67
7503,425,13,2025-02-16,1,379.07
7504,319,125,2025-02-04,1,300.73
7505,266,89,2025-04-01,1,211.17
7506,272,70,2024-08-22,2,300.47
7507,160,27,2024-12-12,2,520.9
7508,110,15,2025-02-27,1,206.74
7509,394,35,2025-06-03,1,401.85
7510,400,93,2024-12-18,1,575.84
7511,36,119,2024-09-21,1,524.61
7512,9,85,2025-05-02,1,339.74
7513,449,105,2025-03-30,1,205.64
7514,370,37,2024-11-07,1,226.59
7515,206,11,2024-09-26,1,16.25
7516,431,126,2025-07-04,1,217.72
7517,362,62,2024-11-26,2,26.71
7518,116,90,2024-10-15,1,456.59
7519,369,74,2025-05-12,1,488.38
7520,10,43,2025-03-30,1,418.43
7521,439,142,2024-10-19,3,274.55
7522,36,44,2024-08-17,1,392.03
7523,46,36,2024-09-17,1,91.26
7524,476,69,2025-05-11,1,186.83
7525,133,117,2024-11-25,1,524.45
7526,240,7,2024-12-05,1,303.12
7527,190,86,2025-01-08,3,118.49
7528,72,103,2025-03-12,1,296.39
7529,395,64,2024-08-15,1,312.23
7530,126,70,2025-05-04,1,300.47
7531,194,150,2024-09-07,1,468.27
7532,229,46,2025-01-01,1,429.28
7533,383,137,2024-12-26,1,63.66
7534,132,144,2024-12-03,1,183.68
7535,395,7,2025-06-10,1,303.12
7536,115,145,2024-12-13,3,81.94
7537,10,101,2025-05-12,1,15.78
7538,168,142,2025-03-21,2,274.55
7539,397,131,2025-06-18,1,625.36
7540,418,73,2024-08-19,2,488.92
7541,4,94,2025-06-25,1,512.02
7542,296,102,2024-11-23,1,582.99
7543,275,83,2024-11-22,1,296.51
7544,225,14,2024-11-25,1,348.48
7545,355,148,2025-07-08,1,543.51
7546,424,11,2024-11-22,1,16.25
7547,57,45,2025-03-16,2,53.21
7548,225,23,2024-12-01,1,113.32
7549,330,109,2024-08-08,1,482.64
7550,147,66,2024-12-21,1,198.33
7551,334,102,2025-07-20,1,582.99
7552,114,82,2024-10-18,1,283.53
7553,166,84,2025-05-06,1,338.34
7554,489,123,2025-02-10,2,79.03
7555,176,84,2025-03-04,1,338.34
7556,362,20,2024-11-28,1,636.49
7557,128,14,2024-12-18,1,348.48
7558,464,29,2024-08-23,1,58.54
7559,78,135,2025-01-10,2,416.04
7560,492,141,2025-03-01,1,489.58
7561,278,41,2024-11-23,1,189.78
7562,165,108,2025-05-14,1,182.24
7563,413,10,2024-08-30,1,394.66
7564,152,35,2024-11-21,1,401.85
7565,266,9,2025-04-20,1,719.54
7566,483,144,2025-02-20,1,183.68
7567,342,70,2025-01-02,1,300.47
7568,326,33,2024-11-01,1,121.24
7569,449,98,2025-07-12,1,81.7
7570,486,150,2024-10-29,1,468.27
7571,477,137,2025-04-20,1,63.66
7572,244,110,2024-08-17,1,152.47
7573,77,6,2025-01-05,1,120.34
7574,457,143,2025-01-17,1,385.7
7575,194,10,2025-01-09,1,394.66
7576,49,85,2025-02-13,1,339.74
7577,247,32,2025-02-10,2,294.11
7578,324,109,2024-12-21,1,482.64
7579,312,97,2025-03-20,1,24.03
7580,215,145,2024-11-18,1,96.4
7581,106,93,2024-12-28,1,575.84
7582,194,11,2024-11-22,1,16.25
7583,202,20,2024-10-11,1,636.49
7584,444,28,2024-11-24,1,213.35
7585,242,12,2024-10-11,1,261.78
7586,191,3,2025-02-17,1,217.96
7587,175,120,2024-09-16,1,556.25
7588,383,1,2024-09-20,1,335.74
7589,22,148,2024-10-20,1,543.51
7590,327,124,2024-10-07,1,209.47
7591,266,121,2024-09-14,1,538.87
7592,274,48,2025-05-30,1,383.07
7593,434,64,2025-02-24,1,312.23
7594,406,82,2024-11-16,1,283.53
7595,343,139,2025-05-28,1,224.44
7596,436,57,2024-08-24,1,349.1
7597,161,74,2025-01-31,1,488.38
7598,298,72,2024-10-17,1,246.7
7599,298,103,2024-08-25,1,296.39
7600,488,69,2024-12-01,1,186.83
7601,58,111,2024-11-17,1,438.69
7602,351,52,2024-11-24,1,225.66
7603,402,150,2025-04-07,1,468.27
7604,488,71,2024-09-01,2,320.91
7605,167,6,2025-06-27,1,120.34
7606,394,140,2025-01-22,1,238.53
7607,106,77,2025-02-09,1,516.83
7608,301,61,2025-01-22,1,131.98
7609,436,95,2025-07-13,1,61.73
7610,468,98,2025-04-10,1,81.7
7611,207,137,2025-02-05,1,63.66
7612,157,101,2025-06-04,1,15.78
7613,9,104,2024-10-13,1,235.06
7614,406,118,2024-12-25,1,319.7
7615,159,19,2024-11-20,1,90.14
7616,305,150,2024-11-28,1,468.27
7617,143,27,2025-03-28,1,520.9
7618,276,122,2024-12-24,1,230.92
7619,80,11,2024-12-27,1,16.25
7620,217,85,2024-12-26,2,339.74
7621,315,121,2025-03-16,1,538.87
7622,70,143,2025-01-28,1,385.7
7623,180,59,2025-04-13,2,122.16
7624,30,60,2025-01-22,1,190.26
7625,117,59,2025-03-03,1,122.16
7626,202,30,2024-10-21,1,442.18
7627,294,137,2025-06-16,1,63.66
7628,484,18,2024-10-07,1,102.42
7629,237,143,2025-07-12,1,385.7
7630,114,30,2024-11-13,1,442.18
7631,353,20,2024-10-09,1,636.49
7632,473,29,2025-05-04,1,58.54
7633,297,31,2024-10-19,1,211.87
7634,364,80,2024-10-10,1,189.8
7635,267,97,2025-06-22,2,24.03
7636,274,37,2024-12-24,2,226.59
7637,305,33,2025-02-05,1,121.24
7638,188,119,2025-04-12,1,524.61
7639,370,15,2024-12-25,1,206.74
7640,321,71,2025-06-07,1,320.91
7641,194,20,2024-08-12,1,636.49
7642,191,21,2024-12-04,2,199.22
7643,436,91,2024-12-04,1,73.18
7644,476,61,2025-07-23,1,131.98
7645,118,141,2024-12-03,1,489.58
7646,469,9,2024-09-07,1,719.54
7647,262,40,2024-12-11,1,480.83
7648,87,70,2024-09-22,1,300.47
7649,470,36,2025-05-11,1,91.26
7650,377,146,2025-04-26,2,343.96
7651,74,23,2024-09-18,2,113.32
7652,266,112,2024-12-19,1,332.67
7653,96,115,2025-01-28,2,281.46
7654,202,8,2025-03-08,1,62.79
7655,232,90,2024-11-03,2,456.59
7656,50,148,2024-11-21,1,543.51
7657,152,67,2025-02-05,1,331.31
7658,251,5,2024-10-13,1,287.24
7659,420,52,2024-12-22,1,225.66
7660,182,63,2025-01-24,1,341.84
7661,240,80,2024-12-06,1,189.8
7662,155,49,2025-02-27,1,77.56
7663,209,24,2025-05-29,1,563.43
7664,407,65,2024-10-24,1,135.17
7665,64,31,2025-05-23,1,211.87
7666,168,24,2024-08-12,1,563.43
7667,442,50,2025-06-17,1,98.91
7668,117,81,2025-05-24,1,261.53
7669,60,83,2025-05-18,1,296.51
7670,31,31,2024-10-31,1,211.87
7671,38,89,2024-11-27,1,211.17
7672,217,146,2025-07-26,1,343.96
7673,35,81,2024-11-19,1,261.53
7674,471,43,2024-12-16,1,418.43
7675,163,83,2024-09-07,1,296.51
7676,324,28,2024-09-26,1,213.35
7677,111,54,2024-08-03,1,349.2
7678,354,40,2024-11-09,1,480.83
7679,326,74,2025-04-10,1,488.38
7680,319,98,2025-07-24,1,81.7
7681,190,27,2025-05-18,1,520.9
7682,156,39,2024-10-10,1,578.5
7683,469,85,2025-04-24,1,339.74
7684,460,4,2025-07-02,1,510.73
7685,132,15,2024-08-13,1,206.74
7686,423,63,2024-10-08,1,341.84
7687,165,23,2024-11-07,1,113.32
7688,125,41,2024-12-17,1,189.78
7689,336,32,2025-03-16,1,294.11
7690,377,3,2024-11-09,2,217.96
7691,425,10,2024-11-21,3,394.66
7692,342,136,2025-04-24,1,82.14
7693,292,143,2024-08-03,1,385.7
7694,194,147,2024-10-17,1,363.91
7695,500,43,2024-10-04,1,418.43
7696,202,98,2024-12-08,1,81.7
7697,38,29,2025-05-06,1,58.54
7698,60,67,2024-11-17,1,331.31
7699,107,114,2025-02-12,1,647.69
7700,92,42,2025-04-18,1,19.58
7701,170,150,2025-06-23,1,468.27
7702,400,138,2024-11-14,2,382.16
7703,286,115,2024-12-08,1,281.46
7704,346,13,2024-12-25,1,379.07
7705,183,107,2025-06-03,1,68.9
7706,54,87,2025-03-03,1,40.12
7707,118,41,2024-08-27,1,189.78
7708,9,99,2024-11-05,1,208.73
7709,398,70,2025-06-15,1,300.47
7710,209,43,2024-11-19,1,418.43
7711,118,2,2024-08-01,1,18.99
7712,184,78,2025-01-17,1,334.81
7713,37,73,2024-09-26,1,488.92
7714,426,25,2024-08-19,1,485.62
7715,468,82,2025-06-23,2,283.53
7716,276,76,2024-12-23,1,398.3
7717,419,47,2024-12-02,1,87.46
7718,371,59,2025-02-24,1,122.16
7719,386,96,2025-04-18,1,65.11
7720,458,77,2025-07-18,1,516.83
7721,21,18,2025-01-17,1,102.42
7722,429,66,2024-12-19,1,198.33
7723,389,80,2024-11-20,1,189.8
7724,194,140,2025-03-23,2,238.53
7725,257,33,2025-04-16,1,121.24
7726,14,18,2024-08-07,1,102.42
7727,133,111,2025-01-10,1,438.69
7728,208,90,2025-03-18,1,456.59
7729,343,102,2024-08-19,1,582.99
7730,87,143,2025-06-08,1,385.7
7731,463,17,2025-07-03,1,62.02
7732,100,127,2025-06-07,1,179.33
7733,298,122,2024-11-13,1,230.92
7734,107,47,2024-09-22,1,87.46
7735,176,95,2024-09-24,1,61.73
7736,463,114,2025-02-16,1,647.69
7737,81,31,2024-09-27,1,180.09
7738,49,46,2025-05-20,1,429.28
7739,396,89,2025-02-14,1,211.17
7740,490,107,2025-04-24,1,68.9
7741,352,133,2024-11-10,1,145.25
7742,133,78,2024-09-03,1,334.81
7743,413,29,2024-08-15,3,58.54
7744,286,33,2025-05-02,2,121.24
7745,79,141,2024-11-06,2,489.58
7746,57,118,2025-06-26,1,319.7
7747,395,21,2025-05-29,1,199.22
7748,191,104,2025-01-15,1,235.06
7749,275,88,2024-10-16,1,288.97
7750,474,93,2024-12-05,1,575.84
7751,459,45,2024-12-01,1,53.21
7752,203,119,2025-04-18,1,524.61
7753,360,136,2024-10-21,1,82.14
7754,161,39,2025-07-04,1,578.5
7755,186,32,2025-05-14,3,294.11
7756,497,35,2025-07-15,1,401.85
7757,382,122,2024-12-16,1,230.92
7758,496,8,2024-11-12,1,62.79
7759,55,120,2025-04-21,1,556.25
7760,463,112,2025-03-25,1,332.67
7761,200,52,2025-02-13,1,225.66
7762,341,141,2024-11-22,1,489.58
7763,406,82,2025-07-30,1,283.53
7764,497,54,2025-01-11,1,349.2
7765,456,14,2025-04-23,1,348.48
7766,294,78,2025-01-01,1,334.81
7767,300,136,2024-12-01,1,82.14
7768,463,77,2025-05-06,1,516.83
7769,340,73,2024-11-23,1,488.92
7770,298,140,2025-04-01,1,238.53
7771,304,103,2024-09-29,2,296.39
7772,371,40,2025-04-14,1,480.83
7773,62,130,2025-01-11,1,499.34
7774,111,88,2025-02-16,1,288.97
7775,460,89,2025-06-05,1,211.17
7776,213,114,2024-10-14,1,647.69
7777,453,55,2024-12-21,1,526.4
7778,227,33,2024-12-30,1,121.24
7779,203,79,2025-04-08,2,135.77
7780,260,30,2025-03-29,1,442.18
7781,467,140,2024-09-25,1,238.53
7782,461,86,2025-02-25,2,118.49
7783,327,49,2024-11-29,1,77.56
7784,191,145,2024-12-15,1,81.94
7785,100,10,2024-10-17,1,394.66
7786,125,2,2024-12-23,1,18.99
7787,166,139,2025-07-22,2,224.44
7788,373,22,2024-12-11,2,163.49
7789,116,99,2025-03-23,1,208.73
7790,123,115,2025-07-21,1,281.46
7791,381,50,2025-07-10,1,98.91
7792,177,117,2025-01-19,1,524.45
7793,257,88,2025-01-16,1,288.97
7794,104,26,2025-07-26,1,80.28
7795,70,45,2024-09-05,1,53.21
7796,306,45,2024-10-17,1,53.21
7797,410,52,2024-10-08,1,225.66
7798,219,62,2024-11-15,1,26.71
7799,497,88,2025-06-03,1,288.97
7800,17,22,2024-11-13,2,163.49
7801,105,94,2024-12-26,2,512.02
7802,470,73,2024-11-14,1,488.92
7803,319,74,2024-09-25,1,488.38
7804,449,50,2025-02-13,1,98.91
7805,362,41,2024-10-19,1,189.78
7806,155,78,2024-11-15,1,334.81
7807,458,28,2025-02-03,1,213.35
7808,228,55,2025-04-23,1,526.4
7809,4,42,2024-12-14,1,19.58
7810,425,59,2024-12-27,1,122.16
7811,88,31,2025-07-07,1,211.87
7812,269,47,2025-01-11,1,87.46
7813,252,44,2025-01-21,1,392.03
7814,293,56,2024-10-13,1,443.42
7815,461,68,2024-09-28,1,295.67
7816,388,40,2025-06-30,1,480.83
7817,440,138,2024-11-29,1,382.16
7818,500,36,2024-11-20,1,91.26
7819,260,107,2024-11-11,1,68.9
7820,398,49,2025-05-29,1,77.56
7821,466,102,2024-09-03,1,582.99
7822,49,9,2025-04-24,2,719.54
7823,61,112,2024-10-28,1,332.67
7824,73,89,2024-11-27,1,211.17
7825,15,61,2024-12-21,1,131.98
7826,229,128,2025-07-28,1,384.68
7827,311,109,2025-03-16,46,482.64
7828,123,26,2024-09-15,1,80.28
7829,363,21,2025-03-02,1,199.22
7830,481,73,2024-09-12,1,488.92
7831,475,9,2025-05-20,2,719.54
7832,346,10,2024-12-10,1,394.66
7833,436,118,2024-11-21,1,319.7
7834,177,48,2024-09-15,1,478.84
7835,415,75,2024-11-17,1,137.49
7836,101,48,2024-12-04,1,478.84
7837,230,5,2025-06-10,2,215.43
7838,494,90,2024-11-12,1,456.59
7839,55,20,2025-06-13,1,636.49
7840,239,7,2024-10-11,1,303.12
7841,398,40,2025-01-05,2,480.83
7842,375,90,2024-09-23,1,456.59
7843,489,5,2025-04-06,1,287.24
7844,371,145,2025-04-18,1,96.4
7845,234,119,2024-11-19,1,524.61
7846,369,27,2024-11-29,1,520.9
7847,242,18,2025-06-24,1,102.42
7848,152,21,2025-02-22,1,199.22
7849,22,121,2024-10-21,2,538.87
7850,159,122,2025-03-10,1,230.92
7851,77,37,2025-04-21,1,226.59
7852,487,39,2025-01-14,1,578.5
7853,435,141,2024-09-24,2,489.58
7854,171,5,2025-04-03,3,287.24
7855,345,38,2025-03-11,1,455.18
7856,111,52,2025-02-11,1,225.66
7857,448,62,2025-05-13,1,26.71
7858,293,25,2025-04-30,1,364.22
7859,419,4,2024-12-27,2,510.73
7860,177,113,2025-03-14,1,440.12
7861,288,129,2025-02-15,1,435.24
7862,480,65,2025-05-20,1,135.17
7863,450,121,2024-10-11,1,538.87
7864,421,74,2025-05-01,1,488.38
7865,223,125,2024-08-21,1,300.73
7866,57,10,2025-06-30,1,394.66
7867,498,129,2024-08-23,1,435.24
7868,33,147,2025-06-05,1,363.91
7869,296,81,2024-12-17,2,261.53
7870,172,79,2025-06-23,1,135.77
7871,300,2,2025-04-09,1,18.99
7872,53,90,2025-06-17,1,456.59
7873,113,97,2025-05-29,1,24.03
7874,172,60,2024-10-03,1,190.26
7875,225,74,2024-10-16,1,488.38
7876,394,121,2024-08-07,1,538.87
7877,253,6,2025-04-17,1,120.34
7878,454,124,2025-06-17,3,209.47
7879,106,49,2024-12-19,1,77.56
7880,434,72,2024-10-22,2,246.7
7881,208,102,2024-11-05,1,582.99
7882,375,86,2024-11-16,1,118.49
7883,288,35,2025-02-13,1,401.85
7884,170,28,2024-08-22,2,213.35
7885,109,28,2024-12-12,1,213.35
7886,428,93,2025-03-05,2,575.84
7887,50,47,2025-03-20,1,87.46
7888,346,23,2025-06-22,1,113.32
7889,314,119,2025-01-15,1,524.61
7890,250,28,2025-07-20,1,213.35
7891,219,7,2025-01-04,1,303.12
7892,238,36,2025-04-11,1,91.26
7893,486,14,2024-12-08,1,348.48
7894,121,115,2024-11-21,1,281.46
7895,296,86,2024-09-03,1,118.49
7896,316,82,2025-04-21,1,283.53
7897,321,93,2024-12-16,1,575.84
7898,79,73,2024-12-30,1,488.92
7899,428,78,2024-11-26,1,334.81
7900,429,27,2024-11-19,1,520.9
7901,352,59,2025-04-23,1,122.16
7902,295,61,2024-10-18,1,131.98
7903,383,36,2025-03-31,1,91.26
7904,307,76,2025-03-30,1,398.3
7905,443,107,2024-12-27,3,68.9
7906,314,120,2025-06-30,1,556.25
7907,452,65,2024-12-07,1,135.17
7908,308,64,2025-05-02,1,312.23
7909,64,89,2025-01-04,1,211.17
7910,410,54,2025-04-30,1,349.2
7911,60,42,2025-03-26,1,19.58
7912,212,112,2024-08-05,1,332.67
7913,200,137,2024-11-09,3,63.66
7914,106,15,2025-05-18,1,206.74
7915,418,52,2025-03-28,1,225.66
7916,111,145,2025-05-30,1,96.4
7917,133,19,2025-07-18,1,90.14
7918,154,7,2024-09-02,1,303.12
7919,320,102,2025-01-27,1,582.99
7920,23,68,2024-08-03,1,295.67
7921,246,134,2025-01-23,1,524.84
7922,185,68,2024-09-18,1,266.1
7923,150,98,2025-01-23,1,81.7
7924,180,75,2024-09-03,1,137.49
7925,498,24,2025-07-17,2,563.43
7926,104,131,2024-11-23,2,625.36
7927,304,58,2025-01-17,1,440.25
7928,23,22,2024-09-21,1,163.49
7929,121,90,2024-12-01,1,456.59
7930,399,97,2025-05-22,2,24.03
7931,405,83,2024-10-25,1,296.51
7932,52,26,2024-11-03,1,80.28
7933,159,127,2024-12-14,2,179.33
7934,340,90,2025-07-21,2,456.59
7935,26,63,2025-04-28,2,341.84
7936,152,135,2024-12-28,1,416.04
7937,493,2,2024-09-11,1,18.99
7938,324,53,2025-06-17,1,487.84
7939,83,91,2024-11-27,1,73.18
7940,451,94,2024-09-10,1,512.02
7941,412,72,2025-01-03,1,246.7
7942,170,13,2025-01-31,1,379.07
7943,238,24,2025-07-17,1,563.43
7944,140,26,2025-03-02,1,80.28
7945,437,102,2024-11-04,1,582.99
7946,224,2,2024-09-25,1,18.99
7947,172,45,2024-11-11,1,53.21
7948,342,42,2024-12-07,1,19.58
7949,474,132,2025-07-08,1,208.38
7950,295,42,2025-04-01,1,19.58
7951,191,76,2024-12-10,1,398.3
7952,294,64,2025-04-27,1,312.23
7953,23,97,2024-10-21,1,24.03
7954,227,110,2025-03-09,1,152.47
7955,4,140,2025-06-03,1,238.53
7956,126,42,2024-09-07,1,19.58
7957,56,121,2025-01-07,1,538.87
7958,354,28,2025-07-31,1,213.35
7959,218,126,2025-05-04,1,217.72
7960,327,132,2025-03-14,1,208.38
7961,37,36,2024-11-19,1,91.26
7962,149,132,2024-11-26,1,208.38
7963,172,137,2025-06-29,1,63.66
7964,212,104,2024-10-14,2,235.06
7965,155,129,2024-12-03,1,435.24
7966,190,92,2025-02-04,1,213.89
7967,119,52,2025-07-14,1,225.66
7968,221,80,2024-11-30,1,189.8
7969,343,26,2024-12-09,2,80.28
7970,120,63,2025-03-15,1,341.84
7971,96,38,2024-11-03,1,455.18
7972,200,131,2024-09-02,1,625.36
7973,482,90,2025-01-17,1,456.59
7974,150,63,2025-06-18,1,341.84
7975,202,127,2024-09-13,1,179.33
7976,395,105,2025-07-29,2,205.64
7977,442,122,2025-01-01,2,230.92
7978,348,65,2025-06-11,1,135.17
7979,170,67,2025-05-27,1,331.31
7980,415,121,2024-09-24,1,538.87
7981,58,103,2025-02-25,1,296.39
7982,352,108,2025-05-27,1,182.24
7983,199,87,2025-06-06,1,40.12
7984,480,44,2025-03-20,1,392.03
7985,95,88,2024-10-22,1,288.97
7986,31,133,2025-03-07,1,145.25
7987,441,131,2025-06-11,1,625.36
7988,288,125,2025-04-08,1,300.73
7989,31,53,2025-06-13,1,487.84
7990,23,14,2024-12-05,1,348.48
7991,189,27,2025-03-15,1,520.9
7992,269,137,2025-03-24,1,63.66
7993,308,6,2025-04-05,1,120.34
7994,116,30,2025-05-17,1,442.18
7995,148,63,2025-03-20,1,341.84
7996,424,68,2024-09-11,1,266.1
7997,206,22,2024-11-09,1,163.49
7998,453,41,2024-12-19,3,189.78
7999,295,86,2024-10-30,1,118.49
8000,225,120,2025-06-27,2,556.25
8001,430,17,2025-04-24,2,62.02
8002,77,43,2024-08-29,1,418.43
8003,355,130,2024-08-25,1,499.34
8004,109,112,2024-08-25,1,332.67
8005,177,5,2024-11-14,2,287.24
8006,129,119,2025-06-17,1,524.61
8007,23,64,2024-12-01,1,312.23
8008,317,124,2025-05-05,1,209.47
8009,88,10,2024-08-23,1,394.66
8010,408,88,2024-12-03,1,288.97
8011,414,62,2025-07-07,1,26.71
8012,479,50,2024-10-28,1,98.91
8013,458,104,2025-01-08,1,235.06
8014,310,129,2024-12-04,1,435.24
8015,70,55,2024-08-31,1,526.4
8016,133,73,2025-01-06,1,488.92
8017,45,61,2024-08-02,1,131.98
8018,106,80,2024-10-26,1,189.8
8019,155,88,2024-11-29,1,288.97
8020,390,120,2025-06-23,1,556.25
8021,190,39,2024-11-30,1,578.5
8022,60,13,2024-12-04,1,379.07
8023,427,130,2025-06-04,1,499.34
8024,452,143,2025-03-08,1,385.7
8025,213,16,2024-08-24,1,412.27
8026,164,132,2025-01-29,2,208.38
8027,110,66,2024-12-10,1,198.33
8028,33,60,2025-03-22,1,190.26
8029,498,30,2024-12-02,1,442.18
8030,485,14,2025-06-07,1,348.48
8031,37,34,2024-11-01,1,333.49
8032,324,61,2025-06-15,1,131.98
8033,242,7,2025-06-26,1,303.12
8034,188,31,2024-12-11,1,211.87
8035,63,47,2025-01-24,1,87.46
8036,275,34,2025-03-21,1,333.49
8037,362,64,2024-09-10,2,312.23
8038,448,27,2025-03-06,1,520.9
8039,275,119,2025-01-29,1,524.61
8040,268,7,2025-04-11,1,303.12
8041,483,43,2024-09-20,1,418.43
8042,346,36,2025-04-26,1,91.26
8043,359,83,2024-12-25,1,296.51
8044,492,16,2024-08-24,1,412.27
8045,215,98,2024-10-11,1,81.7
8046,228,143,2024-12-26,1,385.7
8047,185,66,2024-09-05,1,198.33
8048,8,83,2024-10-30,1,296.51
8049,494,30,2024-11-13,1,442.18
8050,158,94,2024-08-01,1,512.02
8051,276,31,2025-07-15,1,211.87
8052,266,127,2025-03-23,1,179.33
8053,202,18,2024-09-22,1,102.42
8054,316,107,2024-12-30,1,68.9
8055,191,62,2024-11-15,1,26.71
8056,260,77,2025-03-01,1,516.83
8057,316,22,2025-02-15,1,163.49
8058,87,69,2024-11-19,1,186.83
8059,219,85,2024-11-27,2,339.74
8060,403,79,2024-12-21,1,135.77
8061,452,19,2025-06-25,1,90.14
8062,147,128,2024-11-25,1,384.68
8063,219,124,2025-06-01,1,209.47
8064,432,99,2025-06-26,1,208.73
8065,405,97,2025-06-03,1,24.03
8066,385,112,2024-09-02,1,332.67
8067,242,28,2024-12-14,1,213.35
8068,276,44,2025-07-18,1,392.03
8069,107,118,2024-09-18,1,319.7
8070,342,63,2025-03-20,1,341.84
8071,448,78,2025-04-20,2,334.81
8072,27,4,2025-04-03,1,510.73
8073,193,6,2024-11-07,1,120.34
8074,142,145,2025-05-02,1,96.4
8075,281,2,2025-04-03,1,18.99
8076,493,132,2025-05-23,1,208.38
8077,425,64,2024-12-24,1,312.23
8078,162,126,2024-08-30,1,217.72
8079,363,139,2024-10-09,2,224.44
8080,125,103,2024-10-03,1,296.39
8081,337,130,2024-09-18,2,499.34
8082,53,32,2025-04-10,1,294.11
8083,280,113,2025-07-28,1,440.12
8084,447,51,2024-12-03,1,383.07
8085,158,6,2025-02-25,1,120.34
8086,24,115,2024-09-18,1,281.46
8087,426,48,2025-03-01,1,478.84
8088,293,47,2025-06-02,1,87.46
8089,45,142,2025-02-27,1,274.55
8090,175,65,2025-05-15,1,135.17
8091,157,106,2024-11-17,2,330.68
8092,129,39,2025-05-27,1,578.5
8093,188,94,2025-04-13,1,512.02
8094,213,124,2025-04-10,1,209.47
8095,270,79,2024-09-28,1,135.77
8096,479,6,2025-07-20,1,120.34
8097,274,105,2024-12-02,1,205.64
8098,297,46,2025-01-16,2,429.28
8099,386,126,2024-08-24,1,217.72
8100,219,127,2024-12-03,1,179.33
8101,414,87,2024-10-23,1,40.12
8102,10,143,2024-12-30,1,385.7
8103,363,4,2024-11-29,1,510.73
8104,217,126,2025-05-28,1,217.72
8105,168,30,2024-10-03,1,442.18
8106,19,52,2024-12-21,1,225.66
8107,111,71,2024-11-20,1,320.91
8108,468,103,2024-10-18,1,296.39
8109,162,49,2025-01-23,2,77.56
8110,429,107,2024-12-18,2,68.9
8111,342,17,2024-11-03,1,62.02
8112,224,93,2024-12-09,2,575.84
8113,437,74,2024-11-02,1,488.38
8114,36,25,2025-02-19,1,485.62
8115,143,134,2025-06-03,1,524.84
8116,384,145,2024-12-11,1,81.94
8117,180,82,2024-11-15,1,283.53
8118,369,129,2025-05-12,1,435.24
8119,116,18,2024-11-28,1,102.42
8120,277,20,2025-02-16,1,636.49
8121,255,54,2025-06-15,1,349.2
8122,330,47,2025-05-28,1,87.46
8123,101,110,2025-07-05,2,152.47
8124,321,41,2025-05-24,2,189.78
8125,298,82,2025-03-24,1,283.53
8126,386,56,2024-11-05,1,443.42
8127,453,96,2024-09-17,1,65.11
8128,49,73,2025-04-18,1,488.92
8129,314,125,2024-11-14,1,300.73
8130,469,70,2025-06-15,2,300.47
8131,166,2,2025-03-08,2,18.99
8132,142,112,2024-10-01,1,332.67
8133,70,80,2024-11-24,1,189.8
8134,39,140,2024-11-01,2,238.53
8135,226,29,2025-06-30,1,58.54
8136,7,93,2024-12-17,2,575.84
8137,191,92,2025-06-12,1,213.89
8138,14,90,2024-11-26,1,456.59
8139,242,6,2024-09-01,1,120.34
8140,23,126,2024-12-04,1,217.72
8141,66,131,2024-11-29,1,625.36
8142,46,99,2025-01-06,1,208.73
8143,492,107,2024-10-26,1,68.9
8144,239,120,2024-12-17,1,556.25
8145,21,49,2025-07-09,1,77.56
8146,448,112,2025-07-21,1,332.67
8147,424,63,2025-02-05,1,341.84
8148,111,77,2025-06-04,1,516.83
8149,452,48,2025-02-27,1,478.84
8150,374,80,2024-09-16,1,189.8
8151,199,28,2025-04-21,1,213.35
8152,369,140,2025-05-22,1,238.53
8153,330,88,2025-01-06,1,288.97
8154,269,130,2024-11-07,1,499.34
8155,494,78,2024-11-07,1,334.81
8156,494,93,2025-01-11,1,575.84
8157,176,31,2025-06-22,2,211.87
8158,414,127,2024-10-31,1,179.33
8159,159,114,2024-09-06,2,647.69
8160,409,46,2024-11-11,1,429.28
8161,159,24,2024-11-01,1,563.43
8162,414,69,2024-10-29,1,186.83
8163,304,33,2024-10-25,1,121.24
8164,199,140,2024-11-28,1,238.53
8165,338,77,2025-02-13,1,516.83
8166,436,36,2024-12-07,1,91.26
8167,442,3,2024-11-07,1,217.96
8168,270,75,2024-11-27,1,137.49
8169,463,1,2025-01-04,1,335.74
8170,255,133,2024-10-16,1,145.25
8171,77,69,2025-02-10,2,186.83
8172,204,150,2024-10-30,1,468.27
8173,436,68,2024-11-05,1,295.67
8174,167,31,2024-11-06,1,211.87
8175,87,6,2024-11-30,1,120.34
8176,260,107,2025-03-30,1,68.9
8177,397,48,2025-04-27,1,478.84
8178,445,63,2025-06-10,1,341.84
8179,388,10,2024-10-29,1,394.66
8180,179,70,2025-05-15,1,300.47
8181,159,60,2025-05-11,1,190.26
8182,140,118,2024-11-13,1,319.7
8183,402,20,2025-01-25,1,636.49
8184,124,93,2024-08-05,1,575.84
8185,117,26,2025-03-05,1,80.28
8186,92,99,2024-11-16,1,208.73
8187,61,145,2025-03-29,1,96.4
8188,111,149,2024-08-23,1,429.45
8189,449,40,2025-04-25,1,480.83
8190,228,104,2025-05-29,1,235.06
8191,468,81,2024-10-09,1,261.53
8192,449,139,2025-03-22,1,224.44
8193,69,12,2024-12-19,1,261.78
8194,157,25,2025-03-11,1,485.62
8195,224,60,2025-05-29,1,190.26
8196,79,20,2025-05-24,1,636.49
8197,153,82,2024-09-24,1,283.53
8198,399,1,2025-06-25,1,335.74
8199,155,135,2025-06-15,1,416.04
8200,275,29,2024-09-12,1,58.54
8201,133,8,2024-11-19,1,62.79
8202,301,71,2024-12-12,1,320.91
8203,416,99,2025-03-18,1,208.73
8204,70,2,2025-01-31,1,18.99
8205,252,71,2025-01-14,1,320.91
8206,247,30,2025-01-21,1,442.18
8207,428,61,2025-04-16,2,131.98
8208,114,15,2024-12-28,1,206.74
8209,346,3,2025-07-16,1,217.96
8210,447,46,2024-12-24,1,429.28
8211,266,10,2025-05-22,1,394.66
8212,228,130,2024-12-21,1,499.34
8213,388,43,2025-02-26,1,418.43
8214,182,122,2024-11-26,1,230.92
8215,163,144,2025-01-07,1,183.68
8216,222,108,2024-12-14,1,182.24
8217,228,82,2025-05-15,1,283.53
8218,438,100,2024-10-03,1,229.29
8219,206,73,2025-01-17,1,488.92
8220,403,84,2025-05-03,1,338.34
8221,225,149,2024-12-06,1,365.03
8222,27,52,2024-12-26,1,225.66
8223,108,105,2024-11-09,1,205.64
8224,149,143,2025-01-27,2,385.7
8225,179,86,2024-09-13,1,118.49
8226,27,116,2024-10-12,1,105.33
8227,461,31,2025-05-23,1,211.87
8228,232,95,2025-01-18,1,61.73
8229,362,41,2025-02-05,1,189.78
8230,128,54,2025-04-01,2,349.2
8231,150,21,2024-11-19,1,199.22
8232,159,29,2025-03-01,1,58.54
8233,240,11,2024-11-08,1,16.25
8234,232,142,2024-11-19,1,274.55
8235,296,50,2025-07-15,1,98.91
8236,326,73,2025-06-03,1,488.92
8237,144,97,2024-12-04,1,24.03
8238,49,55,2025-05-03,1,526.4
8239,422,15,2024-10-17,1,206.74
8240,197,52,2025-02-06,1,225.66
8241,312,84,2025-03-04,2,338.34
8242,360,129,2024-11-21,1,435.24
8243,95,18,2025-03-17,1,102.42
8244,61,14,2025-01-30,1,348.48
8245,184,50,2025-03-08,1,98.91
8246,170,17,2025-02-15,1,62.02
8247,320,95,2025-06-06,1,61.73
8248,485,115,2025-04-11,1,281.46
8249,281,57,2025-07-17,1,349.1
8250,313,56,2024-12-01,1,443.42
8251,16,7,2024-10-10,1,303.12
8252,140,55,2024-11-06,1,526.4
8253,362,123,2024-12-01,1,79.03
8254,340,114,2025-03-27,1,647.69
8255,23,149,2025-04-01,1,429.45
8256,182,115,2024-12-14,1,281.46
8257,360,36,2025-04-03,1,91.26
8258,218,117,2025-01-29,2,524.45
8259,497,68,2025-06-02,2,295.67
8260,41,29,2024-11-11,1,58.54
8261,202,133,2024-09-08,1,145.25
8262,335,126,2025-02-07,1,217.72
8263,147,134,2025-04-17,1,524.84
8264,111,100,2024-12-27,1,229.29
8265,106,133,2025-01-23,1,145.25
8266,34,135,2025-03-05,2,416.04
8267,230,113,2024-11-11,1,440.12
8268,183,123,2024-08-19,1,79.03
8269,195,101,2024-09-05,1,15.78
8270,380,18,2024-12-04,1,102.42
8271,316,75,2025-03-04,1,137.49
8272,60,41,2025-06-03,2,189.78
8273,46,139,2024-09-14,1,224.44
8274,454,89,2025-04-15,2,211.17
8275,273,55,2024-12-20,1,526.4
8276,227,23,2024-09-09,1,113.32
8277,470,17,2025-01-04,1,62.02
8278,330,75,2025-06-28,1,137.49
8279,52,121,2024-12-22,1,538.87
8280,388,28,2025-05-26,1,213.35
8281,37,18,2025-07-31,1,102.42
8282,101,52,2025-02-23,1,225.66
8283,251,46,2025-06-13,1,429.28
8284,95,62,2025-07-21,1,26.71
8285,3,144,2024-11-01,1,183.68
8286,430,121,2024-11-04,1,538.87
8287,287,44,2024-12-25,1,392.03
8288,4,19,2025-01-09,1,90.14
8289,403,69,2025-06-16,1,186.83
8290,266,81,2024-09-04,1,261.53
8291,348,128,2025-01-29,1,384.68
8292,103,8,2024-09-15,1,62.79
8293,397,87,2025-02-09,1,40.12
8294,260,96,2025-04-06,1,65.11
8295,222,103,2024-12-03,1,296.39
8296,212,90,2024-12-08,1,456.59
8297,216,139,2025-04-14,2,224.44
8298,475,77,2024-12-12,1,516.83
8299,394,103,2024-08-02,1,296.39
8300,152,129,2025-06-07,1,435.24
8301,220,144,2024-09-22,1,183.68
8302,452,107,2025-07-11,1,68.9
8303,196,41,2024-11-24,1,189.78
8304,227,88,2025-02-25,1,288.97
8305,176,132,2025-04-12,1,208.38
8306,82,86,2024-09-18,1,118.49
8307,2,45,2024-09-09,1,53.21
8308,286,117,2024-11-05,1,524.45
8309,331,118,2024-11-09,1,319.7
8310,133,49,2025-01-26,1,77.56
8311,481,120,2025-05-03,1,556.25
8312,215,56,2025-01-15,1,443.42
8313,144,110,2025-04-25,1,152.47
8314,108,24,2025-01-17,1,563.43
8315,233,138,2024-09-26,1,382.16
8316,364,37,2024-10-31,1,226.59
8317,232,72,2025-05-20,1,246.7
8318,210,28,2025-02-14,1,213.35
8319,18,77,2024-10-28,1,516.83
8320,355,123,2024-10-20,2,79.03
8321,484,73,2025-05-22,1,488.92
8322,477,29,2024-12-02,1,58.54
8323,437,115,2024-09-22,1,281.46
8324,81,17,2025-04-21,1,62.02
8325,165,88,2024-12-30,1,288.97
8326,498,38,2024-09-14,2,455.18
8327,420,53,2025-02-22,1,487.84
8328,378,49,2024-12-06,1,77.56
8329,490,13,2025-06-25,1,379.07
8330,166,130,2024-11-09,1,499.34
8331,457,45,2024-09-02,1,53.21
8332,456,42,2024-08-20,1,19.58
8333,180,86,2025-01-05,1,118.49
8334,81,39,2025-03-19,1,578.5
8335,296,68,2025-02-25,1,295.67
8336,424,113,2025-05-09,1,440.12
8337,129,125,2025-01-08,1,300.73
8338,144,75,2025-01-04,2,137.49
8339,60,147,2025-01-03,1,363.91
8340,10,67,2024-11-03,3,331.31
8341,286,78,2024-09-20,1,334.81
8342,336,96,2025-06-03,2,65.11
8343,419,133,2024-10-18,1,145.25
8344,188,102,2024-09-22,1,582.99
8345,55,89,2024-09-17,1,211.17
8346,490,143,2025-06-22,1,385.7
8347,305,84,2025-07-07,1,338.34
8348,362,104,2024-10-03,1,235.06
8349,288,26,2024-10-12,1,80.28
8350,141,58,2025-02-22,1,440.25
8351,389,89,2024-10-14,2,211.17
8352,442,124,2024-11-08,1,209.47
8353,437,142,2025-07-29,1,274.55
8354,256,18,2024-08-02,1,102.42
8355,342,92,2025-05-19,1,213.89
8356,168,43,2025-06-21,1,418.43
8357,191,8,2024-10-20,1,62.79
8358,431,37,2024-12-15,1,226.59
8359,288,62,2025-06-12,1,26.71
8360,461,132,2024-10-05,1,208.38
8361,448,34,2024-11-06,1,333.49
8362,428,16,2024-10-02,1,412.27
8363,440,5,2025-01-27,1,287.24
8364,85,18,2025-01-19,1,102.42
8365,369,40,2024-08-23,2,480.83
8366,205,93,2025-06-25,1,575.84
8367,52,125,2025-04-22,1,300.73
8368,239,114,2025-02-11,1,647.69
8369,285,61,2025-05-10,1,112.18
8370,28,113,2024-11-02,2,440.12
8371,60,106,2024-12-13,1,330.68
8372,322,134,2024-08-12,1,524.84
8373,79,110,2025-05-27,1,152.47
8374,155,90,2025-03-12,1,456.59
8375,490,107,2025-07-19,2,68.9
8376,270,51,2024-08-19,1,383.07
8377,428,69,2025-02-16,3,186.83
8378,202,120,2025-01-29,1,556.25
8379,260,104,2024-10-08,1,235.06
8380,280,79,2025-05-14,1,135.77
8381,44,75,2025-02-12,2,137.49
8382,247,42,2024-11-30,1,19.58
8383,354,58,2024-11-08,1,440.25
8384,364,107,2024-12-20,1,68.9
8385,436,30,2025-06-12,1,442.18
8386,47,58,2025-04-18,1,440.25
8387,314,118,2025-01-16,1,319.7
8388,224,63,2024-12-10,1,341.84
8389,170,30,2025-05-14,1,442.18
8390,463,56,2025-05-19,1,443.42
8391,369,22,2024-10-02,1,163.49
8392,71,142,2025-02-02,1,274.55
8393,185,12,2025-03-14,1,261.78
8394,281,125,2024-12-01,1,300.73
8395,126,148,2025-06-24,1,543.51
8396,105,119,2025-05-16,3,524.61
8397,176,41,2024-11-22,1,189.78
8398,342,106,2025-05-12,2,330.68
8399,257,136,2025-01-17,1,82.14
8400,342,8,2025-07-05,1,47.09
8401,308,22,2024-10-25,2,163.49
8402,218,134,2024-10-21,1,524.84
8403,114,27,2024-09-26,1,520.9
8404,427,69,2024-10-18,1,186.83
8405,338,119,2024-11-16,1,524.61
8406,305,53,2024-12-31,1,487.84
8407,477,40,2025-03-05,1,480.83
8408,432,25,2025-04-15,2,485.62
8409,338,91,2025-02-21,1,73.18
8410,217,135,2025-05-10,1,416.04
8411,331,42,2024-12-16,1,19.58
8412,308,21,2025-05-22,1,199.22
8413,344,91,2025-05-22,1,73.18
8414,117,17,2024-10-15,1,62.02
8415,120,127,2024-12-19,1,179.33
8416,31,48,2024-12-28,1,478.84
8417,191,1,2024-10-20,1,335.74
8418,461,77,2025-06-30,1,516.83
8419,147,48,2025-03-06,2,478.84
8420,409,42,2024-11-23,1,19.58
8421,251,40,2025-02-25,1,480.83
8422,377,119,2025-01-10,1,524.61
8423,270,113,2025-03-12,1,440.12
8424,437,22,2025-03-07,1,163.49
8425,207,109,2024-11-14,2,482.64
8426,383,43,2024-08-20,1,418.43
8427,485,108,2024-10-14,1,182.24
8428,427,146,2024-12-22,1,343.96
8429,129,93,2024-11-19,1,575.84
8430,341,106,2025-04-03,1,330.68
8431,211,21,2025-05-11,1,199.22
8432,475,20,2025-06-18,1,636.49
8433,469,55,2024-12-09,1,526.4
8434,161,86,2025-07-22,1,118.49
8435,278,44,2024-12-19,1,392.03
8436,144,63,2024-11-13,1,341.84
8437,200,81,2025-04-27,2,196.15
8438,175,8,2025-04-06,1,62.79
8439,497,115,2025-01-25,1,281.46
8440,209,34,2024-12-18,1,333.49
8441,64,61,2025-05-27,1,131.98
8442,123,123,2025-02-18,1,79.03
8443,139,86,2025-03-12,1,118.49
8444,46,134,2024-12-15,1,524.84
8445,318,69,2024-10-10,1,186.83
8446,200,97,2024-11-14,1,24.03
8447,181,119,2024-09-02,1,524.61
8448,105,113,2025-07-20,1,440.12
8449,429,59,2025-01-26,1,97.73
8450,96,121,2024-11-20,1,538.87
8451,176,136,2025-03-21,3,82.14
8452,118,56,2025-02-14,1,443.42
8453,53,94,2024-12-12,1,512.02
8454,229,126,2025-06-07,1,217.72
8455,460,74,2024-12-15,1,488.38
8456,102,43,2025-02-19,1,418.43
8457,426,95,2025-01-23,1,61.73
8458,179,148,2024-09-03,1,543.51
8459,270,118,2025-02-08,1,319.7
8460,290,49,2024-10-18,1,77.56
8461,67,16,2025-07-19,1,412.27
8462,76,83,2025-01-21,2,296.51
8463,377,1,2024-09-21,1,335.74
8464,467,145,2024-12-20,1,81.94
8465,102,104,2024-10-31,2,235.06
8466,468,72,2025-04-01,1,246.7
8467,196,141,2025-03-16,1,489.58
8468,23,74,2025-04-04,1,488.38
8469,430,138,2025-01-14,1,382.16
8470,30,17,2025-06-10,2,62.02
8471,60,83,2025-07-29,2,296.51
8472,336,147,2025-01-04,3,363.91
8473,155,107,2025-05-16,1,68.9
8474,348,150,2025-05-26,1,468.27
8475,352,29,2025-07-22,1,58.54
8476,242,80,2024-09-27,2,189.8
8477,337,33,2025-03-27,1,121.24
8478,157,145,2024-09-26,2,96.4
8479,424,14,2025-03-25,1,348.48
8480,436,5,2024-11-26,1,287.24
8481,202,57,2024-12-02,1,349.1
8482,436,112,2025-07-04,2,332.67
8483,158,113,2025-05-02,2,440.12
8484,376,111,2024-10-28,1,438.69
8485,316,4,2025-04-14,1,510.73
8486,141,65,2024-12-09,1,135.17
8487,481,118,2025-01-23,1,319.7
8488,147,79,2025-06-21,1,135.77
8489,358,127,2024-09-18,2,179.33
8490,53,6,2024-10-17,1,120.34
8491,97,100,2024-10-14,1,229.29
8492,425,59,2025-02-07,1,97.73
8493,307,129,2025-01-24,2,435.24
8494,363,129,2025-06-03,1,435.24
8495,200,102,2025-04-07,1,582.99
8496,335,73,2025-04-14,1,488.92
8497,346,32,2025-02-26,1,294.11
8498,344,144,2024-12-13,1,183.68
8499,185,33,2025-02-27,1,121.24
8500,151,54,2024-11-18,1,349.2
8501,49,139,2025-06-23,1,224.44
8502,444,70,2024-08-01,1,300.47
8503,25,10,2025-03-27,1,394.66
8504,46,62,2024-09-19,1,26.71
8505,242,5,2025-07-22,1,287.24
8506,92,120,2024-12-27,1,556.25
8507,344,120,2025-05-20,1,556.25
8508,245,90,2024-11-19,2,456.59
8509,21,32,2024-12-24,1,294.11
8510,316,52,2025-02-23,1,225.66
8511,412,71,2025-03-25,1,320.91
8512,352,70,2024-09-21,1,300.47
8513,27,59,2025-03-24,1,122.16
8514,319,144,2025-07-14,1,183.68
8515,292,66,2025-06-27,1,198.33
8516,396,106,2025-01-08,1,330.68
8517,279,57,2024-09-20,1,349.1
8518,173,144,2025-07-27,1,183.68
8519,243,124,2024-11-30,1,209.47
8520,329,53,2025-05-27,2,487.84
8521,109,44,2025-03-08,3,392.03
8522,442,117,2024-12-01,1,524.45
8523,468,34,2025-02-25,1,333.49
8524,29,56,2024-10-08,1,443.42
8525,87,58,2024-11-18,1,440.25
8526,30,8,2024-11-27,1,62.79
8527,232,54,2025-06-10,1,349.2
8528,232,46,2024-12-18,1,429.28
8529,299,37,2025-06-06,1,226.59
8530,46,58,2025-01-06,1,440.25
8531,189,139,2025-06-22,1,224.44
8532,52,145,2025-06-11,1,96.4
8533,436,132,2024-11-24,1,208.38
8534,49,104,2025-05-18,1,235.06
8535,269,109,2024-12-16,1,482.64
8536,453,102,2024-08-12,1,582.99
8537,476,89,2025-07-08,2,211.17
8538,30,146,2025-04-20,2,343.96
8539,461,5,2025-01-23,1,287.24
8540,444,133,2024-12-14,1,145.25
8541,29,98,2024-09-04,1,81.7
8542,386,98,2025-04-25,1,81.7
8543,384,12,2025-05-26,1,261.78
8544,140,132,2024-11-09,2,208.38
8545,178,128,2024-10-25,1,384.68
8546,242,18,2025-02-10,1,102.42
8547,7,120,2025-06-25,1,556.25
8548,124,96,2025-01-11,1,65.11
8549,215,99,2024-12-14,2,208.73
8550,424,66,2024-12-18,2,198.33
8551,477,141,2024-11-01,1,489.58
8552,191,19,2025-01-10,1,90.14
8553,280,44,2024-09-09,1,392.03
8554,408,49,2024-11-18,1,77.56
8555,101,135,2025-03-19,1,416.04
8556,343,7,2024-10-13,1,303.12
8557,307,118,2025-06-26,1,319.7
8558,180,47,2024-09-21,2,87.46
8559,326,133,2024-12-22,1,145.25
8560,290,62,2024-09-11,2,26.71
8561,394,78,2025-07-10,1,334.81
8562,436,24,2024-12-12,2,563.43
8563,24,145,2024-12-03,1,81.94
8564,236,71,2025-01-13,1,320.91
8565,219,50,2024-09-26,1,98.91
8566,123,41,2024-10-26,1,189.78
8567,52,84,2025-02-16,1,338.34
8568,309,10,2025-03-11,1,394.66
8569,389,83,2025-05-06,1,296.51
8570,269,53,2025-03-27,1,487.84
8571,360,17,2025-06-06,3,62.02
8572,452,122,2025-04-05,1,230.92
8573,425,2,2025-04-13,1,18.99
8574,31,53,2024-12-23,1,487.84
8575,14,60,2025-04-22,2,190.26
8576,177,71,2024-09-22,1,320.91
8577,492,10,2025-05-22,2,394.66
8578,455,109,2024-11-24,1,482.64
8579,260,111,2025-07-10,1,438.69
8580,343,26,2024-12-31,2,80.28
8581,304,23,2025-02-22,1,113.32
8582,465,59,2025-03-08,2,122.16
8583,72,33,2024-09-12,1,121.24
8584,30,10,2024-12-07,1,394.66
8585,125,75,2025-05-19,1,137.49
8586,471,16,2024-11-26,1,412.27
8587,167,45,2025-06-02,1,53.21
8588,23,143,2024-08-28,1,385.7
8589,139,136,2024-09-21,1,82.14
8590,360,113,2025-05-06,1,440.12
8591,423,44,2024-10-29,1,392.03
8592,436,28,2024-10-11,1,213.35
8593,144,46,2025-04-19,1,429.28
8594,101,112,2024-12-20,1,332.67
8595,30,143,2025-06-05,1,385.7
8596,222,22,2024-11-07,1,163.49
8597,9,114,2025-03-18,1,647.69
8598,190,103,2025-04-03,1,296.39
8599,272,105,2024-12-08,2,205.64
8600,153,145,2024-11-20,1,96.4
8601,258,94,2024-09-11,1,512.02
8602,225,14,2024-09-15,3,348.48
8603,136,53,2025-05-06,1,487.84
8604,6,33,2025-06-05,1,121.24
8605,225,34,2025-07-25,3,333.49
8606,86,117,2025-04-14,2,524.45
8607,488,56,2025-01-03,1,443.42
8608,218,88,2024-12-08,1,288.97
8609,10,130,2025-01-16,1,499.34
8610,224,59,2025-02-17,1,122.16
8611,118,11,2024-11-27,2,16.25
8612,247,14,2025-06-20,1,348.48
8613,245,26,2025-01-12,1,80.28
8614,351,65,2025-03-18,1,135.17
8615,343,94,2024-12-11,1,512.02
8616,455,140,2025-05-13,1,238.53
8617,114,47,2024-09-01,1,87.46
8618,23,27,2024-12-22,1,520.9
8619,191,68,2024-08-23,2,295.67
8620,277,140,2024-10-30,1,238.53
8621,256,34,2025-03-20,2,333.49
8622,258,113,2024-12-14,1,440.12
8623,280,30,2025-01-22,1,442.18
8624,240,96,2024-08-01,1,65.11
8625,93,45,2024-12-22,1,53.21
8626,50,116,2024-11-20,1,105.33
8627,117,18,2025-05-05,2,102.42
8628,360,18,2025-01-24,2,102.42
8629,275,40,2024-10-23,2,480.83
8630,442,105,2024-09-23,1,205.64
8631,215,122,2025-05-22,1,230.92
8632,424,106,2025-02-02,1,330.68
8633,55,51,2025-01-27,1,383.07
8634,121,82,2025-03-25,1,283.53
8635,298,13,2024-10-17,1,379.07
8636,217,129,2024-12-30,1,435.24
8637,472,68,2024-12-16,1,295.67
8638,61,39,2025-07-15,1,578.5
8639,346,79,2024-11-13,1,135.77
8640,55,111,2025-06-08,1,438.69
8641,481,21,2025-06-02,1,199.22
8642,356,129,2025-02-25,1,435.24
8643,239,149,2025-04-23,1,429.45
8644,22,65,2025-04-01,2,135.17
8645,117,42,2025-03-22,1,19.58
8646,312,140,2025-07-01,1,238.53
8647,8,73,2025-02-25,2,488.92
8648,45,124,2024-11-23,1,209.47
8649,202,27,2025-05-29,1,520.9
8650,398,3,2025-03-16,1,217.96
8651,156,115,2024-09-13,1,281.46
8652,178,111,2025-01-31,1,438.69
8653,412,19,2024-10-28,1,90.14
8654,92,15,2024-12-26,1,206.74
8655,359,82,2024-11-27,1,283.53
8656,52,1,2024-12-02,1,335.74
8657,339,15,2024-10-13,1,206.74
8658,56,54,2024-12-08,2,349.2
8659,242,128,2024-12-11,1,384.68
8660,386,46,2025-07-02,1,429.28
8661,224,112,2025-01-22,1,332.67
8662,279,62,2025-02-17,1,26.71
8663,394,134,2024-10-11,1,524.84
8664,362,78,2024-09-16,1,334.81
8665,269,6,2025-01-23,1,120.34
8666,218,84,2024-08-25,1,338.34
8667,191,28,2024-12-14,2,213.35
8668,396,20,2025-05-12,1,636.49
8669,486,54,2025-04-30,1,349.2
8670,134,52,2025-01-22,1,225.66
8671,314,84,2024-12-10,1,338.34
8672,219,129,2024-10-13,1,435.24
8673,290,105,2024-08-04,1,205.64
8674,480,60,2025-03-16,1,190.26
8675,44,12,2025-02-03,1,261.78
8676,453,132,2025-05-06,1,208.38
8677,180,50,2025-07-14,1,98.91
8678,305,90,2024-11-26,1,456.59
8679,135,29,2024-10-06,1,58.54
8680,242,24,2024-12-06,1,563.43
8681,234,142,2025-04-04,1,274.55
8682,320,116,2025-07-05,1,105.33
8683,412,39,2025-04-05,2,578.5
8684,172,60,2025-04-23,1,190.26
8685,496,133,2025-07-25,1,145.25
8686,155,126,2025-05-18,3,217.72
8687,266,70,2025-02-26,1,300.47
8688,241,55,2024-09-27,1,526.4
8689,24,17,2025-01-06,1,62.02
8690,210,58,2025-03-07,1,440.25
8691,218,17,2024-11-08,1,62.02
8692,254,50,2024-08-10,2,98.91
8693,383,68,2025-07-26,1,295.67
8694,362,146,2025-04-27,1,343.96
8695,263,64,2024-08-02,2,312.23
8696,94,143,2025-04-08,1,385.7
8697,206,14,2024-09-04,1,348.48
8698,274,140,2025-04-29,1,238.53
8699,341,136,2025-07-23,1,82.14
8700,364,148,2024-12-16,1,543.51
8701,269,125,2025-01-30,1,300.73
8702,240,87,2025-03-18,1,40.12
8703,300,39,2024-11-26,1,578.5
8704,232,25,2025-02-20,1,485.62
8705,188,24,2025-01-22,1,563.43
8706,470,124,2024-11-05,1,209.47
8707,357,103,2025-06-26,1,296.39
8708,119,35,2024-12-11,3,401.85
8709,335,123,2025-06-01,1,79.03
8710,291,81,2024-10-08,2,261.53
8711,106,57,2024-09-08,1,349.1
8712,274,18,2024-08-04,2,102.42
8713,409,93,2025-05-17,1,575.84
8714,320,84,2025-01-27,1,338.34
8715,272,119,2024-10-06,1,524.61
8716,409,134,2025-05-15,1,524.84
8717,159,17,2025-01-28,1,62.02
8718,136,118,2024-11-25,1,319.7
8719,327,74,2025-05-17,1,488.38
8720,215,54,2024-11-10,1,349.2
8721,199,41,2025-05-27,1,189.78
8722,199,48,2024-10-22,1,478.84
8723,295,140,2024-09-22,1,238.53
8724,111,60,2024-09-09,1,190.26
8725,149,65,2024-11-17,1,135.17
8726,478,73,2025-06-27,1,488.92
8727,224,89,2024-12-23,1,211.17
8728,135,95,2025-03-27,1,61.73
8729,288,146,2025-03-24,1,343.96
8730,133,70,2025-05-26,1,300.47
8731,213,126,2025-02-14,3,217.72
8732,385,135,2025-06-04,2,416.04
8733,209,53,2025-05-07,1,487.84
8734,360,43,2024-09-05,1,418.43
8735,430,75,2024-11-29,1,137.49
8736,453,93,2025-06-27,1,575.84
8737,149,90,2025-03-25,1,456.59
8738,38,138,2024-12-11,1,382.16
8739,495,73,2025-06-22,1,488.92
8740,391,141,2024-10-24,1,489.58
8741,442,93,2025-02-09,1,575.84
8742,400,120,2024-09-26,1,556.25
8743,133,32,2025-01-05,1,294.11
8744,398,123,2025-06-28,1,79.03
8745,118,34,2025-05-20,1,333.49
8746,288,126,2024-11-24,1,217.72
8747,336,20,2025-06-25,1,636.49
8748,271,92,2024-12-29,1,213.89
8749,268,35,2025-06-17,2,401.85
8750,147,3,2025-04-05,2,217.96
8751,458,146,2025-03-01,1,343.96
8752,109,55,2024-10-25,1,526.4
8753,4,68,2024-10-04,1,295.67
8754,479,38,2025-06-01,1,455.18
8755,49,22,2024-08-17,1,163.49
8756,177,110,2025-06-03,1,152.47
8757,251,132,2024-12-16,3,208.38
8758,229,26,2024-10-15,1,80.28
8759,469,103,2024-11-03,1,296.39
8760,51,91,2025-02-19,2,73.18
8761,196,80,2024-09-03,2,189.8
8762,379,22,2025-01-16,1,163.49
8763,342,6,2025-06-21,1,120.34
8764,490,118,2024-12-15,1,319.7
8765,76,121,2025-06-09,2,538.87
8766,152,20,2024-12-18,3,636.49
8767,54,65,2025-01-04,1,135.17
8768,192,37,2025-05-22,3,226.59
8769,158,45,2024-12-03,1,53.21
8770,436,96,2025-06-12,1,65.11
8771,45,116,2024-12-06,1,105.33
8772,92,106,2024-10-25,1,330.68
8773,219,101,2024-11-29,1,15.78
8774,90,83,2024-08-06,1,296.51
8775,227,12,2024-11-12,1,261.78
8776,99,53,2025-05-16,1,487.84
8777,360,37,2025-06-22,1,226.59
8778,49,121,2025-02-25,1,538.87
8779,375,49,2025-06-27,1,77.56
8780,368,37,2024-10-14,1,226.59
8781,339,139,2025-04-08,1,224.44
8782,167,17,2025-07-28,1,62.02
8783,413,30,2024-12-12,1,442.18
8784,131,4,2024-12-24,1,510.73
8785,364,4,2024-12-06,1,510.73
8786,417,100,2025-06-14,1,229.29
8787,140,72,2024-12-16,1,246.7
8788,58,86,2024-11-24,1,118.49
8789,54,119,2025-05-28,1,524.61
8790,147,8,2024-11-02,1,62.79
8791,330,119,2025-04-20,1,524.61
8792,227,68,2025-07-22,1,295.67
8793,223,8,2025-03-22,1,62.79
8794,93,35,2025-04-19,1,401.85
8795,38,71,2024-11-22,1,320.91
8796,30,27,2025-04-04,1,520.9
8797,177,71,2025-01-22,1,320.91
8798,267,80,2025-07-14,28,189.8
8799,377,68,2025-03-05,1,295.67
8800,147,81,2024-10-31,2,261.53
8801,391,24,2025-05-03,2,478.92
8802,269,36,2025-03-23,1,91.26
8803,267,76,2024-12-02,1,398.3
8804,246,110,2024-08-23,1,152.47
8805,105,22,2024-09-07,1,163.49
8806,229,45,2024-10-04,1,53.21
8807,395,72,2024-10-07,1,246.7
8808,291,136,2024-09-15,2,82.14
8809,397,20,2025-01-30,1,636.49
8810,53,141,2025-04-13,3,489.58
8811,272,134,2024-12-15,1,524.84
8812,395,95,2025-07-24,1,61.73
8813,263,34,2024-10-17,3,333.49
8814,293,128,2025-07-12,1,384.68
8815,155,17,2025-01-22,1,62.02
8816,332,104,2024-09-06,1,235.06
8817,255,73,2025-06-14,1,488.92
8818,491,67,2024-10-07,2,331.31
8819,452,142,2025-04-22,1,274.55
8820,458,37,2024-11-23,1,226.59
8821,35,110,2024-12-09,1,152.47
8822,333,118,2025-03-29,1,319.7
8823,396,64,2025-01-08,1,312.23
8824,164,78,2025-02-17,2,334.81
8825,140,8,2024-11-27,1,62.79
8826,419,13,2025-02-26,1,379.07
8827,107,19,2025-03-09,1,90.14
8828,330,28,2025-02-27,2,213.35
8829,359,55,2025-03-10,1,526.4
8830,58,23,2024-10-07,28,113.32
8831,39,4,2024-09-07,1,510.73
8832,431,100,2024-12-27,1,229.29
8833,489,121,2025-01-04,1,538.87
8834,49,83,2024-11-19,1,296.51
8835,129,48,2025-03-05,1,478.84
8836,491,97,2025-04-16,1,24.03
8837,143,136,2025-05-31,2,82.14
8838,266,54,2024-08-23,1,349.2
8839,167,40,2024-12-24,2,480.83
8840,93,22,2025-06-04,2,163.49
8841,385,142,2025-05-13,2,274.55
8842,28,112,2025-06-01,2,332.67
8843,191,20,2024-12-22,1,636.49
8844,322,110,2025-05-12,1,152.47
8845,42,84,2025-01-28,1,338.34
8846,242,29,2025-06-18,1,58.54
8847,436,79,2025-05-30,1,135.77
8848,125,57,2025-04-26,1,349.1
8849,152,112,2025-04-07,1,332.67
8850,111,150,2025-05-11,1,468.27
8851,262,93,2024-12-27,1,575.84
8852,364,46,2025-06-20,2,429.28
8853,37,59,2024-11-16,1,122.16
8854,172,83,2024-12-23,1,296.51
8855,23,87,2025-04-22,1,40.12
8856,212,14,2025-05-01,1,348.48
8857,358,63,2025-05-19,1,341.84
8858,122,17,2025-06-25,1,62.02
8859,468,123,2024-12-24,1,79.03
8860,98,17,2024-11-13,1,62.02
8861,121,84,2024-09-10,1,338.34
8862,178,18,2025-04-04,1,102.42
8863,86,72,2025-03-02,3,246.7
8864,137,138,2024-09-21,1,382.16
8865,272,85,2025-01-03,1,339.74
8866,368,12,2025-02-22,1,261.78
8867,479,142,2025-01-03,1,274.55
8868,327,61,2024-09-15,1,131.98
8869,190,35,2024-11-16,1,401.85
8870,275,140,2024-10-15,1,238.53
8871,364,101,2024-08-17,1,15.78
8872,297,129,2025-01-25,2,435.24
8873,288,122,2024-11-18,1,230.92
8874,500,12,2024-09-20,1,261.78
8875,490,73,2024-09-25,1,488.92
8876,374,77,2025-05-08,1,516.83
8877,247,73,2024-10-18,1,488.92
8878,432,18,2024-09-22,1,102.42
8879,309,33,2025-07-07,1,121.24
8880,412,138,2024-12-27,2,382.16
8881,288,74,2025-01-23,1,488.38
8882,121,24,2024-11-15,1,563.43
8883,394,121,2025-04-11,1,538.87
8884,240,33,2025-03-23,1,121.24
8885,413,23,2025-04-19,2,113.32
8886,51,36,2025-01-06,1,91.26
8887,498,48,2025-02-17,1,478.84
8888,106,24,2024-11-12,1,563.43
8889,24,12,2024-12-23,2,261.78
8890,73,36,2024-11-21,2,91.26
8891,114,122,2024-08-31,1,230.92
8892,353,59,2025-05-25,1,122.16
8893,461,41,2024-11-23,1,189.78
8894,51,130,2025-06-11,1,499.34
8895,264,129,2024-12-21,1,435.24
8896,20,22,2025-06-26,1,163.49
8897,63,28,2024-12-17,1,213.35
8898,437,87,2025-02-15,1,40.12
8899,148,130,2025-06-14,1,499.34
8900,38,19,2024-11-08,2,90.14
8901,450,127,2025-02-10,1,179.33
8902,452,79,2025-01-20,1,135.77
8903,336,23,2024-08-29,1,113.32
8904,246,68,2024-10-05,2,295.67
8905,96,127,2024-10-06,1,179.33
8906,190,13,2024-12-25,1,379.07
8907,362,132,2024-09-22,1,208.38
8908,418,10,2025-06-19,1,394.66
8909,199,144,2025-02-28,1,183.68
8910,430,64,2024-11-20,1,312.23
8911,481,63,2024-12-29,1,341.84
8912,8,20,2025-03-02,1,636.49
8913,296,107,2024-10-11,1,68.9
8914,375,57,2025-06-10,2,349.1
8915,330,38,2024-12-23,2,455.18
8916,250,121,2024-10-19,1,538.87
8917,436,87,2024-12-11,1,40.12
8918,105,98,2024-10-16,1,81.7
8919,22,81,2024-11-06,1,261.53
8920,436,125,2024-12-04,1,300.73
8921,204,44,2024-11-29,1,392.03
8922,322,91,2025-01-01,1,65.86
8923,389,132,2024-10-02,1,208.38
8924,346,85,2024-12-06,2,339.74
8925,105,146,2025-02-26,1,343.96
8926,85,73,2024-09-13,1,488.92
8927,75,16,2025-06-12,1,412.27
8928,264,142,2024-12-27,1,274.55
8929,175,128,2024-08-24,1,384.68
8930,456,24,2024-09-10,1,563.43
8931,5,18,2024-11-10,2,102.42
8932,122,59,2025-04-22,1,122.16
8933,59,133,2025-01-07,1,145.25
8934,260,91,2024-10-20,1,73.18
8935,28,47,2024-09-29,1,87.46
8936,40,133,2025-01-06,1,145.25
8937,452,50,2025-03-01,1,98.91
8938,307,128,2024-12-19,1,384.68
8939,123,140,2024-12-30,1,238.53
8940,258,79,2025-04-15,1,135.77
8941,373,36,2024-11-17,1,91.26
8942,436,5,2024-11-10,1,287.24
8943,87,26,2025-02-16,1,80.28
8944,387,86,2025-03-31,1,118.49
8945,111,48,2024-10-18,1,478.84
8946,330,33,2025-06-04,1,121.24
8947,443,44,2024-12-16,2,392.03
8948,15,123,2024-11-18,1,79.03
8949,53,41,2025-03-19,1,189.78
8950,334,13,2025-04-26,1,379.07
8951,27,70,2024-12-05,1,300.47
8952,30,20,2025-07-29,1,636.49
8953,305,63,2025-06-11,1,341.84
8954,424,99,2024-11-04,1,208.73
8955,129,102,2024-09-06,1,582.99
8956,336,51,2025-02-14,1,383.07
8957,110,75,2024-10-25,1,137.49
8958,435,68,2025-03-19,1,295.67
8959,239,107,2025-05-12,1,68.9
8960,39,93,2025-02-20,1,575.84
8961,206,148,2024-09-11,1,543.51
8962,82,26,2025-06-26,1,80.28
8963,118,97,2024-10-24,1,24.03
8964,144,108,2025-02-19,2,182.24
8965,31,33,2024-12-26,2,121.24
8966,337,90,2024-12-22,1,456.59
8967,71,134,2025-04-24,1,524.84
8968,374,17,2025-06-03,1,62.02
8969,20,144,2025-05-15,1,183.68
8970,388,83,2025-04-18,1,296.51
8971,377,102,2024-09-05,2,582.99
8972,436,55,2025-06-29,1,526.4
8973,166,103,2024-09-24,1,296.39
8974,191,59,2025-03-16,1,122.16
8975,143,60,2024-11-22,2,190.26
8976,105,115,2024-11-12,1,281.46
8977,290,44,2024-09-22,2,392.03
8978,26,57,2024-09-07,2,349.1
8979,292,115,2024-08-19,1,281.46
8980,398,77,2024-08-13,1,516.83
8981,386,121,2024-09-17,3,538.87
8982,299,23,2024-12-29,1,113.32
8983,424,15,2025-01-30,1,206.74
8984,487,64,2025-05-31,2,312.23
8985,258,142,2024-12-22,1,274.55
8986,96,88,2024-11-28,1,288.97
8987,249,16,2025-04-23,2,412.27
8988,241,140,2024-11-26,1,238.53
8989,369,127,2024-09-25,1,179.33
8990,156,80,2025-07-15,1,189.8
8991,319,47,2024-11-17,1,87.46
8992,458,41,2025-02-01,41,189.78
8993,422,141,2024-08-29,1,489.58
8994,104,89,2025-05-26,1,211.17
8995,258,99,2025-06-17,1,208.73
8996,286,119,2025-01-26,1,524.61
8997,9,137,2025-06-11,2,63.66
8998,164,98,2025-03-22,1,81.7
8999,240,141,2025-03-21,1,489.58
9000,449,42,2024-10-19,1,19.58
9001,346,92,2024-11-09,1,213.89
9002,343,115,2025-04-27,1,281.46
9003,242,80,2024-12-03,1,189.8
9004,107,74,2025-05-11,2,488.38
9005,390,124,2024-09-17,1,209.47
9006,159,38,2024-12-02,1,455.18
9007,373,44,2024-11-11,1,392.03
9008,247,57,2025-02-16,1,349.1
9009,275,60,2025-02-04,1,190.26
9010,38,115,2025-06-25,1,281.46
9011,299,110,2024-11-26,1,152.47
9012,120,68,2024-10-02,1,295.67
9013,175,97,2025-01-21,1,24.03
9014,480,85,2025-02-18,2,339.74
9015,315,57,2024-11-15,1,349.1
9016,387,135,2025-03-18,1,416.04
9017,77,100,2024-12-30,1,229.29
9018,141,56,2024-11-27,1,443.42
9019,310,102,2024-11-30,1,582.99
9020,498,81,2024-10-07,1,261.53
9021,80,125,2025-02-19,1,300.73
9022,119,90,2025-02-02,1,456.59
9023,492,39,2025-06-29,2,578.5
9024,497,110,2024-10-28,1,152.47
9025,255,58,2024-08-28,1,440.25
9026,200,125,2025-07-08,1,300.73
9027,420,30,2024-08-29,1,442.18
9028,59,20,2025-01-15,1,636.49
9029,205,26,2025-03-01,1,80.28
9030,425,62,2025-05-27,1,26.71
9031,166,128,2025-05-15,2,384.68
9032,357,52,2024-12-08,1,225.66
9033,483,138,2024-09-11,1,382.16
9034,402,79,2024-08-01,1,135.77
9035,27,61,2025-05-12,1,112.18
9036,362,71,2024-11-09,1,320.91
9037,233,88,2024-11-20,2,288.97
9038,444,39,2024-12-14,2,578.5
9039,83,81,2025-04-28,1,196.15
9040,194,143,2024-12-04,1,385.7
9041,31,134,2025-03-03,1,524.84
9042,472,39,2024-10-10,1,578.5
9043,83,36,2024-10-11,1,91.26
9044,346,2,2024-11-18,1,17.09
9045,54,63,2024-10-02,1,341.84
9046,402,37,2024-11-23,1,226.59
9047,276,142,2024-10-19,1,274.55
9048,405,138,2024-12-13,1,382.16
9049,159,49,2025-06-08,2,77.56
9050,330,103,2025-04-17,1,296.39
9051,396,25,2024-09-03,2,485.62
9052,444,37,2025-03-25,1,226.59
9053,276,55,2024-10-15,1,526.4
9054,41,70,2025-07-04,1,300.47
9055,433,126,2025-01-23,1,217.72
9056,190,7,2025-05-01,1,303.12
9057,80,4,2024-10-29,1,510.73
9058,15,145,2025-06-05,1,96.4
9059,30,136,2025-05-26,1,82.14
9060,111,55,2025-01-08,1,526.4
9061,86,17,2025-06-11,3,62.02
9062,270,104,2024-12-10,2,235.06
9063,190,68,2024-12-06,1,295.67
9064,410,106,2025-06-19,1,330.68
9065,438,12,2024-09-29,1,261.78
9066,410,121,2024-11-22,1,538.87
9067,379,22,2025-03-07,1,163.49
9068,344,148,2024-08-13,1,543.51
9069,170,145,2025-04-13,1,96.4
9070,140,24,2025-01-18,1,563.43
9071,356,126,2025-04-29,1,217.72
9072,498,80,2025-06-09,2,189.8
9073,251,6,2025-07-19,1,120.34
9074,219,7,2024-12-15,1,303.12
9075,383,42,2024-11-29,1,19.58
9076,57,57,2024-09-29,1,349.1
9077,396,4,2025-02-20,1,510.73
9078,248,99,2024-08-12,1,208.73
9079,134,115,2024-11-06,1,281.46
9080,107,100,2024-12-31,1,229.29
9081,492,6,2024-08-04,1,120.34
9082,191,76,2025-01-11,1,398.3
9083,345,22,2025-04-08,1,163.49
9084,344,130,2024-11-25,1,499.34
9085,6,149,2025-05-20,1,429.45
9086,26,66,2025-05-24,1,198.33
9087,144,2,2025-01-25,1,18.99
9088,335,21,2024-12-09,1,199.22
9089,452,150,2024-12-16,1,468.27
9090,270,34,2024-09-07,1,333.49
9091,110,67,2025-07-12,1,331.31
9092,437,141,2025-03-22,1,489.58
9093,224,70,2024-09-23,1,300.47
9094,175,90,2024-12-28,1,456.59
9095,391,52,2024-10-22,1,225.66
9096,193,119,2025-05-06,1,524.61
9097,447,92,2025-06-18,1,213.89
9098,469,94,2025-04-19,1,512.02
9099,156,21,2025-04-26,1,199.22
9100,414,77,2024-11-26,1,516.83
9101,439,45,2024-12-27,1,53.21
9102,190,10,2024-10-16,1,394.66
9103,428,119,2025-03-30,1,524.61
9104,424,103,2024-10-10,1,296.39
9105,191,9,2024-12-08,1,719.54
9106,464,93,2024-09-05,1,575.84
9107,53,30,2024-10-22,1,442.18
9108,491,28,2024-11-16,1,213.35
9109,196,110,2025-01-15,1,152.47
9110,360,20,2025-01-15,1,636.49
9111,448,68,2024-08-10,1,295.67
9112,249,125,2025-06-13,2,300.73
9113,374,45,2025-07-30,1,53.21
9114,339,134,2024-11-15,1,524.84
9115,373,19,2024-08-07,1,90.14
9116,349,95,2024-10-08,2,61.73
9117,343,92,2025-01-12,1,213.89
9118,494,49,2024-11-06,1,77.56
9119,333,137,2025-07-16,1,54.11
9120,30,68,2025-06-24,1,295.67
9121,248,73,2025-03-22,1,488.92
9122,100,133,2024-11-13,2,145.25
9123,448,31,2025-05-14,1,211.87
9124,452,68,2025-06-07,1,295.67
9125,188,69,2024-11-22,1,186.83
9126,466,45,2025-05-13,1,53.21
9127,289,20,2025-07-13,1,636.49
9128,470,38,2024-12-06,1,455.18
9129,104,142,2024-08-01,2,274.55
9130,364,136,2024-12-21,1,82.14
9131,180,73,2025-02-16,1,488.92
9132,161,18,2025-02-17,3,102.42
9133,135,15,2025-03-26,1,206.74
9134,95,71,2024-12-27,1,320.91
9135,212,33,2024-09-21,1,121.24
9136,52,137,2025-07-02,1,63.66
9137,199,67,2025-02-25,2,331.31
9138,101,73,2025-07-21,2,488.92
9139,83,113,2024-12-30,1,440.12
9140,67,69,2025-01-31,2,186.83
9141,116,7,2024-11-08,2,303.12
9142,166,70,2025-02-07,1,300.47
9143,155,36,2024-12-04,1,91.26
9144,52,13,2025-05-08,1,379.07
9145,154,10,2025-06-22,1,394.66
9146,70,108,2025-01-04,1,182.24
9147,232,110,2025-02-24,1,152.47
9148,165,116,2025-07-13,1,105.33
9149,463,61,2025-02-03,1,131.98
9150,490,123,2024-09-24,1,79.03
9151,21,27,2025-01-14,1,520.9
9152,275,72,2024-11-01,2,246.7
9153,328,55,2025-05-03,1,526.4
9154,152,142,2024-08-21,1,274.55
9155,96,115,2025-03-16,1,281.46
9156,481,137,2025-05-28,1,63.66
9157,260,9,2024-11-30,1,719.54
9158,369,72,2025-04-17,1,246.7
9159,389,145,2025-05-31,1,96.4
9160,106,142,2025-05-06,1,274.55
9161,337,48,2024-10-07,1,478.84
9162,454,60,2024-11-21,1,190.26
9163,422,144,2025-07-26,1,183.68
9164,102,68,2024-08-24,1,295.67
9165,232,43,2025-03-15,1,418.43
9166,200,119,2024-09-15,1,524.61
9167,295,52,2024-11-05,1,225.66
9168,109,33,2024-11-23,1,121.24
9169,371,64,2025-03-28,1,312.23
9170,494,126,2024-10-13,1,217.72
9171,485,114,2024-12-07,1,647.69
9172,379,123,2025-07-16,3,79.03
9173,153,119,2025-02-16,1,524.61
9174,59,101,2025-05-20,1,15.78
9175,267,150,2024-10-25,1,468.27
9176,218,123,2024-11-14,2,79.03
9177,138,90,2025-02-09,2,456.59
9178,331,142,2025-04-21,1,274.55
9179,28,65,2025-03-23,1,135.17
9180,225,136,2024-09-06,1,82.14
9181,480,72,2024-11-25,2,246.7
9182,453,64,2025-04-11,2,312.23
9183,53,68,2024-12-05,2,295.67
9184,480,36,2025-06-24,1,91.26
9185,227,18,2025-06-01,3,102.42
9186,433,23,2024-11-21,1,113.32
9187,234,7,2024-10-14,1,303.12
9188,342,51,2025-04-20,1,383.07
9189,100,42,2025-06-30,1,19.58
9190,293,102,2024-12-11,1,582.99
9191,215,106,2025-05-22,1,330.68
9192,389,33,2025-07-23,1,121.24
9193,265,57,2025-05-19,1,349.1
9194,360,72,2024-12-20,2,246.7
9195,198,59,2025-07-04,1,122.16
9196,484,66,2025-01-06,1,198.33
9197,13,28,2024-10-09,1,213.35
9198,309,126,2025-01-23,1,217.72
9199,87,107,2024-11-27,3,68.9
9200,1,116,2025-05-18,2,105.33
9201,198,10,2025-02-17,1,394.66
9202,227,142,2024-12-11,1,274.55
9203,135,56,2025-04-21,1,443.42
9204,461,128,2025-06-09,1,384.68
9205,413,69,2025-03-08,3,186.83
9206,165,115,2025-01-08,1,281.46
9207,38,13,2025-04-12,1,379.07
9208,385,122,2025-05-10,2,230.92
9209,205,135,2025-07-13,1,416.04
9210,369,48,2025-07-22,2,478.84
9211,106,3,2025-03-27,1,217.96
9212,140,93,2025-02-15,1,575.84
9213,420,87,2024-11-07,1,40.12
9214,444,43,2025-05-01,2,418.43
9215,211,62,2025-05-26,1,26.71
9216,70,23,2024-11-06,1,113.32
9217,24,11,2024-12-23,1,16.25
9218,68,3,2024-11-05,1,217.96
9219,8,41,2024-11-23,1,189.78
9220,236,127,2025-01-09,1,179.33
9221,216,48,2025-03-23,1,478.84
9222,436,9,2024-12-24,1,719.54
9223,394,29,2024-10-19,1,58.54
9224,180,73,2025-07-20,1,488.92
9225,308,144,2024-12-04,1,183.68
9226,419,118,2025-04-07,1,319.7
9227,106,124,2025-05-27,1,209.47
9228,62,110,2025-01-30,1,152.47
9229,195,36,2024-10-16,1,91.26
9230,161,104,2025-02-27,1,235.06
9231,159,120,2024-12-07,1,556.25
9232,227,108,2024-12-14,1,182.24
9233,202,28,2024-09-25,2,213.35
9234,411,122,2024-12-06,1,230.92
9235,223,62,2025-06-02,1,26.71
9236,9,9,2025-06-22,1,719.54
9237,227,60,2025-01-14,1,190.26
9238,54,2,2025-02-24,1,18.99
9239,153,44,2024-10-18,1,392.03
9240,463,93,2024-12-30,1,575.84
9241,278,39,2024-12-06,2,578.5
9242,176,33,2024-12-10,1,121.24
9243,152,27,2024-08-27,1,520.9
9244,485,147,2025-02-25,1,363.91
9245,5,49,2025-01-18,1,77.56
9246,202,128,2025-04-13,2,384.68
9247,228,135,2025-07-11,1,416.04
9248,222,75,2024-11-19,1,137.49
9249,328,100,2024-10-10,1,229.29
9250,145,28,2024-11-07,2,213.35
9251,242,108,2025-06-04,1,182.24
9252,340,98,2024-08-19,1,81.7
9253,33,135,2024-12-04,1,416.04
9254,260,38,2025-05-16,1,455.18
9255,294,2,2025-07-18,1,18.99
9256,346,139,2025-07-13,1,224.44
9257,195,100,2024-09-23,1,229.29
9258,141,136,2025-06-07,1,82.14
9259,411,64,2025-03-25,1,312.23
9260,222,38,2025-07-14,1,455.18
9261,196,141,2024-08-20,1,489.58
9262,191,45,2024-12-08,1,53.21
9263,339,113,2025-06-03,1,440.12
9264,436,37,2025-02-12,1,226.59
9265,488,133,2024-09-07,1,145.25
9266,445,25,2024-11-08,1,485.62
9267,164,116,2024-10-20,1,105.33
9268,49,94,2025-06-09,2,512.02
9269,114,31,2024-11-23,1,180.09
9270,391,56,2024-09-13,1,443.42
9271,171,139,2025-03-02,1,224.44
9272,325,105,2025-04-19,1,205.64
9273,196,16,2025-03-26,1,412.27
9274,316,62,2024-12-22,1,26.71
9275,109,56,2024-08-28,1,443.42
9276,202,31,2024-10-14,1,211.87
9277,335,1,2024-11-08,1,335.74
9278,1,30,2024-10-25,1,442.18
9279,346,31,2025-05-23,1,211.87
9280,117,39,2024-12-28,1,578.5
9281,306,9,2024-12-17,1,719.54
9282,422,91,2024-12-14,1,73.18
9283,320,15,2025-01-23,1,206.74
9284,54,63,2025-03-25,1,341.84
9285,156,111,2025-05-09,1,438.69
9286,428,61,2024-12-07,1,131.98
9287,231,75,2024-12-12,1,137.49
9288,311,109,2025-03-02,1,482.64
9289,115,111,2025-03-28,1,438.69
9290,49,115,2024-09-14,1,281.46
9291,241,106,2025-06-11,1,330.68
9292,31,103,2025-06-07,2,296.39
9293,164,121,2024-10-18,1,538.87
9294,362,149,2024-10-19,1,429.45
9295,413,16,2024-10-09,1,412.27
9296,358,109,2025-02-10,1,482.64
9297,101,149,2025-03-13,1,429.45
9298,8,81,2025-01-22,1,261.53
9299,348,83,2025-04-10,1,296.51
9300,276,27,2025-06-25,1,520.9
9301,362,60,2025-06-22,2,190.26
9302,460,72,2024-12-13,2,246.7
9303,139,150,2024-12-17,1,468.27
9304,191,6,2025-05-12,1,120.34
9305,147,12,2025-03-14,1,261.78
9306,383,80,2025-07-26,1,189.8
9307,431,148,2024-09-22,1,543.51
9308,164,52,2025-06-29,2,225.66
9309,98,111,2024-12-25,2,438.69
9310,424,42,2024-11-24,1,19.58
9311,106,130,2025-02-28,1,499.34
9312,154,104,2024-08-28,1,235.06
9313,230,134,2024-09-04,1,524.84
9314,461,143,2025-02-02,1,385.7
9315,391,51,2024-10-30,1,383.07
9316,220,82,2024-08-25,1,283.53
9317,377,38,2025-07-07,1,455.18
9318,447,133,2025-03-31,1,145.25
9319,340,103,2025-06-17,1,296.39
9320,124,6,2024-08-17,1,120.34
9321,451,139,2025-07-12,1,224.44
9322,296,22,2025-03-29,1,163.49
9323,251,25,2025-03-31,1,485.62
9324,310,145,2025-06-03,1,96.4
9325,120,28,2024-12-09,1,213.35
9326,453,83,2024-10-25,1,296.51
9327,348,29,2024-12-11,2,58.54
9328,175,99,2024-10-24,1,208.73
9329,475,128,2024-09-12,1,384.68
9330,402,18,2024-09-27,1,102.42
9331,274,60,2024-11-17,1,190.26
9332,20,149,2024-11-05,1,429.45
9333,422,80,2025-01-11,1,189.8
9334,180,81,2025-03-23,3,261.53
9335,298,97,2025-07-03,1,24.03
9336,348,117,2024-12-19,1,524.45
9337,209,93,2025-06-10,2,575.84
9338,44,60,2024-08-30,1,190.26
9339,371,119,2024-10-27,1,524.61
9340,147,51,2025-03-16,1,383.07
9341,358,129,2025-01-17,1,435.24
9342,166,92,2025-03-12,1,213.89
9343,293,6,2024-12-11,1,120.34
9344,67,82,2024-12-03,1,283.53
9345,299,7,2024-09-25,1,303.12
9346,45,111,2024-09-29,2,438.69
9347,134,15,2025-04-23,1,206.74
9348,464,137,2025-05-01,1,63.66
9349,177,44,2024-10-24,1,392.03
9350,37,92,2025-02-27,1,213.89
9351,291,73,2025-07-07,1,488.92
9352,7,31,2025-07-22,1,211.87
9353,167,110,2024-12-19,1,152.47
9354,23,120,2025-04-30,1,556.25
9355,372,20,2025-03-03,1,636.49
9356,84,101,2024-10-08,1,15.78
9357,362,87,2025-01-17,1,40.12
9358,370,52,2025-06-09,2,225.66
9359,177,131,2024-12-23,1,625.36
9360,360,94,2025-07-16,2,512.02
9361,38,30,2025-05-04,2,442.18
9362,18,30,2025-01-04,1,442.18
9363,482,145,2024-12-29,2,96.4
9364,164,26,2024-12-05,1,80.28
9365,180,51,2024-09-23,1,383.07
9366,441,46,2024-11-01,1,429.28
9367,339,95,2025-03-09,1,61.73
9368,59,25,2024-11-02,1,485.62
9369,444,37,2025-05-02,1,226.59
9370,114,100,2024-12-17,1,229.29
9371,164,135,2024-11-01,1,416.04
9372,49,36,2025-06-13,1,91.26
9373,167,55,2025-05-05,1,526.4
9374,117,107,2025-03-29,1,68.9
9375,196,62,2024-12-21,1,26.71
9376,133,144,2024-12-11,1,183.68
9377,231,37,2024-12-29,2,226.59
9378,191,17,2024-11-29,1,62.02
9379,163,1,2024-11-18,1,335.74
9380,391,2,2025-06-05,1,18.99
9381,379,13,2024-12-07,1,379.07
9382,111,16,2024-12-06,1,412.27
9383,401,95,2024-08-14,1,61.73
9384,262,150,2024-12-21,1,468.27
9385,315,70,2025-04-28,1,300.47
9386,500,84,2024-12-29,1,338.34
9387,51,30,2024-12-03,1,442.18
9388,167,140,2025-02-22,2,238.53
9389,373,149,2024-12-01,1,365.03
9390,13,93,2025-03-27,2,575.84
9391,202,37,2025-03-03,1,226.59
9392,159,83,2024-12-08,1,296.51
9393,13,95,2024-09-22,1,61.73
9394,425,149,2025-01-01,2,429.45
9395,435,81,2024-08-28,2,261.53
9396,461,141,2025-04-09,1,489.58
9397,154,6,2024-10-22,2,120.34
9398,72,26,2025-01-28,1,80.28
9399,232,147,2024-09-23,1,363.91
9400,108,5,2024-09-09,1,287.24
9401,355,3,2025-07-24,1,217.96
9402,469,10,2025-03-02,2,394.66
9403,259,3,2025-04-19,1,217.96
9404,342,4,2025-02-22,2,510.73
9405,172,105,2025-01-29,1,205.64
9406,61,118,2024-09-10,1,319.7
9407,68,20,2024-08-15,1,636.49
9408,129,126,2024-10-30,1,217.72
9409,423,97,2025-05-04,2,24.03
9410,463,89,2025-05-27,1,211.17
9411,96,106,2025-06-11,1,330.68
9412,288,65,2025-06-07,1,135.17
9413,31,121,2025-01-06,1,538.87
9414,286,138,2024-12-25,1,382.16
9415,93,15,2024-08-19,2,206.74
9416,224,97,2024-08-23,2,24.03
9417,45,63,2025-07-09,1,341.84
9418,348,149,2025-07-12,1,429.45
9419,185,79,2025-06-12,1,135.77
9420,223,84,2025-03-24,1,338.34
9421,297,50,2024-10-25,2,98.91
9422,463,61,2024-11-15,2,131.98
9423,33,37,2024-12-29,1,226.59
9424,342,45,2024-10-09,1,53.21
9425,192,104,2025-01-21,1,235.06
9426,270,91,2024-10-13,1,73.18
9427,492,79,2024-12-03,1,135.77
9428,216,43,2025-04-05,1,418.43
9429,477,39,2024-11-24,1,578.5
9430,111,54,2024-11-22,1,349.2
9431,385,135,2025-06-21,1,416.04
9432,83,115,2025-04-03,1,281.46
9433,212,146,2025-03-06,1,343.96
9434,339,112,2025-06-29,1,332.67
9435,70,73,2025-03-20,1,488.92
9436,241,92,2024-08-19,1,213.89
9437,384,43,2025-01-17,1,418.43
9438,432,65,2025-04-29,2,135.17
9439,412,10,2025-05-27,1,394.66
9440,44,61,2025-03-25,1,131.98
9441,142,35,2024-10-04,1,401.85
9442,498,94,2024-08-12,1,512.02
9443,52,69,2024-10-18,1,186.83
9444,448,3,2025-01-20,1,217.96
9445,40,21,2024-12-29,1,199.22
9446,295,43,2025-03-01,1,418.43
9447,126,60,2025-05-13,1,190.26
9448,362,25,2024-09-05,3,485.62
9449,149,75,2025-05-26,1,137.49
9450,428,68,2024-12-25,1,295.67
9451,114,122,2025-06-27,2,230.92
9452,202,150,2025-04-28,1,468.27
9453,21,71,2025-01-23,2,320.91
9454,189,71,2024-08-06,1,320.91
9455,414,131,2024-12-21,1,625.36
9456,30,98,2024-12-14,1,81.7
9457,468,60,2025-03-09,1,190.26
9458,163,136,2024-11-25,1,82.14
9459,339,111,2025-07-31,2,438.69
9460,386,29,2024-10-23,1,58.54
9461,46,105,2025-06-05,1,205.64
9462,330,64,2025-05-01,2,312.23
9463,13,9,2024-12-01,1,719.54
9464,468,110,2024-12-13,1,152.47
9465,490,58,2024-10-21,1,440.25
9466,197,117,2025-06-01,1,524.45
9467,315,144,2024-08-31,2,183.68
9468,202,74,2024-08-25,2,488.38
9469,5,61,2024-12-04,1,131.98
9470,113,60,2024-12-02,1,190.26
9471,106,139,2025-04-16,1,224.44
9472,211,36,2025-02-09,1,91.26
9473,225,42,2024-11-23,1,19.58
9474,44,115,2024-08-28,1,281.46
9475,275,65,2024-09-08,1,135.17
9476,177,101,2025-07-11,1,15.78
9477,305,109,2024-09-29,1,482.64
9478,155,75,2024-11-20,1,137.49
9479,481,67,2024-12-22,1,331.31
9480,437,1,2024-11-10,1,335.74
9481,288,98,2025-03-23,1,81.7
9482,139,100,2025-04-09,1,229.29
9483,190,80,2025-03-24,2,189.8
9484,386,134,2024-12-30,1,524.84
9485,178,111,2025-04-11,1,438.69
9486,52,149,2024-12-01,1,365.03
9487,330,8,2025-02-15,1,62.79
9488,455,119,2025-03-15,1,524.61
9489,101,63,2025-04-21,2,341.84
9490,37,2,2024-12-25,1,18.99
9491,232,59,2025-05-14,2,122.16
9492,105,10,2025-07-20,1,394.66
9493,330,148,2024-09-08,2,543.51
9494,225,72,2025-01-08,1,246.7
9495,180,75,2025-07-30,1,137.49
9496,452,67,2025-07-30,1,331.31
9497,83,92,2024-10-16,1,213.89
9498,383,56,2024-11-13,1,443.42
9499,451,125,2025-07-07,1,300.73
9500,147,63,2025-06-19,1,341.84
9501,59,29,2025-03-26,1,58.54
9502,340,35,2025-05-08,1,401.85
9503,61,66,2024-08-30,1,198.33
9504,177,95,2024-12-02,1,61.73
9505,205,4,2024-12-24,1,510.73
9506,4,67,2024-12-25,1,331.31
9507,340,53,2025-07-26,1,487.84
9508,231,96,2025-03-12,2,65.11
9509,296,110,2024-09-16,1,152.47
9510,359,126,2025-07-04,1,217.72
9511,102,75,2025-07-29,1,137.49
9512,361,43,2024-12-08,1,418.43
9513,178,133,2025-07-02,1,145.25
9514,330,41,2024-10-18,1,189.78
9515,223,32,2025-02-25,1,294.11
9516,138,119,2024-09-28,2,524.61
9517,320,67,2024-11-28,1,331.31
9518,427,97,2025-03-31,1,24.03
9519,211,21,2024-11-18,1,199.22
9520,483,120,2025-07-21,1,556.25
9521,461,58,2025-03-25,1,440.25
9522,21,10,2025-03-01,1,394.66
9523,356,62,2025-04-10,2,26.71
9524,351,3,2024-10-05,1,196.16
9525,471,34,2024-09-29,1,333.49
9526,413,9,2025-04-15,1,719.54
9527,13,8,2024-11-23,1,62.79
9528,498,89,2024-12-27,1,211.17
9529,215,119,2025-06-05,1,524.61
9530,311,28,2025-07-31,2,213.35
9531,420,118,2024-10-20,1,319.7
9532,116,23,2025-05-21,1,113.32
9533,250,99,2024-11-07,1,208.73
9534,38,46,2025-07-23,1,429.28
9535,274,101,2024-11-28,1,15.78
9536,452,9,2025-06-17,1,719.54
9537,383,87,2024-09-13,1,40.12
9538,21,73,2025-07-02,1,488.92
9539,215,133,2025-04-03,2,145.25
9540,259,72,2024-08-16,1,246.7
9541,111,62,2024-11-14,1,26.71
9542,181,60,2024-12-06,1,190.26
9543,461,7,2024-12-13,1,303.12
9544,325,7,2025-03-09,1,303.12
9545,131,73,2025-04-10,1,488.92
9546,316,34,2025-04-23,1,333.49
9547,413,146,2025-02-17,1,343.96
9548,330,80,2025-04-11,2,189.8
9549,178,100,2025-07-27,1,229.29
9550,111,77,2025-03-24,1,516.83
9551,232,150,2024-11-15,1,468.27
9552,191,120,2025-06-25,1,556.25
9553,349,47,2024-09-09,1,87.46
9554,161,62,2024-08-29,1,26.71
9555,23,72,2024-11-14,1,246.7
9556,355,17,2024-08-12,1,62.02
9557,96,39,2025-02-20,1,578.5
9558,177,35,2025-06-06,1,401.85
9559,24,111,2024-12-05,1,438.69
9560,307,98,2025-03-25,1,81.7
9561,342,148,2025-04-10,1,543.51
9562,215,2,2025-07-15,2,18.99
9563,375,33,2025-05-24,1,121.24
9564,316,35,2024-09-03,1,401.85
9565,436,110,2024-11-10,1,152.47
9566,194,116,2024-11-19,1,105.33
9567,69,141,2025-02-24,1,489.58
9568,360,46,2024-12-29,1,429.28
9569,449,74,2024-10-27,1,488.38
9570,314,32,2025-04-10,2,294.11
9571,143,16,2025-07-21,3,412.27
9572,72,108,2025-01-30,2,182.24
9573,6,48,2024-09-27,2,478.84
9574,162,38,2024-11-29,2,455.18
9575,227,118,2024-11-14,1,319.7
9576,168,74,2025-04-08,1,488.38
9577,458,50,2024-11-07,1,98.91
9578,24,100,2024-12-02,1,229.29
9579,447,86,2024-08-17,1,118.49
9580,74,105,2024-11-29,1,205.64
9581,177,134,2025-03-13,1,524.84
9582,467,141,2025-01-07,1,489.58
9583,277,6,2024-12-19,1,120.34
9584,453,5,2024-12-15,1,287.24
9585,448,45,2024-11-27,1,53.21
9586,317,90,2024-09-15,1,456.59
9587,128,70,2025-02-21,1,300.47
9588,58,47,2025-03-23,1,87.46
9589,394,95,2024-10-26,1,61.73
9590,242,37,2025-04-04,1,226.59
9591,1,132,2024-10-02,2,208.38
9592,157,13,2025-04-20,1,379.07
9593,391,67,2025-04-20,2,331.31
9594,295,119,2024-12-16,1,393.46
9595,169,114,2024-09-10,1,647.69
9596,30,25,2024-10-31,1,485.62
9597,239,45,2025-07-28,1,53.21
9598,300,70,2024-11-18,1,300.47
9599,474,106,2024-09-05,3,330.68
9600,177,149,2025-05-03,1,429.45
9601,254,139,2024-09-22,1,224.44
9602,108,5,2025-02-09,1,287.24
9603,57,114,2025-01-22,1,647.69
9604,126,135,2025-06-19,1,416.04
9605,270,34,2024-12-09,1,333.49
9606,180,100,2024-11-27,1,229.29
9607,203,138,2024-08-14,1,382.16
9608,394,38,2025-07-13,1,455.18
9609,310,65,2025-07-18,1,135.17
9610,1,143,2025-03-06,1,385.7
9611,266,81,2024-09-14,1,261.53
9612,420,18,2024-10-10,1,102.42
9613,362,45,2025-04-25,1,53.21
9614,101,38,2025-05-28,2,455.18
9615,150,29,2024-12-15,1,58.54
9616,27,86,2025-07-20,1,118.49
9617,319,58,2024-11-15,1,440.25
9618,113,42,2025-04-29,1,19.58
9619,369,46,2025-06-20,1,429.28
9620,365,36,2025-05-27,1,91.26
9621,445,130,2025-02-01,1,499.34
9622,463,40,2024-09-28,1,480.83
9623,266,12,2024-12-11,1,261.78
9624,410,32,2024-08-10,1,294.11
9625,159,35,2025-05-15,2,401.85
9626,330,10,2024-08-18,1,394.66
9627,126,10,2025-03-04,1,394.66
9628,176,68,2025-05-23,1,295.67
9629,359,116,2025-07-30,1,105.33
9630,155,28,2024-11-01,1,213.35
9631,374,29,2025-01-29,1,58.54
9632,463,142,2024-12-29,2,274.55
9633,74,139,2024-10-06,1,224.44
9634,152,25,2024-10-26,1,485.62
9635,388,109,2024-08-07,1,482.64
9636,101,117,2025-03-17,1,524.45
9637,473,142,2025-01-04,1,274.55
9638,4,102,2025-05-27,1,582.99
9639,449,39,2025-05-10,2,578.5
9640,249,108,2024-10-23,1,182.24
9641,20,76,2024-08-28,1,398.3
9642,302,111,2024-09-22,2,438.69
9643,219,18,2025-03-18,1,102.42
9644,291,128,2024-12-01,1,384.68
9645,362,43,2024-12-17,1,418.43
9646,239,150,2025-05-17,1,468.27
9647,384,124,2024-12-23,1,209.47
9648,432,108,2024-12-26,2,182.24
9649,45,134,2024-12-04,1,524.84
9650,110,96,2025-05-05,1,65.11
9651,412,11,2024-11-18,2,16.25
9652,448,138,2025-02-10,1,382.16
9653,250,140,2025-03-30,1,238.53
9654,298,145,2024-09-12,1,96.4
9655,274,13,2025-05-14,1,379.07
9656,471,11,2025-06-01,1,16.25
9657,478,32,2025-05-23,1,294.11
9658,170,82,2025-03-02,1,283.53
9659,164,82,2024-12-10,1,283.53
9660,49,42,2025-04-16,1,19.58
9661,237,139,2025-05-23,1,224.44
9662,346,100,2025-01-03,1,229.29
9663,111,117,2025-04-08,1,524.45
9664,159,83,2024-11-03,1,296.51
9665,486,41,2024-12-28,1,189.78
9666,373,40,2025-04-11,2,480.83
9667,275,149,2025-06-20,1,429.45
9668,21,24,2024-12-03,2,563.43
9669,297,132,2024-09-18,1,208.38
9670,307,23,2024-10-24,1,113.32
9671,375,143,2024-08-10,2,385.7
9672,452,59,2025-03-09,1,122.16
9673,362,94,2024-11-13,1,512.02
9674,61,77,2024-11-19,1,516.83
9675,194,12,2025-03-24,1,261.78
9676,200,32,2025-01-05,1,294.11
9677,362,113,2024-11-05,1,440.12
9678,498,104,2025-03-30,1,235.06
9679,458,72,2024-12-04,1,246.7
9680,90,38,2024-09-01,1,455.18
9681,476,10,2025-05-24,1,394.66
9682,191,14,2025-07-28,1,348.48
9683,266,56,2025-04-21,1,443.42
9684,498,22,2025-04-16,2,163.49
9685,117,139,2025-01-25,1,224.44
9686,243,75,2025-01-22,1,137.49
9687,75,6,2025-03-15,1,120.34
9688,101,13,2025-03-30,1,379.07
9689,428,45,2025-07-13,2,53.21
9690,315,21,2025-06-03,1,199.22
9691,61,32,2025-04-15,1,294.11
9692,444,26,2025-05-28,1,80.28
9693,23,30,2024-08-21,1,442.18
9694,191,6,2024-10-16,1,120.34
9695,212,138,2024-11-24,1,382.16
9696,360,44,2024-12-09,1,392.03
9697,281,19,2024-11-23,1,90.14
9698,217,46,2024-12-11,3,429.28
9699,452,113,2024-11-25,1,440.12
9700,250,134,2024-12-18,1,524.84
9701,319,143,2025-04-03,2,385.7
9702,57,51,2024-10-04,1,383.07
9703,316,2,2025-05-13,1,18.99
9704,398,132,2024-08-13,3,208.38
9705,272,9,2024-11-16,1,719.54
9706,444,64,2024-11-15,1,312.23
9707,52,2,2025-04-10,1,18.99
9708,402,107,2024-10-06,1,68.9
9709,167,26,2025-04-24,2,80.28
9710,334,43,2024-11-21,1,418.43
9711,442,71,2024-10-30,1,320.91
9712,233,130,2025-05-24,1,499.34
9713,191,65,2024-08-19,1,135.17
9714,485,42,2024-11-26,1,19.58
9715,66,99,2024-08-28,2,208.73
9716,38,147,2024-12-07,2,363.91
9717,406,116,2024-08-18,1,105.33
9718,227,115,2025-03-17,1,281.46
9719,266,101,2024-11-10,1,15.78
9720,263,14,2024-11-09,1,348.48
9721,50,16,2025-04-21,1,412.27
9722,107,95,2024-12-22,1,61.73
9723,362,62,2024-09-12,1,26.71
9724,496,34,2025-06-27,1,333.49
9725,203,77,2024-08-07,1,516.83
9726,310,92,2024-11-21,1,213.89
9727,139,9,2025-05-31,3,719.54
9728,196,118,2025-05-04,1,319.7
9729,327,67,2024-12-30,2,331.31
9730,20,71,2025-07-20,1,320.91
9731,437,2,2024-11-22,1,17.09
9732,189,42,2025-07-09,1,19.58
9733,359,18,2024-12-27,1,102.42
9734,133,27,2024-11-14,1,520.9
9735,159,150,2024-11-10,1,468.27
9736,193,84,2025-06-05,1,338.34
9737,362,74,2025-04-29,1,488.38
9738,453,47,2024-11-13,1,87.46
9739,84,31,2024-10-07,1,180.09
9740,415,115,2025-05-12,2,281.46
9741,292,107,2025-05-20,1,68.9
9742,468,21,2025-06-05,1,199.22
9743,364,104,2025-06-07,1,235.06
9744,473,62,2024-11-20,1,26.71
9745,142,34,2024-08-12,1,333.49
9746,375,115,2024-08-16,1,281.46
9747,310,137,2025-06-29,1,63.66
9748,127,1,2025-03-23,1,335.74
9749,266,88,2024-12-31,2,288.97
9750,375,86,2025-03-30,1,118.49
9751,297,119,2024-12-31,1,524.61
9752,483,81,2025-03-08,2,261.53
9753,414,123,2025-06-12,1,79.03
9754,394,3,2024-08-01,1,217.96
9755,437,11,2025-01-19,1,16.25
9756,219,93,2025-02-12,1,575.84
9757,204,8,2024-09-22,2,62.79
9758,442,115,2024-12-02,1,281.46
9759,251,91,2025-03-15,1,73.18
9760,151,35,2025-03-01,1,401.85
9761,446,109,2025-06-06,2,482.64
9762,25,85,2024-12-26,1,339.74
9763,74,55,2024-12-25,1,526.4
9764,425,140,2024-09-08,1,238.53
9765,277,26,2025-04-20,1,80.28
9766,461,116,2024-08-17,1,105.33
9767,376,102,2024-09-16,1,582.99
9768,288,19,2024-11-22,1,90.14
9769,129,142,2024-10-25,1,274.55
9770,150,9,2025-03-25,1,719.54
9771,388,130,2024-11-13,1,499.34
9772,189,6,2025-04-16,1,120.34
9773,242,77,2025-05-16,1,516.83
9774,461,133,2024-09-03,1,145.25
9775,215,150,2025-02-17,2,468.27
9776,176,14,2025-03-09,1,348.48
9777,279,131,2024-10-18,1,625.36
9778,366,21,2024-09-16,2,199.22
9779,251,58,2025-06-03,1,440.25
9780,251,88,2024-12-28,1,288.97
9781,82,82,2025-05-14,1,283.53
9782,260,39,2024-12-25,1,578.5
9783,109,123,2024-12-18,1,79.03
9784,414,58,2024-12-09,2,440.25
9785,256,63,2024-11-18,1,341.84
9786,321,33,2024-11-28,1,121.24
9787,299,50,2025-07-31,1,98.91
9788,230,133,2025-02-16,2,145.25
9789,91,137,2024-09-14,1,63.66
9790,483,31,2025-03-15,2,211.87
9791,449,58,2025-05-04,1,440.25
9792,241,142,2025-03-16,1,274.55
9793,109,46,2024-12-14,1,429.28
9794,232,112,2025-04-18,1,332.67
9795,217,134,2024-11-18,1,524.84
9796,461,100,2025-02-19,1,229.29
9797,345,73,2025-01-13,1,488.92
9798,217,148,2024-12-01,1,543.51
9799,456,36,2025-06-24,1,91.26
9800,293,119,2024-11-22,1,393.46
9801,164,58,2024-11-27,1,440.25
9802,105,5,2025-04-28,1,287.24
9803,481,103,2025-01-16,1,296.39
9804,488,103,2024-09-27,1,296.39
9805,424,85,2025-02-16,2,339.74
9806,157,100,2024-11-29,1,229.29
9807,212,94,2024-09-02,1,512.02
9808,166,117,2025-05-07,1,524.45
9809,180,31,2025-02-12,1,211.87
9810,27,121,2024-08-31,1,538.87
9811,330,64,2025-02-23,1,312.23
9812,181,129,2024-12-20,1,435.24
9813,144,5,2025-05-26,1,287.24
9814,310,61,2024-09-11,2,131.98
9815,362,75,2024-11-04,3,137.49
9816,41,29,2025-01-21,1,58.54
9817,288,138,2024-11-30,1,382.16
9818,405,108,2025-07-26,1,182.24
9819,191,65,2024-08-23,1,135.17
9820,39,25,2025-01-02,1,485.62
9821,55,115,2024-11-19,1,281.46
9822,107,90,2025-04-21,1,456.59
9823,373,101,2024-08-14,1,15.78
9824,159,45,2025-04-04,1,53.21
9825,266,121,2025-04-23,1,538.87
9826,412,8,2024-08-16,1,62.79
9827,208,28,2024-12-29,2,213.35
9828,427,108,2025-03-27,1,182.24
9829,472,57,2025-05-05,3,349.1
9830,28,11,2025-06-03,1,16.25
9831,449,17,2024-09-29,1,62.02
9832,107,43,2025-02-08,1,418.43
9833,389,29,2025-01-30,1,58.54
9834,96,75,2025-05-22,1,137.49
9835,203,109,2025-05-31,1,482.64
9836,359,25,2025-05-23,1,364.22
9837,444,75,2025-03-13,1,137.49
9838,429,150,2025-04-10,2,468.27
9839,72,119,2025-06-25,1,524.61
9840,50,66,2024-10-15,1,198.33
9841,490,51,2024-11-13,1,383.07
9842,267,47,2025-02-04,2,87.46
9843,111,31,2025-07-26,1,211.87
9844,56,70,2025-03-05,1,300.47
9845,342,45,2025-05-30,1,53.21
9846,1,71,2024-10-11,1,320.91
9847,263,36,2024-11-08,1,91.26
9848,469,21,2025-01-28,1,199.22
9849,115,107,2024-10-09,1,68.9
9850,389,134,2024-12-14,1,524.84
9851,352,145,2024-11-18,1,96.4
9852,439,104,2025-07-13,1,235.06
9853,14,93,2025-03-30,2,575.84
9854,471,108,2025-02-14,1,182.24
9855,88,127,2025-03-18,1,179.33
9856,61,105,2024-09-24,1,205.64
9857,270,41,2025-06-29,1,189.78
9858,134,96,2025-03-08,1,65.11
9859,424,134,2025-07-11,1,524.84
9860,498,123,2024-09-26,1,79.03
9861,367,52,2025-03-09,1,225.66
9862,162,67,2025-06-26,1,331.31
9863,165,76,2024-11-26,1,398.3
9864,306,45,2024-11-22,1,53.21
9865,45,27,2024-11-02,2,520.9
9866,165,148,2024-10-09,1,543.51
9867,39,74,2024-10-17,1,488.38
9868,363,10,2024-12-24,1,394.66
9869,468,15,2025-06-21,2,206.74
9870,219,46,2025-01-31,1,429.28
9871,498,22,2024-10-23,1,163.49
9872,159,110,2024-11-20,3,152.47
9873,105,136,2024-12-08,2,82.14
9874,212,70,2024-09-22,1,300.47
9875,413,117,2024-12-18,1,524.45
9876,141,136,2025-01-14,1,82.14
9877,352,62,2025-04-14,1,26.71
9878,194,80,2025-03-22,2,189.8
9879,256,68,2025-02-20,1,295.67
9880,92,129,2025-05-13,1,435.24
9881,102,19,2024-10-12,1,90.14
9882,209,114,2024-12-19,1,647.69
9883,217,72,2025-07-03,1,246.7
9884,26,141,2025-06-14,1,489.58
9885,232,45,2025-06-30,1,53.21
9886,63,21,2025-03-09,1,199.22
9887,61,64,2024-11-06,1,312.23
9888,114,20,2025-06-18,1,636.49
9889,369,9,2025-03-21,1,719.54
9890,186,4,2024-11-08,1,510.73
9891,3,128,2024-12-25,2,384.68
9892,52,45,2025-02-22,1,53.21
9893,242,52,2024-12-29,1,225.66
9894,469,33,2024-08-08,1,121.24
9895,342,50,2025-02-15,1,98.91
9896,387,79,2025-02-16,1,135.77
9897,83,132,2025-05-04,1,208.38
9898,422,105,2024-10-05,1,205.64
9899,362,113,2025-06-30,1,440.12
9900,106,9,2025-02-19,1,719.54
9901,362,140,2024-12-30,1,238.53
9902,245,144,2024-11-14,1,183.68
9903,449,99,2024-10-15,1,208.73
9904,271,124,2024-12-19,1,209.47
9905,84,22,2024-11-12,1,163.49
9906,415,85,2024-09-02,2,339.74
9907,73,106,2024-09-25,1,330.68
9908,369,47,2024-10-16,1,87.46
9909,340,25,2024-11-25,2,485.62
9910,106,110,2024-09-14,1,152.47
9911,190,131,2024-09-30,1,625.36
9912,498,38,2024-08-09,1,455.18
9913,219,96,2025-06-16,1,65.11
9914,342,47,2025-07-06,2,87.46
9915,295,39,2024-10-16,1,578.5
9916,404,2,2025-07-31,1,18.99
9917,468,53,2025-06-06,1,487.84
9918,114,38,2025-05-24,2,455.18
9919,448,32,2024-12-11,1,294.11
9920,470,68,2024-11-24,1,295.67
9921,22,45,2024-12-20,1,53.21
9922,385,48,2024-12-22,1,478.84
9923,288,101,2024-12-14,1,15.78
9924,202,43,2024-11-09,1,418.43
9925,266,22,2025-06-22,1,163.49
9926,284,108,2025-05-06,1,182.24
9927,454,19,2025-01-03,1,90.14
9928,172,134,2024-10-16,1,524.84
9929,54,138,2024-09-28,2,382.16
9930,242,95,2025-04-29,1,61.73
9931,46,147,2024-09-17,1,363.91
9932,415,138,2025-04-22,1,382.16
9933,436,130,2025-05-18,1,499.34
9934,53,142,2025-01-07,1,274.55
9935,106,122,2025-02-26,1,230.92
9936,125,45,2025-07-14,1,53.21
9937,49,148,2025-04-16,2,543.51
9938,78,140,2024-12-23,1,238.53
9939,111,56,2025-03-02,1,443.42
9940,495,138,2025-07-26,1,382.16
9941,308,142,2024-10-13,23,274.55
9942,259,5,2024-10-16,1,287.24
9943,215,106,2024-12-30,1,330.68
9944,481,148,2024-11-12,1,543.51
9945,219,59,2024-11-04,2,122.16
9946,129,31,2025-01-17,1,211.87
9947,314,1,2024-12-06,1,335.74
9948,281,9,2025-02-04,1,719.54
9949,118,63,2025-04-27,1,341.84
9950,61,40,2025-03-30,1,480.83
9951,23,116,2024-12-13,1,105.33
9952,293,134,2025-03-31,1,524.84
9953,288,30,2025-04-30,1,442.18
9954,137,111,2025-01-01,1,438.69
9955,224,138,2025-03-17,1,382.16
9956,92,81,2025-07-07,2,261.53
9957,107,37,2025-06-17,1,226.59
9958,121,136,2024-11-15,1,82.14
9959,442,81,2024-11-19,1,261.53
9960,385,137,2025-06-06,1,63.66
9961,87,59,2025-07-30,1,122.16
9962,375,66,2024-10-05,2,198.33
9963,352,99,2025-07-02,2,208.73
9964,50,118,2024-12-30,1,319.7
9965,470,127,2024-09-12,2,179.33
9966,159,127,2024-12-13,1,179.33
9967,296,40,2024-09-11,1,480.83
9968,463,9,2024-12-25,1,719.54
9969,170,81,2025-06-02,1,261.53
9970,21,105,2025-01-04,1,205.64
9971,460,92,2025-03-25,1,213.89
9972,263,70,2024-11-13,1,300.47
9973,468,141,2025-04-03,1,489.58
9974,258,53,2025-02-02,1,487.84
9975,457,46,2024-12-03,1,429.28
9976,240,38,2025-06-12,1,455.18
9977,419,130,2024-09-17,1,499.34
9978,202,5,2025-06-21,2,215.43
9979,424,149,2024-12-29,1,429.45
9980,158,119,2025-06-04,1,524.61
9981,18,145,2024-10-06,1,96.4
9982,240,113,2024-11-20,1,440.12
9983,99,85,2024-11-21,1,339.74
9984,7,13,2024-11-16,1,379.07
9985,74,37,2024-10-22,1,226.59
9986,190,93,2024-11-26,1,575.84
9987,91,11,2025-01-12,1,16.25
9988,238,22,2025-03-13,1,163.49
9989,227,144,2025-03-19,1,183.68
9990,125,53,2025-04-26,1,487.84
9991,419,13,2025-01-06,1,379.07
9992,77,53,2025-04-12,1,487.84
9993,12,10,2025-03-24,1,394.66
9994,327,110,2025-02-23,1,152.47
9995,188,107,2025-01-28,1,68.9
9996,292,12,2025-03-19,1,261.78
9997,330,107,2024-10-11,1,68.9
9998,437,19,2024-11-01,1,90.14
9999,168,107,2025-06-27,1,68.9
10000,178,74,2024-10-01,1,488.38
10001,327,6,2024-11-17,1,120.34
10002,252,121,2025-04-15,1,538.87
10003,272,78,2025-05-03,1,334.81
10004,239,70,2025-03-14,1,300.47
10005,48,122,2024-12-12,1,230.92
10006,317,65,2024-11-19,1,135.17
10007,293,84,2024-11-10,1,338.34
10008,166,105,2025-02-22,1,205.64
10009,362,44,2025-02-20,1,392.03
10010,436,12,2024-12-18,3,261.78
10011,190,104,2024-11-27,2,235.06
10012,270,63,2024-11-12,1,341.84
10013,217,92,2024-12-14,1,213.89
10014,208,8,2024-12-20,2,62.79
10015,96,71,2025-05-15,1,320.91
10016,206,21,2025-03-10,1,199.22
10017,250,27,2024-11-01,1,520.9
10018,358,140,2024-09-15,2,238.53
10019,222,150,2025-07-29,1,468.27
10020,154,47,2024-11-24,1,87.46
10021,381,142,2024-12-08,1,274.55
10022,176,3,2025-04-28,1,217.96
10023,417,39,2024-12-11,1,578.5
10024,414,65,2025-06-15,1,135.17
10025,245,138,2024-09-23,2,382.16
10026,449,122,2025-02-26,1,230.92
10027,99,19,2025-05-23,1,90.14
10028,190,90,2025-04-08,1,456.59
10029,55,1,2025-04-01,1,335.74
10030,110,135,2025-05-18,1,416.04
10031,375,13,2025-05-14,1,379.07
10032,136,78,2024-11-15,1,334.81
10033,442,35,2025-01-06,1,401.85
10034,362,5,2024-12-10,1,287.24
10035,121,98,2024-11-21,2,81.7
10036,420,108,2025-05-12,1,182.24
10037,390,4,2024-12-31,1,510.73
10038,45,142,2024-11-07,1,274.55
10039,169,70,2025-06-07,1,300.47
10040,394,91,2024-09-28,1,73.18
10041,316,150,2024-08-15,1,468.27
10042,342,102,2024-09-08,1,582.99
10043,390,147,2025-06-09,1,363.91
10044,195,104,2024-08-01,1,235.06
10045,395,127,2024-11-02,1,179.33
10046,216,128,2024-09-08,1,384.68
10047,118,84,2024-09-14,3,338.34
10048,172,146,2024-12-07,2,343.96
10049,245,18,2024-09-15,1,102.42
10050,72,86,2025-04-04,2,118.49
10051,49,93,2025-05-21,1,575.84
10052,294,100,2025-07-08,1,229.29
10053,343,103,2025-03-20,1,296.39
10054,177,20,2025-02-18,1,636.49
10055,317,17,2024-11-01,1,62.02
10056,281,105,2025-03-23,1,205.64
10057,345,37,2025-01-04,1,226.59
10058,55,100,2024-10-28,1,229.29
10059,55,148,2025-03-29,1,543.51
10060,149,26,2025-06-27,1,80.28
10061,280,43,2024-11-09,1,418.43
10062,154,7,2025-04-08,2,303.12
10063,307,32,2024-09-30,1,294.11
10064,494,65,2025-01-19,1,135.17
10065,330,34,2025-06-13,3,333.49
10066,330,66,2024-11-14,1,198.33
10067,118,24,2024-11-02,1,563.43
10068,461,114,2025-02-28,1,647.69
10069,176,52,2025-05-28,1,225.66
10070,232,13,2025-01-22,1,379.07
10071,55,20,2025-04-26,2,636.49
10072,496,147,2025-06-06,1,363.91
10073,107,84,2025-05-30,1,338.34
10074,174,112,2025-02-27,1,332.67
10075,310,77,2025-04-12,1,516.83
10076,327,103,2025-02-12,1,296.39
10077,115,51,2025-04-08,1,383.07
10078,373,144,2024-12-14,1,183.68
10079,488,2,2025-04-23,1,18.99
10080,114,120,2025-02-15,1,556.25
10081,101,47,2024-12-11,1,87.46
10082,453,133,2025-06-21,2,145.25
10083,431,27,2025-01-26,1,520.9
10084,155,115,2024-12-01,1,281.46
10085,98,116,2025-06-23,1,105.33
10086,158,131,2024-12-02,1,625.36
10087,191,130,2024-10-26,1,499.34
10088,498,20,2024-12-18,3,636.49
10089,350,29,2024-11-30,1,58.54
10090,114,118,2025-01-26,3,319.7
10091,497,139,2025-02-08,1,224.44
10092,146,111,2024-11-19,1,438.69
10093,189,99,2025-05-01,1,208.73
10094,222,27,2024-11-04,1,520.9
10095,391,87,2024-10-01,3,40.12
10096,105,139,2025-06-04,1,224.44
10097,487,134,2025-04-26,1,524.84
10098,460,86,2024-12-20,2,118.49
10099,318,61,2025-03-23,1,131.98
10100,313,2,2024-12-19,2,18.99
10101,310,50,2025-02-14,1,98.91
10102,83,50,2025-07-28,1,98.91
10103,188,107,2024-08-16,1,68.9
10104,271,63,2024-10-12,1,341.84
10105,347,105,2025-04-22,2,205.64
10106,450,130,2025-04-30,1,499.34
10107,449,144,2025-05-25,2,183.68
10108,316,51,2025-06-28,1,383.07
10109,468,137,2024-08-20,1,63.66
10110,99,12,2024-11-09,1,261.78
10111,342,88,2024-12-14,1,288.97
10112,219,20,2025-06-01,2,636.49
10113,198,71,2025-05-22,1,320.91
10114,418,105,2024-09-05,1,205.64
10115,269,1,2024-09-15,1,335.74
10116,456,50,2025-06-18,1,98.91
10117,145,44,2025-05-01,1,392.03
10118,156,81,2025-06-02,1,261.53
10119,347,80,2025-02-17,1,189.8
10120,489,138,2025-04-23,1,382.16
10121,139,59,2025-03-25,1,122.16
10122,360,78,2025-06-21,1,251.11
10123,489,45,2025-04-23,2,53.21
10124,116,118,2024-11-29,1,319.7
10125,302,79,2024-12-13,1,135.77
10126,364,49,2025-01-12,1,77.56
10127,143,144,2025-01-22,1,183.68
10128,435,29,2025-02-26,1,58.54
10129,327,148,2025-03-28,1,543.51
10130,242,63,2025-03-29,1,341.84
10131,196,83,2025-03-29,2,296.51
10132,375,12,2025-06-04,1,261.78
10133,215,120,2024-11-20,1,556.25
10134,1,15,2024-10-05,1,206.74
10135,237,95,2025-03-25,1,61.73
10136,177,13,2025-07-11,1,379.07
10137,379,37,2024-12-06,1,226.59
10138,395,18,2025-04-14,1,102.42
10139,457,106,2025-02-03,1,297.61
10140,24,7,2024-12-15,1,303.12
10141,411,69,2025-04-28,1,186.83
10142,469,56,2025-01-02,1,443.42
10143,413,141,2024-12-16,1,489.58
10144,457,120,2024-11-09,1,556.25
10145,427,139,2024-11-25,1,224.44
10146,156,84,2025-01-27,1,338.34
10147,154,45,2024-12-28,1,53.21
10148,377,48,2025-06-14,1,478.84
10149,10,60,2024-11-03,1,190.26
10150,207,97,2025-06-11,1,24.03
10151,49,1,2025-04-17,2,335.74
10152,268,103,2024-12-10,1,296.39
10153,370,37,2024-09-12,1,226.59
10154,118,76,2025-04-23,1,398.3
10155,30,55,2025-06-16,1,526.4
10156,362,29,2024-12-15,1,58.54
10157,240,116,2024-12-15,2,105.33
10158,173,85,2025-05-28,1,339.74
10159,360,76,2025-06-17,1,398.3
10160,432,107,2025-03-12,1,68.9
10161,260,20,2025-01-23,1,636.49
10162,141,126,2024-08-28,1,217.72
10163,203,124,2025-02-02,1,209.47
10164,419,142,2025-06-29,1,274.55
10165,402,116,2024-10-06,1,105.33
10166,114,128,2025-02-22,1,384.68
10167,317,31,2024-11-21,1,180.09
10168,389,131,2025-02-21,1,625.36
10169,164,71,2025-01-28,3,320.91
10170,155,13,2024-10-23,1,379.07
10171,200,95,2024-11-19,1,61.73
10172,460,83,2025-01-15,1,296.51
10173,46,13,2024-12-28,1,379.07
10174,61,118,2025-04-30,1,319.7
10175,346,19,2025-04-22,1,90.14
10176,58,108,2024-08-29,1,182.24
10177,492,93,2025-01-25,2,575.84
10178,64,96,2024-12-26,1,65.11
10179,55,67,2025-01-31,1,331.31
10180,156,32,2024-11-13,1,294.11
10181,3,51,2024-10-16,1,383.07
10182,131,110,2025-01-15,1,152.47
10183,362,75,2024-09-23,1,137.49
10184,389,103,2024-09-13,1,296.39
10185,119,30,2025-04-06,1,442.18
10186,242,57,2025-07-14,1,349.1
10187,74,31,2024-10-07,2,180.09
10188,472,134,2024-09-20,2,524.84
10189,285,12,2024-11-03,1,261.78
10190,452,10,2025-05-30,1,394.66
10191,212,136,2024-10-03,1,82.14
10192,105,16,2025-06-14,1,412.27
10193,203,42,2025-01-03,1,19.58
10194,416,40,2025-04-14,1,480.83
10195,383,139,2025-01-21,1,224.44
10196,49,21,2025-07-02,1,199.22
10197,70,11,2024-08-22,1,16.25
10198,493,9,2025-01-18,1,719.54
10199,248,19,2025-02-01,1,90.14
10200,251,141,2024-11-16,2,489.58
10201,59,55,2025-03-17,1,526.4
10202,122,14,2025-01-16,1,348.48
10203,193,29,2025-04-10,2,58.54
10204,449,89,2025-02-06,1,211.17
10205,219,96,2025-07-29,1,65.11
10206,101,37,2024-11-20,2,226.59
10207,229,69,2024-12-06,1,186.83
10208,393,107,2025-07-30,1,68.9
10209,176,108,2025-03-02,1,182.24
10210,458,2,2024-12-14,2,18.99
10211,305,111,2024-09-24,1,438.69
10212,242,116,2024-10-07,1,105.33
10213,193,67,2025-05-16,1,331.31
10214,170,116,2025-04-08,2,105.33
10215,74,113,2025-01-16,1,440.12
10216,482,60,2024-11-22,1,190.26
10217,52,150,2025-03-19,1,398.03
10218,210,133,2024-12-13,1,145.25
10219,310,30,2024-10-18,1,442.18
10220,251,51,2025-02-01,1,383.07
10221,499,128,2024-12-20,1,384.68
10222,432,150,2025-02-03,1,468.27
10223,477,13,2024-12-02,1,379.07
10224,17,121,2025-01-28,1,538.87
10225,369,119,2025-07-06,3,524.61
10226,445,74,2025-03-01,1,488.38
10227,161,19,2025-06-10,1,90.14
10228,351,16,2024-08-04,1,412.27
10229,166,146,2025-05-25,2,343.96
10230,349,75,2025-04-15,1,137.49
10231,13,71,2024-08-27,1,320.91
10232,244,70,2024-09-10,1,300.47
10233,164,63,2025-05-24,1,341.84
10234,70,50,2024-11-27,1,98.91
10235,60,4,2025-05-12,1,510.73
10236,396,92,2024-12-03,1,213.89
10237,96,42,2025-05-07,2,19.58
10238,105,20,2025-07-14,1,636.49
10239,191,123,2024-09-15,2,79.03
10240,219,141,2025-05-10,1,489.58
10241,394,80,2024-09-10,1,189.8
10242,469,47,2024-10-28,1,87.46
10243,324,129,2025-02-24,1,435.24
10244,101,18,2024-11-06,1,102.42
10245,500,35,2024-11-30,1,401.85
10246,190,141,2025-05-20,1,489.58
10247,245,147,2024-11-29,1,363.91
10248,174,139,2025-06-22,1,224.44
10249,336,57,2025-06-11,2,349.1
10250,461,150,2024-12-31,1,468.27
10251,305,137,2025-03-10,1,63.66
10252,404,66,2024-12-18,2,198.33
10253,209,63,2025-05-06,1,341.84
10254,108,67,2024-11-04,3,331.31
10255,183,90,2025-02-24,1,456.59
10256,280,107,2025-04-04,1,68.9
10257,331,67,2025-02-28,1,331.31
10258,261,48,2024-08-16,2,478.84
10259,30,72,2025-03-11,1,246.7
10260,396,120,2025-06-30,1,556.25
10261,324,83,2025-05-09,1,296.51
10262,414,108,2025-01-02,2,182.24
10263,96,138,2025-05-18,1,382.16
10264,424,119,2025-07-06,1,524.61
10265,364,78,2024-12-10,1,334.81
10266,238,9,2025-06-09,1,719.54
10267,184,86,2025-01-19,1,118.49
10268,77,135,2025-01-15,2,416.04
10269,338,122,2025-03-12,1,230.92
10270,11,133,2025-07-01,1,145.25
10271,395,14,2025-06-11,1,348.48
10272,452,147,2025-02-09,2,363.91
10273,341,63,2025-05-29,1,341.84
10274,202,40,2025-04-23,1,480.83
10275,362,128,2025-05-03,1,384.68
10276,45,146,2024-10-11,1,343.96
10277,449,77,2024-10-14,1,516.83
10278,23,129,2025-06-27,1,435.24
10279,394,11,2024-10-10,1,16.25
10280,488,10,2024-08-27,1,394.66
10281,418,141,2024-11-15,1,489.58
10282,383,92,2024-12-17,1,213.89
10283,188,42,2024-09-02,1,19.58
10284,89,98,2025-01-16,1,81.7
10285,224,82,2025-01-20,1,283.53
10286,375,2,2025-06-30,2,18.99
10287,52,63,2025-06-24,1,341.84
10288,320,150,2025-06-05,1,468.27
10289,96,23,2024-10-24,1,113.32
10290,231,44,2025-02-05,1,392.03
10291,155,24,2024-12-09,1,563.43
10292,151,71,2025-01-29,1,320.91
10293,35,45,2024-12-07,1,53.21
10294,438,30,2024-10-30,1,442.18
10295,466,132,2024-12-28,1,208.38
10296,145,79,2025-03-15,2,135.77
10297,328,46,2024-10-10,1,429.28
10298,448,70,2025-01-14,1,300.47
10299,488,3,2025-05-22,1,217.96
10300,292,118,2025-04-28,1,319.7
10301,431,30,2025-07-03,1,442.18
10302,121,17,2025-01-22,1,62.02
10303,468,10,2025-06-18,1,394.66
10304,377,39,2024-11-23,1,578.5
10305,38,41,2025-05-08,2,189.78
10306,123,88,2025-05-06,1,288.97
10307,463,64,2024-12-13,1,312.23
10308,169,119,2024-11-04,2,524.61
10309,493,124,2024-11-13,1,209.47
10310,307,22,2024-12-21,2,163.49
10311,318,141,2024-11-13,2,489.58
10312,279,50,2025-04-09,1,98.91
10313,79,28,2025-02-03,1,213.35
10314,219,88,2025-06-05,1,288.97
10315,143,125,2024-12-15,1,300.73
10316,227,24,2024-12-30,1,563.43
10317,309,122,2025-02-25,1,230.92
10318,323,19,2025-06-03,2,90.14
10319,180,136,2024-10-07,1,82.14
10320,320,149,2025-07-27,1,429.45
10321,235,39,2024-12-27,1,578.5
10322,183,136,2024-08-23,1,82.14
10323,150,9,2025-02-04,3,719.54
10324,209,114,2024-10-11,1,647.69
10325,93,19,2024-12-26,1,90.14
10326,492,1,2024-11-11,1,335.74
10327,252,77,2024-09-26,2,516.83
10328,346,96,2025-03-17,1,65.11
10329,188,69,2024-10-19,1,186.83
10330,167,106,2024-12-04,2,330.68
10331,327,120,2024-10-04,1,500.62
10332,93,126,2024-12-06,1,217.72
10333,417,150,2024-10-31,1,468.27
10334,286,143,2025-02-27,1,385.7
10335,191,122,2024-08-23,1,230.92
10336,85,116,2024-11-12,1,105.33
10337,452,117,2024-12-07,1,524.45
10338,23,15,2025-01-17,1,206.74
10339,28,54,2025-03-04,1,349.2
10340,315,105,2025-07-12,1,205.64
10341,292,81,2024-08-30,1,261.53
10342,132,102,2025-01-08,1,582.99
10343,293,39,2025-05-09,1,578.5
10344,226,63,2025-01-11,1,341.84
10345,41,12,2024-10-31,2,261.78
10346,463,25,2025-04-25,1,364.22
10347,291,108,2024-11-05,1,182.24
10348,460,56,2024-11-26,1,443.42
10349,40,150,2024-11-27,1,468.27
10350,199,112,2025-02-06,44,332.67
10351,319,58,2024-12-23,3,440.25
10352,159,1,2025-07-25,1,335.74
10353,271,102,2025-03-03,1,582.99
10354,404,89,2025-05-25,1,211.17
10355,348,150,2024-08-17,1,468.27
10356,39,100,2024-10-30,1,229.29
10357,140,20,2024-12-14,1,636.49
10358,144,50,2025-05-21,1,98.91
10359,118,72,2024-08-18,2,246.7
10360,342,50,2025-05-06,1,98.91
10361,304,49,2025-01-09,1,77.56
10362,444,25,2025-06-07,2,485.62
10363,115,4,2024-12-24,1,510.73
10364,60,36,2024-11-12,1,91.26
10365,198,121,2024-08-04,1,538.87
10366,268,64,2025-07-25,1,312.23
10367,193,138,2024-08-28,1,382.16
10368,30,139,2024-10-01,1,224.44
10369,140,131,2024-12-13,1,625.36
10370,325,27,2025-03-18,1,520.9
10371,53,7,2025-06-28,1,303.12
10372,223,13,2025-03-25,1,379.07
10373,454,105,2024-12-17,1,205.64
10374,468,28,2025-06-15,1,213.35
10375,436,108,2024-11-23,1,182.24
10376,81,58,2025-03-29,1,440.25
10377,368,68,2025-05-04,1,295.67
10378,376,24,2025-04-28,1,563.43
10379,116,76,2025-02-08,1,398.3
10380,232,104,2025-06-06,1,235.06
10381,385,145,2025-05-16,1,96.4
10382,6,125,2025-07-26,2,300.73
10383,213,149,2025-05-29,1,429.45
10384,310,52,2025-05-08,1,225.66
10385,378,143,2025-06-30,1,385.7
10386,50,120,2025-05-29,1,556.25
10387,209,109,2025-02-09,1,482.64
10388,228,107,2025-04-13,1,68.9
10389,418,119,2024-12-10,1,393.46
10390,234,8,2025-06-19,1,62.79
10391,177,132,2025-02-17,1,208.38
10392,211,21,2025-06-28,1,199.22
10393,275,121,2024-11-02,1,538.87
10394,219,94,2024-10-21,1,384.02
10395,111,14,2024-09-03,1,348.48
10396,227,3,2024-11-21,1,217.96
10397,192,132,2025-05-20,1,208.38
10398,267,125,2025-05-12,3,300.73
10399,202,135,2025-03-28,1,416.04
10400,213,118,2025-07-08,1,287.73
10401,25,122,2025-04-26,2,230.92
10402,436,45,2024-08-26,1,53.21
10403,118,145,2025-04-17,2,96.4
10404,258,107,2024-09-21,1,68.9
10405,350,118,2025-01-19,1,319.7
10406,293,77,2025-01-04,1,516.83
10407,314,126,2025-04-09,2,217.72
10408,448,90,2025-06-22,1,456.59
10409,344,149,2025-06-01,1,429.45
10410,320,82,2025-07-18,1,283.53
10411,111,62,2024-10-16,1,26.71
10412,377,110,2025-02-05,2,152.47
10413,167,139,2024-12-23,1,224.44
10414,140,63,2025-01-28,3,341.84
10415,251,136,2025-04-11,1,82.14
10416,371,141,2025-03-06,1,489.58
10417,498,120,2024-12-15,1,556.25
10418,342,130,2025-04-26,1,499.34
10419,453,54,2025-03-31,1,349.2
10420,233,66,2025-05-05,1,198.33
10421,321,17,2024-12-13,2,62.02
10422,389,134,2024-12-23,1,524.84
10423,179,5,2025-06-07,1,287.24
10424,37,91,2025-01-05,1,65.86
10425,369,61,2024-11-29,1,131.98
10426,336,39,2024-10-30,1,578.5
10427,87,48,2025-06-10,2,478.84
10428,234,56,2024-12-09,1,443.42
10429,82,43,2025-05-23,1,418.43
10430,56,57,2025-05-19,1,349.1
10431,227,63,2024-11-16,1,341.84
10432,462,92,2025-07-14,1,213.89
10433,419,32,2025-06-18,1,294.11
10434,372,61,2025-05-12,1,112.18
10435,98,29,2024-11-19,1,58.54
10436,395,105,2025-06-25,1,205.64
10437,206,87,2024-10-07,1,40.12
10438,397,57,2025-04-02,1,349.1
10439,200,98,2024-11-29,1,81.7
10440,102,150,2025-01-17,1,468.27
10441,406,34,2025-07-20,1,333.49
10442,383,25,2024-10-09,1,485.62
10443,135,27,2024-12-20,1,520.9
10444,135,75,2025-04-09,1,137.49
10445,35,113,2025-04-16,1,440.12
10446,453,126,2024-11-04,1,217.72
10447,215,71,2024-12-27,1,320.91
10448,58,63,2024-10-02,1,341.84
10449,247,93,2024-10-05,1,575.84
10450,141,32,2024-11-22,1,294.11
10451,1,22,2025-06-27,1,163.49
10452,220,75,2025-03-09,1,137.49
10453,199,55,2025-03-13,1,526.4
10454,277,126,2025-01-09,1,217.72
10455,359,125,2025-05-16,2,300.73
10456,264,45,2025-01-01,1,53.21
10457,342,53,2024-11-17,1,487.84
10458,163,4,2025-01-11,1,510.73
10459,407,75,2024-12-05,1,137.49
10460,155,140,2025-07-23,1,238.53
10461,59,93,2025-07-20,2,575.84
10462,448,44,2025-01-28,1,392.03
10463,242,8,2025-05-28,1,62.79
10464,298,118,2025-03-24,1,319.7
10465,3,38,2025-06-13,2,455.18
10466,479,107,2024-11-05,1,68.9
10467,446,42,2025-03-02,1,19.58
10468,123,130,2025-06-10,1,499.34
10469,50,150,2024-11-11,1,468.27
10470,4,136,2025-01-14,1,82.14
10471,381,99,2024-11-25,1,208.73
10472,3,27,2024-12-18,2,520.9
10473,154,74,2024-09-24,1,488.38
10474,33,14,2024-09-04,1,348.48
10475,262,106,2025-05-31,1,330.68
10476,49,7,2025-06-15,1,303.12
10477,411,101,2024-12-21,1,15.78
10478,461,34,2024-10-16,1,333.49
10479,211,74,2024-08-01,1,488.38
10480,261,63,2025-01-12,1,341.84
10481,336,92,2025-06-21,1,213.89
10482,213,71,2024-09-15,1,320.91
10483,105,55,2025-04-13,1,526.4
10484,106,83,2024-11-05,1,296.51
10485,280,72,2025-02-06,1,246.7
10486,70,74,2025-06-26,1,488.38
10487,181,96,2025-02-27,1,65.11
10488,30,43,2025-07-18,2,418.43
10489,240,99,2024-11-04,1,208.73
10490,311,87,2024-12-24,1,40.12
10491,253,63,2024-10-23,1,341.84
10492,118,95,2024-11-27,1,61.73
10493,80,139,2024-12-07,1,224.44
10494,143,56,2024-10-26,2,443.42
10495,362,42,2024-12-06,1,19.58
10496,414,149,2024-12-05,1,365.03
10497,494,24,2024-11-26,1,563.43
10498,500,117,2024-12-11,1,524.45
10499,107,79,2024-12-06,1,135.77
10500,156,72,2024-09-09,1,246.7
10501,166,106,2025-01-31,1,330.68
10502,23,87,2024-11-06,1,40.12
10503,356,136,2024-09-08,1,82.14
10504,359,113,2024-10-24,1,440.12
10505,117,77,2024-09-24,1,516.83
10506,436,24,2025-02-21,1,563.43
10507,71,51,2025-04-21,2,383.07
10508,412,28,2025-06-07,1,213.35
10509,242,136,2024-12-08,1,82.14
10510,346,111,2024-09-13,1,438.69
10511,425,131,2025-01-19,1,625.36
10512,395,91,2024-11-07,1,73.18
10513,222,76,2024-11-09,1,398.3
10514,178,67,2024-08-07,1,331.31
10515,490,17,2024-09-04,1,62.02
10516,216,81,2025-05-17,1,196.15
10517,216,107,2025-01-16,3,68.9
10518,394,150,2024-10-27,1,468.27
10519,165,76,2025-06-30,1,398.3
10520,2,67,2025-06-08,1,331.31
10521,449,119,2024-09-27,1,524.61
10522,69,79,2024-12-24,1,135.77
10523,167,10,2024-09-13,1,394.66
10524,327,48,2025-05-25,2,383.07
10525,381,8,2024-10-26,1,62.79
10526,76,91,2024-10-18,2,73.18
10527,202,127,2025-07-30,1,179.33
10528,55,15,2025-03-19,1,206.74
10529,478,25,2024-08-22,1,485.62
10530,244,80,2025-06-28,1,189.8
10531,452,40,2025-01-05,2,480.83
10532,227,131,2025-04-24,2,625.36
10533,362,101,2025-05-06,1,15.78
10534,469,25,2025-05-05,1,364.22
10535,232,30,2025-06-04,1,442.18
10536,293,85,2025-07-09,1,339.74
10537,431,129,2025-03-02,1,435.24
10538,463,18,2024-12-18,1,102.42
10539,140,106,2025-05-23,1,330.68
10540,286,73,2025-01-08,1,488.92
10541,300,40,2024-09-18,1,480.83
10542,159,103,2024-09-01,1,296.39
10543,176,62,2024-10-10,1,26.71
10544,50,126,2025-01-31,2,217.72
10545,450,112,2024-11-29,1,332.67
10546,164,136,2025-05-06,1,82.14
10547,96,68,2024-12-07,1,295.67
10548,253,30,2024-10-20,1,442.18
10549,119,106,2024-10-11,2,330.68
10550,454,53,2024-12-08,2,487.84
10551,51,31,2025-05-02,1,211.87
10552,266,78,2025-03-31,1,334.81
10553,316,1,2024-11-10,1,335.74
10554,468,62,2025-05-02,2,26.71
10555,33,135,2025-03-29,1,416.04
10556,494,96,2025-04-13,1,65.11
10557,108,90,2024-10-08,1,456.59
10558,315,99,2025-07-19,1,208.73
10559,249,136,2024-12-02,1,82.14
10560,196,130,2025-07-24,1,499.34
10561,340,83,2024-10-14,1,296.51
10562,443,24,2024-10-10,1,563.43
10563,305,142,2024-11-02,1,274.55
10564,108,82,2024-12-27,1,283.53
10565,190,81,2025-05-31,1,261.53
10566,60,16,2025-05-25,1,412.27
10567,54,119,2025-07-25,1,524.61
10568,494,119,2025-05-10,1,524.61
10569,469,56,2024-08-21,1,443.42
10570,8,23,2024-11-27,1,113.32
10571,69,121,2025-05-24,1,538.87
10572,121,34,2024-11-04,1,333.49
10573,251,43,2025-06-30,1,418.43
10574,360,16,2024-12-06,1,412.27
10575,15,45,2025-01-25,1,53.21
10576,369,30,2025-07-02,1,442.18
10577,105,96,2025-04-03,1,65.11
10578,135,33,2025-05-13,1,121.24
10579,442,24,2024-12-31,1,563.43
10580,495,139,2025-02-21,1,224.44
10581,74,122,2025-01-25,1,230.92
10582,186,11,2025-04-16,2,16.25
10583,101,81,2025-03-01,2,261.53
10584,463,100,2024-09-06,1,229.29
10585,54,9,2025-05-24,1,719.54
10586,107,57,2024-12-10,1,349.1
10587,24,142,2025-01-31,1,274.55
10588,260,65,2024-10-27,1,135.17
10589,364,125,2025-01-20,1,300.73
10590,234,8,2024-11-05,1,62.79
10591,356,93,2025-01-27,1,575.84
10592,143,87,2025-05-25,3,40.12
10593,272,56,2024-09-20,2,443.42
10594,60,23,2025-01-23,1,113.32
10595,290,10,2025-03-08,2,394.66
10596,481,85,2024-12-07,1,339.74
10597,293,100,2024-11-30,1,229.29
10598,148,66,2024-10-12,1,198.33
10599,223,5,2024-12-12,2,287.24
10600,167,75,2024-11-10,2,137.49
10601,77,102,2025-07-14,1,582.99
10602,449,112,2024-09-27,1,332.67
10603,393,59,2024-09-11,1,122.16
10604,97,75,2024-11-26,1,137.49
10605,489,57,2024-10-01,1,349.1
10606,269,39,2024-10-22,1,578.5
10607,2,11,2025-03-05,1,16.25
10608,247,20,2024-11-20,1,636.49
10609,223,119,2024-11-14,2,524.61
10610,463,25,2025-05-01,1,364.22
10611,436,103,2024-08-14,1,296.39
10612,257,22,2025-04-30,1,163.49
10613,222,146,2024-08-10,2,343.96
10614,292,35,2025-03-02,1,401.85
10615,215,51,2025-07-13,1,383.07
10616,369,110,2024-08-23,1,152.47
10617,343,140,2025-04-14,1,238.53
10618,398,101,2025-03-18,1,15.78
10619,318,103,2025-04-23,1,296.39
10620,159,77,2025-03-05,1,516.83
10621,275,107,2025-06-21,1,68.9
10622,4,57,2025-04-30,1,349.1
10623,313,19,2025-06-20,1,90.14
10624,228,26,2024-09-02,1,80.28
10625,360,136,2024-08-06,1,82.14
10626,312,146,2024-12-22,1,343.96
10627,182,149,2024-12-09,1,429.45
10628,439,19,2024-11-13,2,90.14
10629,299,2,2024-10-06,2,18.99
10630,161,22,2025-02-27,1,163.49
10631,147,91,2024-12-29,3,65.86
10632,219,123,2024-08-01,1,79.03
10633,413,123,2025-06-19,1,79.03
10634,386,14,2024-11-11,1,348.48
10635,476,69,2025-01-20,1,186.83
10636,39,80,2024-10-08,1,189.8
10637,99,126,2025-07-03,1,217.72
10638,480,135,2025-05-11,1,416.04
10639,80,13,2025-03-21,1,379.07
10640,481,103,2024-11-20,1,296.39
10641,49,51,2025-06-07,1,383.07
10642,498,17,2024-11-23,1,62.02
10643,164,128,2024-10-22,1,384.68
10644,472,7,2025-04-17,1,303.12
10645,257,40,2024-08-20,1,480.83
10646,251,144,2025-01-11,1,183.68
10647,18,18,2025-04-14,1,102.42
10648,105,120,2024-11-23,1,556.25
10649,362,73,2025-05-03,1,440.03
10650,212,100,2025-07-18,2,229.29
10651,81,50,2024-08-21,1,98.91
10652,190,77,2025-06-14,3,516.83
10653,444,45,2025-05-19,1,53.21
10654,390,95,2024-12-01,1,61.73
10655,28,41,2024-10-11,1,189.78
10656,199,103,2024-12-21,1,296.39
10657,61,51,2025-06-04,1,383.07
10658,160,114,2024-11-29,1,647.69
10659,96,27,2025-03-18,2,520.9
10660,444,99,2025-05-16,1,208.73
10661,258,36,2024-11-25,3,91.26
10662,425,57,2024-08-05,1,349.1
10663,395,52,2025-06-22,1,225.66
10664,215,92,2025-01-29,1,213.89
10665,61,67,2024-11-04,2,331.31
10666,137,99,2025-01-25,1,208.73
10667,121,148,2025-06-29,1,543.51
10668,278,70,2025-07-11,1,300.47
10669,403,46,2024-12-23,1,429.28
10670,133,83,2024-12-20,1,296.51
10671,467,65,2025-06-13,1,135.17
10672,88,6,2024-10-28,1,120.34
10673,127,148,2024-12-22,2,543.51
10674,107,8,2025-04-25,1,62.79
10675,20,37,2024-12-18,1,226.59
10676,467,117,2025-03-10,2,524.45
10677,362,80,2024-12-28,1,189.8
10678,445,77,2025-04-12,1,516.83
10679,140,114,2024-12-11,1,647.69
10680,74,31,2025-03-01,1,211.87
10681,295,79,2024-09-30,1,135.77
10682,326,86,2024-11-27,2,118.49
10683,74,111,2025-01-15,1,438.69
10684,273,150,2025-07-04,1,468.27
10685,167,109,2024-10-08,1,482.64
10686,463,6,2025-07-14,2,120.34
10687,306,122,2024-11-18,1,230.92
10688,118,9,2024-08-30,1,719.54
10689,352,148,2024-11-25,1,543.51
10690,436,65,2025-05-21,1,135.17
10691,231,37,2024-10-22,1,226.59
10692,183,143,2024-08-12,1,385.7
10693,427,79,2025-04-28,1,135.77
10694,57,23,2025-07-15,1,113.32
10695,295,140,2024-09-17,1,238.53
10696,10,95,2024-12-26,1,61.73
10697,191,36,2024-12-05,1,91.26
10698,58,85,2024-12-14,1,339.74
10699,349,47,2025-02-07,1,87.46
10700,96,83,2024-10-03,1,296.51
10701,222,29,2025-04-01,1,58.54
10702,293,65,2024-12-04,1,135.17
10703,342,94,2025-03-24,1,512.02
10704,352,101,2024-10-19,1,15.78
10705,200,121,2025-03-29,1,538.87
10706,326,36,2025-07-19,1,91.26
10707,343,24,2025-02-11,2,563.43
10708,367,98,2025-07-10,1,81.7
10709,347,129,2024-10-03,1,435.24
10710,430,36,2025-01-20,1,91.26
10711,406,15,2025-06-23,1,206.74
10712,195,134,2025-04-08,3,524.84
10713,331,77,2024-11-13,1,516.83
10714,220,27,2024-10-05,1,520.9
10715,498,146,2025-07-12,1,343.96
10716,250,84,2024-12-04,1,338.34
10717,319,34,2025-05-14,2,333.49
10718,167,51,2024-10-09,1,383.07
10719,61,69,2025-03-06,1,186.83
10720,293,29,2025-02-26,1,58.54
10721,288,64,2025-07-17,1,312.23
10722,115,83,2025-06-09,1,296.51
10723,232,103,2024-10-12,1,296.39
10724,51,20,2025-07-26,1,636.49
10725,338,95,2024-12-19,1,61.73
10726,141,145,2025-01-16,1,96.4
10727,20,138,2024-10-18,1,382.16
10728,101,37,2025-06-16,1,226.59
10729,105,148,2025-05-01,2,543.51
10730,319,48,2025-07-03,1,478.84
10731,98,32,2024-08-17,1,294.11
10732,66,61,2024-11-07,1,131.98
10733,448,100,2025-05-31,1,229.29
10734,152,69,2025-07-22,1,186.83
10735,126,2,2025-06-18,1,18.99
10736,239,99,2025-06-27,1,208.73
10737,462,125,2025-04-23,1,300.73
10738,46,148,2025-04-11,1,543.51
10739,159,70,2025-04-18,2,300.47
10740,99,93,2024-11-17,1,575.84
10741,428,47,2024-12-29,1,87.46
10742,216,55,2025-01-31,1,526.4
10743,155,78,2025-04-10,2,334.81
10744,23,120,2024-12-08,3,556.25
10745,334,117,2024-12-19,1,524.45
10746,437,53,2024-12-14,1,487.84
10747,346,99,2024-12-04,1,208.73
10748,401,138,2025-03-07,3,382.16
10749,321,65,2024-08-28,1,135.17
10750,463,130,2024-10-09,1,499.34
10751,24,28,2025-05-07,1,213.35
10752,55,72,2025-04-12,1,246.7
10753,295,89,2024-11-25,1,211.17
10754,111,115,2025-05-15,1,281.46
10755,139,82,2024-10-11,1,283.53
10756,263,14,2024-12-09,2,348.48
10757,288,125,2024-12-08,1,300.73
10758,164,150,2025-06-05,1,468.27
10759,224,123,2024-11-22,1,79.03
10760,399,37,2025-03-28,1,226.59
10761,132,146,2025-05-16,1,343.96
10762,84,122,2024-10-09,1,230.92
10763,436,15,2024-12-30,1,206.74
10764,142,8,2024-08-30,1,62.79
10765,460,90,2025-02-07,1,456.59
10766,469,116,2024-11-27,1,105.33
10767,224,36,2024-12-31,1,91.26
10768,168,126,2025-04-29,1,217.72
10769,55,140,2024-12-15,1,238.53
10770,160,94,2025-01-31,1,512.02
10771,279,9,2024-12-03,1,719.54
10772,224,83,2024-12-14,1,296.51
10773,498,113,2024-12-13,1,440.12
10774,288,108,2024-10-28,1,182.24
10775,110,43,2024-11-07,1,418.43
10776,242,55,2024-12-26,1,526.4
10777,467,149,2025-04-28,1,429.45
10778,470,79,2024-12-22,1,135.77
10779,111,95,2024-10-22,2,61.73
10780,481,85,2024-11-15,2,339.74
10781,209,56,2025-04-01,1,443.42
10782,399,111,2025-03-25,1,438.69
10783,213,22,2024-12-17,2,163.49
10784,268,150,2025-07-08,1,468.27
10785,390,87,2024-08-21,1,40.12
10786,60,40,2025-02-16,2,480.83
10787,343,8,2025-02-04,1,62.79
10788,76,117,2024-10-23,1,524.45
10789,253,93,2024-11-27,1,575.84
10790,110,5,2025-01-27,1,287.24
10791,155,37,2024-10-07,1,226.59
10792,167,134,2025-06-05,1,524.84
10793,262,41,2024-12-28,1,189.78
10794,71,15,2024-10-09,1,206.74
10795,373,48,2025-03-04,1,478.84
10796,260,117,2024-12-18,1,524.45
10797,301,60,2025-06-16,1,190.26
10798,346,81,2025-07-24,1,261.53
10799,202,45,2024-11-26,1,53.21
10800,251,57,2025-03-22,1,349.1
10801,483,135,2025-06-08,1,416.04
10802,483,83,2025-05-24,1,296.51
10803,373,75,2025-01-24,2,137.49
10804,106,76,2024-08-07,1,398.3
10805,164,54,2024-10-24,1,349.2
10806,200,2,2025-06-17,1,18.99
10807,223,45,2025-01-23,1,53.21
10808,267,52,2025-04-12,1,225.66
10809,288,109,2025-01-30,2,482.64
10810,143,140,2025-01-30,1,238.53
10811,352,56,2024-11-08,2,443.42
10812,231,64,2025-03-21,1,312.23
10813,66,44,2025-02-02,1,392.03
10814,499,141,2025-06-15,1,489.58
10815,88,102,2024-11-28,1,582.99
10816,451,110,2024-11-25,2,152.47
10817,265,61,2024-12-19,1,131.98
10818,173,7,2025-07-23,1,303.12
10819,356,128,2024-10-16,1,384.68
10820,449,121,2024-08-10,1,538.87
10821,362,85,2024-10-28,1,339.74
10822,421,133,2024-10-02,1,145.25
10823,23,68,2024-12-21,1,295.67
10824,242,10,2024-12-04,1,394.66
10825,458,113,2025-05-19,1,440.12
10826,202,82,2024-08-20,1,283.53
10827,167,124,2024-11-16,1,209.47
10828,96,78,2025-06-16,1,251.11
10829,359,112,2024-09-28,1,332.67
10830,384,8,2024-08-16,1,62.79
10831,51,68,2024-11-09,1,295.67
10832,272,24,2025-05-10,1,478.92
10833,290,89,2024-12-23,1,211.17
10834,37,110,2025-03-27,1,152.47
10835,212,82,2024-12-22,1,283.53
10836,77,116,2025-06-17,1,105.33
10837,46,144,2025-04-06,1,183.68
10838,258,4,2025-01-03,1,510.73
10839,104,35,2024-12-30,1,401.85
10840,90,49,2025-03-13,1,77.56
10841,61,130,2024-12-06,1,499.34
10842,60,118,2025-06-15,1,319.7
10843,402,19,2025-02-18,1,90.14
10844,49,109,2024-10-31,1,482.64
10845,51,133,2025-01-21,1,145.25
10846,389,18,2024-10-03,1,102.42
10847,48,56,2025-07-20,1,443.42
10848,244,44,2024-11-24,1,392.03
10849,258,75,2024-12-17,1,137.49
10850,352,144,2024-12-11,2,183.68
10851,435,81,2024-10-14,1,261.53
10852,42,97,2025-02-14,1,24.03
10853,116,145,2024-09-24,3,96.4
10854,49,12,2025-03-17,1,261.78
10855,481,57,2024-09-14,1,349.1
10856,39,94,2025-03-12,1,512.02
10857,373,133,2024-12-27,1,145.25
10858,217,12,2025-04-16,1,261.78
10859,118,122,2024-11-29,2,230.92
10860,308,47,2025-01-10,3,87.46
10861,352,106,2025-03-31,1,330.68
10862,180,96,2024-10-21,1,65.11
10863,362,140,2024-11-17,1,238.53
10864,449,24,2024-09-26,1,563.43
10865,436,4,2024-12-15,1,510.73
10866,484,131,2024-12-11,1,625.36
10867,454,93,2024-12-17,1,575.84
10868,343,104,2024-12-28,1,235.06
10869,346,45,2025-02-16,1,53.21
10870,347,100,2025-02-08,1,229.29
10871,474,84,2025-05-24,1,338.34
10872,43,129,2025-05-29,1,435.24
10873,87,118,2024-11-21,1,319.7
10874,383,95,2024-10-21,2,61.73
10875,487,40,2025-04-12,1,480.83
10876,270,131,2025-02-03,1,625.36
10877,477,47,2024-09-07,1,87.46
10878,23,51,2024-12-06,1,383.07
10879,235,125,2025-05-22,1,300.73
10880,268,10,2025-05-28,1,394.66
10881,175,59,2024-11-28,1,122.16
10882,347,118,2025-01-04,1,319.7
10883,49,111,2025-02-15,1,438.69
10884,132,112,2025-05-03,1,332.67
10885,1,27,2024-08-16,1,520.9
10886,143,92,2024-12-16,1,213.89
10887,339,83,2024-12-04,2,296.51
10888,41,45,2025-02-24,1,53.21
10889,223,78,2024-11-05,1,334.81
10890,241,49,2025-04-21,1,77.56
10891,37,81,2025-05-02,1,196.15
10892,135,37,2025-02-10,1,226.59
10893,420,86,2024-12-21,1,118.49
10894,252,135,2024-12-05,1,416.04
10895,498,93,2024-12-21,1,575.84
10896,436,121,2024-12-24,1,538.87
10897,251,9,2025-05-14,2,719.54
10898,155,139,2025-02-12,1,224.44
10899,217,148,2024-11-04,1,543.51
10900,416,11,2025-01-14,1,16.25
10901,52,48,2025-03-12,2,478.84
10902,388,75,2025-04-26,1,137.49
10903,66,70,2025-01-05,1,300.47
10904,364,106,2024-10-27,1,330.68
10905,277,5,2025-06-18,1,215.43
10906,409,92,2025-06-06,1,213.89
10907,217,121,2025-03-29,2,538.87
10908,320,66,2024-11-15,1,198.33
10909,114,60,2024-10-09,2,190.26
10910,4,113,2024-11-21,43,440.12
10911,319,95,2024-10-21,1,61.73
10912,135,120,2024-10-02,1,500.62
10913,88,27,2024-08-04,2,520.9
10914,320,1,2024-12-18,1,335.74
10915,437,99,2024-12-11,1,208.73
10916,268,44,2025-01-27,1,392.03
10917,115,14,2025-04-05,1,348.48
10918,6,100,2025-07-08,1,229.29
10919,394,116,2025-02-11,1,105.33
10920,166,107,2024-12-30,1,68.9
10921,101,69,2024-11-27,1,186.83
10922,462,5,2024-09-20,1,287.24
10923,122,127,2025-01-06,1,179.33
10924,458,4,2025-02-14,1,510.73
10925,194,102,2024-12-07,1,582.99
10926,58,133,2025-02-18,1,145.25
10927,168,3,2025-01-28,1,217.96
10928,6,149,2024-10-11,1,429.45
10929,494,111,2025-01-07,1,438.69
10930,299,65,2024-09-06,1,135.17
10931,328,139,2024-09-01,1,224.44
10932,383,104,2025-06-16,1,235.06
10933,364,45,2025-03-28,1,53.21
10934,452,138,2024-12-20,1,382.16
10935,342,11,2024-10-27,1,16.25
10936,451,146,2025-05-02,1,343.96
10937,362,9,2025-07-14,1,719.54
10938,23,58,2025-04-27,2,440.25
10939,156,136,2025-07-18,1,82.14
10940,452,69,2024-09-01,1,186.83
10941,447,34,2025-04-03,1,333.49
10942,63,13,2025-03-10,1,379.07
10943,494,4,2024-08-20,1,510.73
10944,343,16,2024-09-14,1,412.27
10945,148,109,2024-08-29,1,482.64
10946,480,44,2024-12-01,1,392.03
10947,329,122,2025-04-18,1,230.92
10948,191,133,2024-12-07,1,145.25
10949,122,127,2025-01-13,1,179.33
10950,115,28,2025-04-13,1,213.35
10951,128,104,2025-01-30,1,235.06
10952,408,96,2025-02-18,1,65.11
10953,300,66,2024-09-08,1,198.33
10954,410,104,2024-12-08,3,235.06
10955,48,114,2024-11-17,1,647.69
10956,55,132,2025-05-07,1,208.38
10957,392,58,2025-04-14,1,440.25
10958,269,114,2025-01-16,2,582.92
10959,427,14,2025-06-13,1,348.48
10960,449,78,2024-12-05,1,334.81
10961,38,40,2024-11-13,1,480.83
10962,370,100,2025-05-22,1,229.29
10963,492,139,2025-05-03,2,224.44
10964,390,92,2024-12-07,1,213.89
10965,177,120,2024-10-12,1,556.25
10966,500,45,2025-03-10,1,53.21
10967,322,139,2024-10-26,1,224.44
10968,205,81,2024-12-24,2,261.53
10969,191,23,2024-09-29,1,113.32
10970,72,29,2025-05-30,1,58.54
10971,229,68,2025-03-11,1,295.67
10972,47,37,2024-08-25,1,226.59
10973,395,138,2024-08-03,1,382.16
10974,33,29,2025-06-14,1,58.54
10975,420,99,2024-08-05,1,208.73
10976,216,105,2025-05-20,2,205.64
10977,362,111,2024-12-19,1,438.69
10978,52,42,2025-02-12,1,19.58
10979,219,104,2024-12-17,1,235.06
10980,397,148,2024-11-02,1,543.51
10981,416,78,2024-09-18,2,334.81
10982,83,50,2025-03-06,2,98.91
10983,468,112,2025-06-05,1,332.67
10984,241,98,2025-04-25,1,81.7
10985,463,22,2024-11-05,2,163.49
10986,38,114,2025-02-13,2,647.69
10987,122,137,2024-12-02,1,63.66
10988,121,114,2024-08-08,1,647.69
10989,169,115,2025-06-26,1,281.46
10990,451,80,2024-12-24,1,189.8
10991,182,29,2024-12-19,1,58.54
10992,172,29,2024-09-01,1,58.54
10993,243,104,2024-12-23,1,235.06
10994,92,128,2024-11-06,2,384.68
10995,264,69,2025-01-25,1,186.83
10996,343,85,2024-12-22,1,339.74
10997,227,128,2025-06-04,2,384.68
10998,180,74,2024-12-05,1,488.38
10999,216,24,2025-04-21,1,563.43
11000,394,142,2025-03-27,1,274.55
11001,167,119,2024-12-14,1,393.46
11002,18,145,2024-11-12,3,96.4
11003,75,130,2025-06-14,1,499.34
11004,13,55,2025-04-05,1,526.4
11005,375,130,2025-05-13,2,499.34
11006,53,69,2025-07-13,1,186.83
11007,30,112,2025-07-20,1,332.67
11008,444,53,2025-04-08,1,487.84
11009,446,97,2025-06-26,2,24.03
11010,215,122,2025-03-12,1,230.92
11011,221,25,2024-12-10,1,485.62
11012,129,147,2024-09-03,1,363.91
11013,169,145,2025-03-16,2,86.76
11014,101,59,2024-11-24,1,122.16
11015,202,101,2024-09-24,1,15.78
11016,238,6,2024-09-19,1,120.34
11017,409,150,2025-02-16,1,468.27
11018,326,106,2024-09-24,2,330.68
11019,172,103,2025-07-16,1,296.39
11020,30,106,2024-11-20,1,330.68
11021,346,89,2024-10-05,1,211.17
11022,264,29,2024-10-31,1,58.54
11023,335,28,2024-09-05,2,213.35
11024,193,23,2025-06-25,1,113.32
11025,389,86,2024-12-09,1,118.49
11026,340,81,2024-11-22,1,261.53
11027,454,88,2025-05-19,1,288.97
11028,250,99,2024-10-20,1,208.73
11029,202,69,2025-04-16,1,186.83
11030,491,30,2024-12-26,1,442.18
11031,95,27,2025-03-31,1,520.9
11032,87,90,2025-05-17,2,456.59
11033,63,27,2024-10-07,1,520.9
11034,209,26,2024-11-22,1,80.28
11035,324,119,2024-09-26,2,524.61
11036,135,43,2025-03-15,1,418.43
11037,469,1,2024-12-03,1,335.74
11038,77,60,2025-02-02,1,190.26
11039,227,57,2024-12-26,1,349.1
11040,432,135,2024-09-15,1,416.04
11041,414,149,2025-07-11,1,429.45
11042,335,116,2024-10-30,2,105.33
11043,377,25,2024-08-24,1,485.62
11044,64,119,2024-12-20,1,393.46
11045,177,112,2024-11-06,1,332.67
11046,431,55,2024-11-19,1,526.4
11047,133,105,2024-12-27,2,205.64
11048,181,133,2024-12-08,1,145.25
11049,490,76,2025-07-29,1,398.3
11050,166,55,2024-10-16,1,526.4
11051,20,35,2025-03-15,1,401.85
11052,452,129,2025-04-14,1,435.24
11053,54,23,2024-10-20,1,113.32
11054,67,125,2024-09-24,1,300.73
11055,212,133,2024-11-20,1,145.25
11056,489,21,2025-02-07,1,199.22
11057,374,20,2024-08-08,1,636.49
11058,375,102,2025-01-17,1,582.99
11059,397,115,2024-10-01,1,281.46
11060,382,14,2024-12-02,1,348.48
11061,393,40,2024-11-21,1,480.83
11062,390,18,2024-12-25,1,102.42
11063,429,80,2025-04-28,1,189.8
11064,437,62,2024-09-03,1,26.71
11065,349,48,2025-01-18,2,478.84
11066,310,70,2025-01-08,1,300.47
11067,402,118,2025-04-21,1,319.7
11068,148,43,2025-04-13,1,418.43
11069,331,132,2025-02-26,1,208.38
11070,410,11,2025-02-27,2,16.25
11071,155,38,2024-11-26,1,455.18
11072,232,120,2024-10-18,1,556.25
11073,484,116,2025-04-22,1,105.33
11074,230,142,2024-10-11,1,274.55
11075,152,71,2025-05-16,1,320.91
11076,305,88,2024-10-05,1,288.97
11077,475,127,2024-12-14,1,179.33
11078,368,74,2025-06-21,1,488.38
11079,60,138,2024-11-10,1,382.16
11080,159,1,2024-10-06,1,335.74
11081,353,1,2025-02-20,1,335.74
11082,275,43,2024-12-18,1,418.43
11083,291,82,2025-01-05,1,283.53
11084,397,9,2024-11-03,1,719.54
11085,275,23,2025-03-30,1,113.32
11086,178,140,2024-09-09,1,238.53
11087,245,74,2025-04-07,2,488.38
11088,49,41,2024-10-02,1,189.78
11089,26,105,2024-11-11,1,205.64
11090,316,38,2024-10-16,1,455.18
11091,206,46,2025-07-10,1,429.28
11092,177,130,2024-10-18,1,499.34
11093,352,83,2025-06-23,2,296.51
11094,362,117,2024-10-08,1,524.45
11095,123,149,2025-01-16,1,429.45
11096,248,93,2024-11-17,2,575.84
11097,105,121,2025-07-03,1,538.87
11098,204,135,2025-04-13,1,416.04
11099,3,23,2025-01-07,1,113.32
11100,318,53,2024-11-16,1,487.84
11101,244,51,2025-04-16,1,383.07
11102,478,50,2025-03-07,1,98.91
11103,258,36,2025-02-10,2,91.26
11104,351,103,2024-10-14,1,296.39
11105,260,94,2024-10-13,1,512.02
11106,61,37,2024-10-21,1,226.59
11107,117,98,2025-07-16,1,81.7
11108,452,29,2024-10-30,1,58.54
11109,177,27,2024-12-08,1,520.9
11110,295,36,2025-03-09,1,91.26
11111,188,90,2024-09-23,1,456.59
11112,84,68,2024-12-31,1,295.67
11113,258,89,2025-02-14,1,211.17
11114,470,107,2025-04-20,1,68.9
11115,500,53,2024-12-18,1,487.84
11116,339,42,2024-12-09,1,19.58
11117,134,42,2024-12-04,1,19.58
11118,384,126,2025-06-15,1,217.72
11119,45,139,2024-11-26,1,224.44
11120,176,124,2024-12-18,45,209.47
11121,181,11,2024-11-25,1,16.25
11122,490,39,2024-11-29,1,578.5
11123,24,68,2025-05-06,1,295.67
11124,189,113,2024-08-15,1,440.12
11125,155,86,2024-12-16,1,118.49
11126,161,58,2025-05-27,1,440.25
11127,72,22,2024-11-13,1,163.49
11128,288,13,2024-12-05,1,379.07
11129,461,127,2025-06-09,2,179.33
11130,276,62,2024-08-02,1,26.71
11131,67,6,2024-08-15,1,120.34
11132,343,52,2024-11-19,1,225.66
11133,468,53,2025-02-04,3,487.84
11134,362,59,2024-12-02,1,122.16
11135,360,141,2025-02-03,1,489.58
11136,133,45,2024-12-03,2,53.21
11137,125,36,2025-07-18,1,91.26
11138,300,106,2024-09-04,2,330.68
11139,55,51,2024-10-30,1,383.07
11140,258,1,2025-04-06,1,335.74
11141,463,97,2024-12-04,1,24.03
11142,152,95,2025-04-05,1,61.73
11143,292,38,2024-09-27,1,455.18
11144,389,63,2024-12-04,3,341.84
11145,113,23,2025-03-22,1,113.32
11146,470,59,2025-01-11,1,122.16
11147,268,89,2024-08-08,1,211.17
11148,446,136,2024-11-17,2,82.14
11149,296,44,2024-12-10,2,392.03
11150,434,37,2025-04-04,2,226.59
11151,434,140,2024-09-07,2,238.53
11152,395,147,2025-04-10,1,363.91
11153,167,15,2025-06-13,1,206.74
11154,499,117,2024-08-06,1,524.45
11155,346,82,2024-10-12,1,283.53
11156,469,62,2024-12-09,2,26.71
11157,176,75,2025-06-16,1,137.49
11158,202,115,2025-04-24,1,281.46
11159,225,11,2024-11-12,1,16.25
11160,251,96,2024-10-25,1,65.11
11161,394,108,2024-11-18,1,182.24
11162,362,60,2025-07-24,2,190.26
11163,256,90,2024-11-28,1,456.59
11164,175,24,2025-01-27,1,563.43
11165,276,33,2025-03-19,2,121.24
11166,50,17,2025-02-01,3,62.02
11167,126,44,2024-09-15,1,392.03
11168,280,83,2024-09-20,1,296.51
11169,346,83,2025-05-16,1,296.51
11170,448,109,2024-12-27,1,482.64
11171,191,37,2024-11-19,1,226.59
11172,131,15,2024-08-14,1,206.74
11173,415,42,2024-09-12,2,19.58
11174,184,17,2025-04-16,1,62.02
11175,150,132,2025-05-02,1,208.38
11176,320,50,2024-08-04,1,98.91
11177,143,88,2024-09-19,1,288.97
11178,98,105,2025-04-17,1,205.64
11179,148,26,2024-12-10,1,80.28
11180,363,146,2025-03-10,1,343.96
11181,167,16,2024-08-09,1,412.27
11182,429,99,2025-01-01,1,208.73
11183,353,38,2025-01-21,1,455.18
11184,326,139,2024-08-12,1,224.44
11185,339,111,2025-07-11,1,438.69
11186,324,130,2024-11-10,2,499.34
11187,273,72,2025-04-25,1,246.7
11188,362,31,2024-09-08,2,211.87
11189,469,17,2025-01-23,1,62.02
11190,210,136,2025-04-14,1,82.14
11191,242,50,2025-05-08,1,98.91
11192,4,136,2025-04-08,1,82.14
11193,436,77,2024-11-28,1,516.83
11194,478,21,2025-04-16,1,199.22
11195,201,43,2025-06-30,1,418.43
11196,496,136,2024-12-18,1,82.14
11197,121,146,2025-04-19,1,343.96
11198,373,84,2024-08-04,1,338.34
11199,167,34,2024-10-23,1,333.49
11200,295,70,2025-03-15,1,300.47
11201,257,18,2024-10-10,2,102.42
11202,365,112,2025-05-17,1,332.67
11203,113,39,2024-11-29,1,578.5
11204,287,51,2025-02-01,1,383.07
11205,112,49,2024-10-20,2,77.56
11206,360,145,2024-11-07,1,96.4
11207,500,68,2025-06-02,2,295.67
11208,227,44,2024-08-16,1,392.03
11209,412,127,2024-09-02,1,179.33
11210,49,88,2024-12-18,3,288.97
11211,277,2,2024-09-15,1,18.99
11212,55,149,2025-05-04,1,429.45
11213,463,71,2024-11-08,1,320.91
11214,444,17,2024-09-15,1,62.02
11215,467,57,2024-12-09,1,349.1
11216,105,122,2025-06-06,1,230.92
11217,327,56,2025-06-21,1,443.42
11218,102,7,2025-07-17,1,303.12
11219,397,8,2024-12-05,1,62.79
11220,490,55,2025-05-23,1,526.4
11221,485,112,2024-10-03,1,332.67
11222,202,64,2024-12-19,2,312.23
11223,288,116,2024-10-06,1,105.33
11224,210,110,2024-09-19,1,152.47
11225,301,76,2025-05-18,1,398.3
11226,232,133,2024-09-18,1,145.25
11227,27,53,2025-01-04,1,487.84
11228,72,40,2024-08-21,1,480.83
11229,372,11,2025-05-12,1,16.25
11230,126,127,2024-11-26,1,179.33
11231,193,32,2025-03-14,1,294.11
11232,78,26,2024-10-09,1,80.28
11233,155,7,2024-11-06,1,303.12
11234,461,96,2025-04-30,1,65.11
11235,364,114,2024-11-29,1,647.69
11236,491,100,2025-04-15,1,229.29
11237,486,111,2024-11-06,1,438.69
11238,147,134,2024-12-09,1,524.84
11239,10,110,2025-06-10,1,152.47
11240,9,96,2025-04-15,1,65.11
11241,312,147,2025-03-05,1,363.91
11242,306,115,2024-12-25,1,281.46
11243,398,64,2024-12-15,1,312.23
11244,39,105,2025-03-21,1,205.64
11245,123,93,2025-05-13,1,575.84
11246,458,11,2025-01-25,1,16.25
11247,23,95,2024-12-01,1,61.73
11248,319,83,2025-02-24,1,296.51
11249,59,95,2024-10-19,1,61.73
11250,314,124,2024-11-24,1,209.47
11251,141,33,2025-02-27,1,121.24
11252,234,50,2024-12-04,1,98.91
11253,69,89,2024-08-31,1,126.7
11254,446,129,2024-09-17,3,435.24
11255,437,64,2025-07-20,1,312.23
11256,39,136,2025-03-01,1,82.14
11257,461,37,2024-11-02,1,226.59
11258,449,111,2024-11-08,2,438.69
11259,145,11,2024-08-17,1,16.25
11260,215,3,2024-12-15,1,217.96
11261,56,81,2024-11-13,1,261.53
11262,285,117,2024-12-27,1,524.45
11263,237,28,2024-09-13,1,213.35
11264,366,3,2025-03-28,1,217.96
11265,481,144,2025-05-22,1,183.68
11266,275,16,2025-05-18,1,412.27
11267,266,91,2025-06-25,1,73.18
11268,202,150,2025-01-01,1,468.27
11269,217,128,2025-04-16,1,384.68
11270,229,99,2025-02-04,2,208.73
11271,30,76,2025-06-16,1,398.3
11272,120,39,2025-02-25,1,578.5
11273,219,87,2024-10-31,1,40.12
11274,375,84,2024-10-28,1,338.34
11275,60,31,2024-11-13,1,211.87
11276,77,82,2025-06-13,2,283.53
11277,67,112,2025-04-11,1,332.67
11278,402,38,2024-09-30,1,455.18
11279,384,9,2024-08-02,2,719.54
11280,227,111,2024-12-12,1,438.69
11281,364,45,2025-06-30,1,53.21
11282,115,142,2025-04-28,1,274.55
11283,290,63,2024-12-21,2,341.84
11284,348,39,2025-05-19,1,578.5
11285,133,20,2025-05-13,1,636.49
11286,95,66,2024-09-09,1,198.33
11287,61,38,2025-04-15,1,455.18
11288,227,37,2024-12-07,1,226.59
11289,448,45,2024-12-01,3,53.21
11290,389,93,2025-01-05,1,575.84
11291,452,92,2025-06-22,1,213.89
11292,239,48,2024-12-16,2,478.84
11293,116,1,2025-05-30,1,335.74
11294,277,139,2024-12-03,1,224.44
11295,247,1,2024-09-02,1,335.74
11296,320,2,2025-02-14,1,18.99
11297,346,147,2025-03-06,1,363.91
11298,202,146,2024-12-15,1,343.96
11299,468,11,2024-09-22,1,16.25
11300,267,102,2024-10-24,1,582.99
11301,60,73,2024-11-06,1,488.92
11302,388,26,2024-08-23,1,80.28
11303,225,136,2024-12-09,1,82.14
11304,147,30,2025-04-04,2,442.18
11305,421,20,2025-06-14,1,636.49
11306,160,124,2025-06-24,1,209.47
11307,369,52,2024-10-28,1,225.66
11308,350,41,2024-12-14,1,189.78
11309,237,9,2025-06-12,1,719.54
11310,266,19,2024-10-12,1,90.14
11311,194,11,2024-12-12,1,16.25
11312,224,126,2024-12-25,2,217.72
11313,346,88,2024-12-17,1,288.97
11314,357,125,2025-02-17,1,300.73
11315,210,132,2025-04-01,1,208.38
11316,116,141,2025-04-08,1,489.58
11317,27,105,2025-03-05,1,205.64
11318,59,117,2024-10-26,1,524.45
11319,264,72,2024-12-18,1,246.7
11320,436,75,2025-06-08,2,137.49
11321,476,89,2025-05-31,1,211.17
11322,200,52,2025-01-22,1,225.66
11323,364,76,2025-06-25,1,398.3
11324,49,38,2024-11-15,2,455.18
11325,135,102,2025-03-11,3,582.99
11326,409,63,2024-09-21,1,341.84
11327,274,22,2025-05-28,1,163.49
11328,344,87,2024-12-18,1,40.12
11329,253,97,2025-05-02,1,24.03
11330,352,43,2024-11-26,1,418.43
11331,452,88,2024-11-30,1,288.97
11332,362,40,2024-10-08,1,480.83
11333,386,19,2025-02-13,1,90.14
11334,33,82,2025-03-03,1,283.53
11335,210,40,2025-02-18,2,480.83
11336,266,112,2025-04-06,1,332.67
11337,79,77,2024-09-14,1,516.83
11338,358,66,2025-04-14,1,198.33
11339,324,7,2025-02-16,1,303.12
11340,119,32,2024-10-10,1,294.11
11341,479,138,2025-07-02,1,382.16
11342,50,148,2024-09-23,1,543.51
11343,227,71,2024-09-01,1,320.91
11344,176,139,2025-01-12,1,224.44
11345,167,26,2024-12-02,1,80.28
11346,176,97,2024-12-20,1,24.03
11347,30,57,2025-05-30,1,349.1
11348,219,54,2025-01-13,1,349.2
11349,87,54,2024-11-23,1,349.2
11350,107,2,2024-12-08,1,18.99
11351,470,119,2024-10-19,1,524.61
11352,4,48,2024-10-27,1,478.84
11353,286,149,2025-03-03,1,429.45
11354,333,110,2024-08-27,1,152.47
11355,60,30,2025-06-15,1,442.18
11356,346,149,2025-03-08,1,429.45
11357,140,51,2024-10-22,1,383.07
11358,298,95,2025-06-16,1,61.73
11359,461,20,2024-12-09,2,636.49
11360,129,146,2024-10-12,2,343.96
11361,468,65,2024-11-23,3,135.17
11362,389,45,2025-01-21,2,53.21
11363,452,56,2025-03-13,1,443.42
11364,229,20,2025-05-14,1,636.49
11365,71,110,2024-09-15,1,152.47
11366,286,27,2024-12-23,2,520.9
11367,316,24,2024-11-22,1,563.43
11368,338,57,2025-05-06,1,349.1
11369,370,89,2025-04-04,1,211.17
11370,191,134,2024-12-05,2,524.84
11371,181,74,2025-06-11,1,488.38
11372,498,76,2024-09-06,1,398.3
11373,148,19,2024-08-12,1,90.14
11374,7,106,2025-04-19,1,330.68
11375,260,86,2024-12-04,1,118.49
11376,160,113,2025-02-25,1,440.12
11377,363,150,2025-04-27,1,468.27
11378,437,33,2025-03-18,1,121.24
11379,485,145,2024-11-05,1,96.4
11380,43,129,2024-12-25,1,435.24
11381,241,129,2025-06-10,1,435.24
11382,295,94,2025-02-13,1,512.02
11383,202,137,2024-12-04,1,63.66
11384,478,89,2025-07-13,1,211.17
11385,457,50,2024-12-28,1,98.91
11386,28,111,2024-12-06,1,438.69
11387,190,54,2025-03-09,1,349.2
11388,125,14,2024-11-01,1,348.48
11389,369,118,2024-11-10,1,319.7
11390,491,1,2025-05-04,1,335.74
11391,85,78,2024-09-04,2,334.81
11392,305,14,2024-12-02,1,348.48
11393,176,147,2025-03-21,1,363.91
11394,471,98,2025-03-02,1,81.7
11395,456,78,2025-03-22,1,334.81
11396,486,147,2025-01-30,1,363.91
11397,217,42,2024-08-30,1,19.58
11398,39,47,2025-04-16,2,87.46
11399,46,55,2025-07-23,1,526.4
11400,395,44,2024-09-26,1,392.03
11401,70,122,2024-08-26,1,230.92
11402,227,13,2025-06-16,1,379.07
11403,322,136,2025-01-09,2,82.14
11404,45,5,2024-11-29,3,287.24
11405,30,1,2024-10-09,1,335.74
11406,429,32,2024-12-06,1,294.11
11407,276,113,2024-09-12,1,440.12
11408,440,11,2024-09-05,1,16.25
11409,84,69,2024-10-13,1,186.83
11410,362,43,2025-03-05,1,418.43
11411,281,25,2025-03-14,1,485.62
11412,457,104,2024-09-24,1,235.06
11413,446,48,2024-12-31,1,478.84
11414,460,27,2025-04-17,1,520.9
11415,262,108,2024-10-20,2,182.24
11416,307,11,2024-12-09,1,16.25
11417,346,33,2025-05-24,1,121.24
11418,176,11,2024-08-28,2,16.25
11419,494,21,2024-12-23,1,199.22
11420,303,22,2025-05-18,1,163.49
11421,159,58,2025-01-24,3,440.25
11422,324,61,2024-08-18,1,131.98
11423,39,62,2024-11-14,1,26.71
11424,132,118,2024-09-27,1,319.7
11425,155,97,2025-05-07,1,24.03
11426,242,23,2024-12-14,1,113.32
11427,342,46,2024-12-29,1,429.28
11428,40,34,2025-03-10,1,333.49
11429,39,45,2025-01-12,1,53.21
11430,101,119,2025-05-27,1,524.61
11431,149,20,2024-12-11,1,636.49
11432,27,148,2025-02-06,1,543.51
11433,87,100,2025-04-27,1,229.29
11434,160,4,2025-05-03,2,510.73
11435,30,20,2024-12-09,1,636.49
11436,38,20,2025-01-02,1,636.49
11437,49,145,2024-11-25,1,81.94
11438,169,83,2025-07-24,1,296.51
11439,205,57,2025-07-20,1,349.1
11440,489,45,2024-09-09,1,53.21
11441,132,36,2025-07-31,1,91.26
11442,10,13,2025-06-22,1,379.07
11443,24,58,2024-12-17,2,440.25
11444,258,69,2025-03-05,1,186.83
11445,358,43,2024-12-06,1,418.43
11446,432,63,2024-09-20,1,341.84
11447,424,32,2024-12-31,1,294.11
11448,324,50,2024-09-14,1,98.91
11449,46,128,2024-12-16,1,384.68
11450,10,149,2025-04-07,1,429.45
11451,459,82,2025-06-28,2,283.53
11452,452,13,2025-04-15,1,379.07
11453,62,77,2025-07-15,1,516.83
11454,477,99,2025-04-18,1,208.73
11455,199,43,2025-03-04,1,418.43
11456,429,55,2024-12-01,1,526.4
11457,397,79,2025-02-06,1,135.77
11458,31,99,2024-09-06,1,208.73
11459,49,137,2025-05-28,1,63.66
11460,106,144,2024-11-05,2,183.68
11461,92,72,2024-12-12,1,246.7
11462,156,105,2024-09-08,1,205.64
11463,212,35,2025-02-08,1,401.85
11464,23,124,2025-02-23,1,209.47
11465,385,85,2024-10-05,1,339.74
11466,151,24,2025-05-24,2,563.43
11467,70,11,2024-11-23,2,16.25
11468,39,86,2024-10-22,1,118.49
11469,461,138,2024-08-27,1,382.16
11470,352,95,2024-11-13,1,61.73
11471,87,53,2024-11-02,1,487.84
11472,360,86,2024-09-10,1,118.49
11473,348,80,2024-10-08,1,189.8
11474,433,109,2024-10-01,1,482.64
11475,39,81,2024-12-23,1,261.53
11476,39,65,2024-08-06,1,135.17
11477,377,144,2025-02-16,1,183.68
11478,194,139,2024-12-03,2,224.44
11479,101,109,2025-04-26,1,482.64
11480,28,5,2025-01-25,1,287.24
11481,488,1,2025-02-15,1,335.74
11482,362,31,2024-10-16,1,211.87
11483,331,31,2025-01-26,1,211.87
11484,454,145,2024-11-14,1,96.4
11485,420,104,2025-01-28,1,235.06
11486,275,11,2025-02-08,1,16.25
11487,493,55,2024-12-27,1,526.4
11488,308,130,2025-06-08,1,499.34
11489,462,7,2024-09-03,1,303.12
11490,241,28,2024-12-31,1,213.35
11491,427,80,2025-07-30,2,189.8
11492,119,125,2024-10-21,2,300.73
11493,176,124,2024-08-10,1,209.47
11494,30,128,2024-10-05,1,384.68
11495,57,44,2025-04-26,1,392.03
11496,346,109,2025-03-16,1,482.64
11497,440,129,2024-11-14,1,435.24
11498,167,137,2025-01-14,1,63.66
11499,202,55,2024-11-26,1,526.4
11500,101,101,2025-02-28,42,15.78
11501,488,69,2025-05-13,3,186.83
11502,363,103,2024-10-17,1,296.39
11503,310,87,2024-12-03,2,40.12
11504,396,74,2025-05-04,1,488.38
11505,68,80,2025-05-26,1,189.8
11506,76,144,2025-05-15,1,183.68
11507,257,63,2024-10-23,1,341.84
11508,485,3,2024-09-10,1,217.96
11509,117,69,2025-06-05,2,186.83
11510,106,1,2024-11-16,1,335.74
11511,176,116,2025-03-06,1,105.33
11512,118,93,2024-11-26,1,575.84
11513,279,54,2025-06-12,1,349.2
11514,293,12,2024-10-29,1,261.78
11515,107,116,2025-06-29,2,105.33
11516,126,11,2024-12-22,1,16.25
11517,163,110,2024-11-07,1,152.47
11518,167,119,2024-12-21,1,524.61
11519,315,49,2025-04-09,1,77.56
11520,217,149,2024-11-10,1,365.03
11521,452,120,2025-01-23,1,556.25
11522,121,48,2025-07-19,1,478.84
11523,217,43,2024-12-06,1,418.43
11524,265,120,2025-05-12,1,556.25
11525,219,52,2024-09-04,2,225.66
11526,138,58,2025-02-20,2,440.25
11527,84,9,2024-12-24,1,719.54
11528,181,133,2025-06-15,1,145.25
11529,424,52,2025-04-14,1,225.66
11530,352,55,2024-11-30,1,526.4
11531,107,14,2024-09-07,1,348.48
11532,488,49,2024-12-20,2,77.56
11533,393,116,2025-03-15,1,105.33
11534,290,79,2024-12-16,1,135.77
11535,45,55,2024-12-04,1,526.4
11536,215,81,2024-09-13,1,261.53
11537,190,89,2025-01-28,2,211.17
11538,153,27,2025-01-25,1,520.9
11539,351,22,2025-02-15,1,163.49
11540,343,139,2025-07-03,1,224.44
11541,470,4,2024-10-07,1,510.73
11542,454,140,2024-11-06,1,238.53
11543,52,105,2024-12-10,1,205.64
11544,489,129,2025-01-11,1,435.24
11545,330,29,2024-12-24,1,58.54
11546,466,51,2025-06-23,1,383.07
11547,360,44,2025-03-01,1,392.03
11548,227,57,2025-07-10,1,349.1
11549,358,144,2025-03-13,1,183.68
11550,373,34,2025-07-09,2,333.49
11551,464,85,2025-07-31,2,339.74
11552,224,120,2025-05-09,1,556.25
11553,304,40,2024-09-04,1,480.83
11554,217,2,2025-03-15,1,18.99
11555,362,124,2024-08-09,1,209.47
11556,162,125,2025-03-16,3,300.73
11557,50,82,2024-12-07,1,283.53
11558,324,67,2025-02-09,1,331.31
11559,113,42,2025-04-05,1,19.58
11560,426,90,2025-06-24,1,456.59
11561,259,116,2025-01-25,2,105.33
11562,158,53,2025-01-14,1,487.84
11563,191,97,2024-12-25,1,24.03
11564,260,102,2024-11-08,1,582.99
11565,55,56,2025-04-08,1,443.42
11566,492,63,2025-01-10,1,341.84
11567,183,132,2025-03-19,1,208.38
11568,350,146,2024-12-03,1,343.96
11569,375,73,2024-12-07,1,488.92
11570,435,67,2025-01-22,1,331.31
11571,221,68,2024-12-02,1,295.67
11572,463,144,2025-01-17,1,183.68
11573,479,13,2024-09-18,1,379.07
11574,170,13,2025-03-03,1,379.07
11575,395,145,2024-12-18,1,81.94
11576,215,144,2025-07-18,1,183.68
11577,158,125,2025-01-04,1,300.73
11578,216,81,2025-02-14,1,261.53
11579,165,125,2024-08-07,1,300.73
11580,170,67,2025-07-10,1,331.31
11581,159,41,2025-01-11,1,189.78
11582,135,24,2025-07-30,2,563.43
11583,177,74,2024-12-23,2,488.38
11584,397,120,2024-11-27,1,556.25
11585,181,67,2024-09-23,1,331.31
11586,243,131,2025-05-22,1,625.36
11587,484,146,2025-05-22,1,343.96
11588,448,123,2024-09-04,2,79.03
11589,151,57,2024-10-13,1,349.1
11590,224,93,2024-10-29,1,575.84
11591,3,44,2024-09-04,1,392.03
11592,37,129,2024-11-09,1,435.24
11593,417,69,2025-06-04,1,186.83
11594,9,51,2024-12-23,1,383.07
11595,432,121,2024-11-01,1,538.87
11596,395,123,2025-05-29,1,79.03
11597,177,17,2025-07-16,1,62.02
11598,159,99,2024-10-11,2,208.73
11599,189,147,2025-03-28,1,363.91
11600,291,120,2025-03-09,1,556.25
11601,292,93,2025-06-20,1,575.84
11602,437,124,2025-01-06,1,209.47
11603,485,111,2024-11-17,1,438.69
11604,158,38,2025-05-01,1,455.18
11605,141,147,2024-12-27,2,363.91
11606,164,96,2025-07-01,2,65.11
11607,26,46,2025-04-28,1,429.28
11608,280,29,2024-11-09,3,58.54
11609,212,140,2025-07-28,1,238.53
11610,463,128,2024-12-03,1,384.68
11611,471,72,2025-05-14,1,246.7
11612,482,97,2025-01-14,1,24.03
11613,263,46,2024-11-23,1,429.28
11614,194,34,2024-09-23,1,333.49
11615,194,135,2025-03-18,1,416.04
11616,7,119,2025-03-20,1,524.61
11617,223,37,2025-05-31,2,226.59
11618,230,96,2025-06-07,1,65.11
11619,342,120,2025-03-16,1,556.25
11620,445,19,2025-03-13,1,90.14
11621,113,21,2024-11-04,1,199.22
11622,97,89,2024-08-07,1,211.17
11623,438,150,2025-06-26,1,468.27
11624,388,14,2025-06-02,1,348.48
11625,362,81,2024-10-29,1,261.53
11626,111,86,2025-03-27,1,118.49
11627,45,121,2025-02-24,1,538.87
11628,106,57,2025-03-01,1,349.1
11629,383,130,2024-12-11,1,499.34
11630,288,125,2025-01-06,1,300.73
11631,193,58,2025-03-20,1,440.25
11632,396,32,2024-10-30,1,294.11
11633,468,89,2024-12-31,1,211.17
11634,75,21,2025-01-13,1,199.22
11635,222,14,2025-04-24,1,348.48
11636,44,65,2024-11-27,1,135.17
11637,166,104,2025-01-24,1,235.06
11638,172,15,2025-03-24,1,206.74
11639,157,19,2025-03-04,1,90.14
11640,399,15,2025-04-30,1,206.74
11641,81,104,2025-06-08,2,235.06
11642,188,132,2024-11-23,1,208.38
11643,35,147,2025-03-08,1,363.91
11644,98,47,2025-06-17,1,87.46
11645,180,140,2025-01-24,1,238.53
11646,424,60,2025-07-19,1,190.26
11647,253,92,2024-11-14,1,213.89
11648,385,119,2025-05-23,1,524.61
11649,471,85,2025-02-01,1,339.74
11650,204,114,2025-01-12,2,582.92
11651,386,111,2025-01-21,1,438.69
11652,70,133,2025-06-23,1,145.25
11653,299,104,2024-11-07,1,235.06
11654,195,44,2024-11-12,1,392.03
11655,162,119,2024-12-16,1,393.46
11656,213,109,2024-10-14,1,482.64
11657,319,38,2025-02-10,1,455.18
11658,219,126,2025-06-20,1,217.72
11659,90,101,2024-12-07,1,15.78
11660,466,69,2024-11-19,1,186.83
11661,129,33,2024-08-13,1,121.24
11662,324,134,2025-05-12,3,524.84
11663,157,137,2024-12-21,1,63.66
11664,119,126,2025-07-22,1,217.72
11665,189,10,2025-04-27,1,394.66
11666,386,9,2025-06-09,1,719.54
11667,272,127,2025-07-26,1,179.33
11668,166,128,2025-02-17,1,384.68
11669,215,74,2024-12-02,2,488.38
11670,219,48,2024-12-07,2,478.84
11671,305,15,2025-02-01,1,206.74
11672,1,55,2025-02-05,1,526.4
11673,424,78,2024-12-01,1,334.81
11674,246,76,2024-08-02,1,398.3
11675,179,126,2024-11-27,1,217.72
11676,291,100,2024-11-24,1,229.29
11677,141,93,2024-10-21,1,575.84
11678,101,97,2025-03-09,2,24.03
11679,269,22,2025-06-10,1,163.49
11680,145,96,2025-02-01,1,65.11
11681,136,62,2024-09-17,1,26.71
11682,202,60,2025-02-04,1,190.26
11683,167,81,2025-03-02,1,261.53
11684,469,129,2025-05-04,2,435.24
11685,438,119,2025-05-02,2,524.61
11686,349,143,2024-12-28,1,385.7
11687,469,108,2024-11-16,2,182.24
11688,212,67,2025-02-14,1,331.31
11689,402,47,2025-05-03,2,87.46
11690,106,139,2024-10-30,1,224.44
11691,193,100,2025-07-07,1,229.29
11692,83,104,2024-11-16,1,235.06
11693,396,103,2024-11-12,1,296.39
11694,121,85,2025-05-11,1,339.74
11695,391,143,2024-08-22,1,385.7
11696,490,100,2024-10-17,2,229.29
11697,362,116,2024-08-08,1,105.33
11698,231,7,2024-11-15,1,303.12
11699,155,25,2025-02-24,1,485.62
11700,119,114,2024-12-24,1,647.69
11701,155,16,2025-05-20,1,412.27
11702,468,5,2024-09-16,1,287.24
11703,336,62,2024-12-01,2,26.71
11704,18,129,2025-07-15,1,435.24
11705,300,78,2024-09-18,1,334.81
11706,468,39,2025-07-20,1,578.5
11707,135,116,2025-02-27,1,105.33
11708,494,32,2025-02-09,1,294.11
11709,156,13,2024-10-13,1,379.07
11710,70,14,2025-01-04,1,348.48
11711,364,128,2025-01-17,1,384.68
11712,205,81,2025-02-10,1,261.53
11713,381,85,2025-05-22,1,339.74
11714,489,45,2025-04-19,1,53.21
11715,96,52,2025-03-07,1,225.66
11716,326,7,2024-11-02,2,303.12
11717,166,68,2024-08-04,1,295.67
11718,330,40,2025-05-30,1,480.83
11719,291,147,2024-09-23,1,363.91
11720,157,41,2024-11-11,3,189.78
11721,191,105,2024-12-21,1,205.64
11722,217,110,2025-06-17,1,152.47
11723,263,140,2025-05-06,1,238.53
11724,188,75,2024-11-22,1,137.49
11725,327,38,2025-03-09,1,455.18
11726,39,138,2024-12-19,1,382.16
11727,113,53,2024-11-17,1,487.84
11728,320,148,2025-05-20,1,543.51
11729,242,131,2024-12-15,1,625.36
11730,117,113,2025-02-08,1,440.12
11731,163,22,2024-12-03,1,163.49
11732,410,120,2025-03-11,1,556.25
11733,360,65,2024-12-08,3,135.17
11734,167,132,2025-07-03,1,208.38
11735,44,79,2024-10-02,1,135.77
11736,23,79,2024-09-11,1,135.77
11737,140,47,2025-01-30,1,87.46
11738,307,1,2024-09-03,1,335.74
11739,386,43,2024-12-28,1,418.43
11740,370,73,2025-05-24,1,488.92
11741,125,144,2024-11-01,1,183.68
11742,168,149,2024-09-06,2,429.45
11743,425,44,2025-07-01,1,392.03
11744,144,60,2024-10-20,1,190.26
11745,232,7,2025-03-09,1,303.12
11746,277,32,2024-10-09,1,294.11
11747,467,59,2025-06-04,1,122.16
11748,24,77,2025-06-04,1,516.83
11749,467,130,2024-08-28,1,499.34
11750,456,29,2025-02-04,2,58.54
11751,485,115,2024-10-26,1,281.46
11752,310,4,2025-06-04,1,510.73
11753,328,130,2024-12-01,1,499.34
11754,220,59,2024-12-30,1,122.16
11755,106,134,2025-01-29,1,524.84
11756,444,117,2024-12-15,1,524.45
11757,121,51,2025-04-26,1,383.07
11758,378,89,2025-04-25,2,211.17
11759,260,130,2024-12-09,1,499.34
11760,93,123,2024-12-26,1,79.03
11761,12,2,2025-07-02,1,18.99
11762,134,126,2024-10-05,1,217.72
11763,24,135,2024-08-11,1,416.04
11764,242,25,2024-12-18,1,485.62
11765,487,77,2025-07-05,1,516.83
11766,452,137,2025-05-27,1,63.66
11767,237,80,2025-01-09,1,189.8
11768,166,85,2025-03-27,1,339.74
11769,250,149,2024-09-23,1,429.45
11770,317,137,2024-12-26,2,63.66
11771,196,60,2025-05-18,1,190.26
11772,322,62,2024-09-06,2,26.71
11773,354,18,2024-08-06,1,102.42
11774,190,113,2025-07-30,1,440.12
11775,392,55,2025-04-29,2,526.4
11776,268,127,2024-11-15,1,179.33
11777,216,71,2024-12-21,1,320.91
11778,188,67,2025-02-24,1,331.31
11779,159,137,2024-11-21,1,63.66
11780,293,57,2025-03-29,1,349.1
11781,319,19,2024-10-15,1,90.14
11782,470,71,2024-09-24,1,320.91
11783,194,11,2024-11-07,1,16.25
11784,308,114,2025-06-01,1,647.69
11785,412,141,2025-06-24,1,489.58
11786,298,85,2025-06-17,1,339.74
11787,462,125,2025-01-04,1,300.73
11788,342,70,2024-12-05,1,300.47
11789,200,94,2024-09-29,1,512.02
11790,136,8,2024-10-10,1,62.79
11791,158,85,2025-07-29,1,339.74
11792,356,116,2025-03-14,1,105.33
11793,461,72,2024-11-20,1,246.7
11794,163,8,2024-09-20,1,62.79
11795,178,100,2024-09-05,1,229.29
11796,304,87,2024-10-16,1,40.12
11797,140,97,2025-06-28,1,24.03
11798,330,102,2024-12-06,1,582.99
11799,20,143,2025-04-07,1,385.7
11800,110,40,2024-12-16,1,480.83
11801,199,56,2025-04-21,1,443.42
11802,380,41,2025-06-10,1,189.78
11803,114,126,2025-01-31,1,217.72
11804,216,118,2025-02-04,1,319.7
11805,489,134,2025-02-20,1,524.84
11806,339,66,2025-01-25,1,198.33
11807,212,52,2024-12-27,1,225.66
11808,190,66,2024-08-16,2,198.33
11809,286,4,2024-12-09,1,510.73
11810,346,20,2025-06-05,46,636.49
11811,354,136,2025-01-03,1,82.14
11812,346,131,2025-01-16,1,625.36
11813,323,84,2025-04-08,1,338.34
11814,263,132,2025-03-26,1,208.38
11815,158,18,2025-03-02,1,102.42
11816,498,15,2025-03-19,1,206.74
11817,3,88,2025-02-14,1,288.97
11818,107,75,2025-07-18,2,137.49
11819,75,118,2025-01-23,1,319.7
11820,417,76,2025-05-25,1,398.3
11821,483,93,2024-08-11,1,575.84
11822,27,148,2025-01-08,1,543.51
11823,408,69,2025-06-24,1,186.83
11824,40,115,2024-11-18,1,281.46
11825,250,45,2025-04-17,1,53.21
11826,133,34,2025-02-15,1,333.49
11827,172,147,2025-03-25,1,363.91
11828,144,76,2025-02-27,2,398.3
11829,334,116,2024-09-05,1,105.33
11830,173,132,2024-12-14,1,208.38
11831,81,111,2025-01-17,1,438.69
11832,320,70,2025-03-03,1,300.47
11833,385,42,2025-02-14,2,19.58
11834,467,115,2025-05-01,1,281.46
11835,484,142,2025-06-29,1,274.55
11836,484,35,2025-05-26,1,401.85
11837,409,35,2025-02-24,1,401.85
11838,115,69,2025-04-29,3,186.83
11839,396,70,2025-02-05,1,300.47
11840,206,41,2024-11-25,1,189.78
11841,286,6,2024-12-21,1,120.34
11842,1,126,2025-03-02,1,217.72
11843,49,80,2025-04-29,1,189.8
11844,189,36,2025-05-17,1,91.26
11845,10,101,2025-04-10,1,15.78
11846,280,36,2024-10-03,1,91.26
11847,255,22,2024-12-09,1,163.49
11848,157,75,2024-09-18,1,137.49
11849,212,102,2025-01-04,1,582.99
11850,428,114,2024-12-18,1,647.69
11851,129,41,2025-03-16,1,189.78
11852,61,77,2024-08-24,1,516.83
11853,488,21,2024-10-02,1,199.22
11854,199,5,2025-03-05,1,287.24
11855,240,114,2025-06-07,1,647.69
11856,183,2,2025-05-27,1,18.99
11857,105,146,2024-10-22,1,343.96
11858,170,129,2025-05-15,1,435.24
11859,147,124,2025-01-04,1,209.47
11860,419,22,2024-11-14,1,163.49
11861,188,43,2024-12-11,1,418.43
11862,198,16,2025-06-03,1,412.27
11863,291,8,2025-02-08,1,62.79
11864,414,86,2025-02-27,1,118.49
11865,61,111,2024-12-03,1,438.69
11866,211,95,2025-01-13,2,61.73
11867,242,61,2024-10-13,2,131.98
11868,182,6,2025-05-30,1,120.34
11869,423,94,2025-04-11,2,512.02
11870,470,38,2025-05-13,1,455.18
11871,124,136,2025-02-22,1,82.14
11872,232,51,2025-06-22,1,383.07
11873,469,85,2024-12-27,1,339.74
11874,129,99,2025-07-25,1,208.73
11875,106,16,2024-10-20,1,412.27
11876,245,94,2024-08-31,1,512.02
11877,117,73,2024-10-01,1,488.92
11878,24,56,2024-09-20,1,443.42
11879,345,79,2025-03-27,1,135.77
11880,295,22,2025-03-13,1,163.49
11881,164,79,2025-01-14,1,135.77
11882,39,49,2024-12-30,1,77.56
11883,26,134,2024-11-16,1,524.84
11884,463,125,2025-06-19,1,300.73
11885,498,110,2025-03-13,1,137.22
11886,444,96,2025-01-26,1,65.11
11887,487,70,2024-09-06,1,300.47
11888,266,75,2024-11-27,1,137.49
11889,120,130,2025-03-04,1,499.34
11890,164,101,2025-04-05,1,15.78
11891,403,90,2025-03-03,1,456.59
11892,360,27,2024-12-23,1,520.9
11893,199,97,2025-04-20,1,24.03
11894,238,79,2025-07-01,2,135.77
11895,357,58,2024-11-13,1,440.25
11896,242,133,2024-09-25,1,145.25
11897,143,105,2024-11-30,1,205.64
11898,242,14,2025-03-30,2,348.48
11899,402,64,2024-10-09,1,312.23
11900,447,98,2025-07-11,2,81.7
11901,211,47,2025-03-13,1,87.46
11902,481,95,2025-01-13,1,61.73
11903,96,105,2024-08-03,1,205.64
11904,185,26,2025-06-22,1,80.28
11905,396,84,2025-06-30,1,338.34
11906,1,95,2024-12-21,1,61.73
11907,215,83,2024-11-23,2,296.51
11908,454,100,2024-09-07,1,229.29
11909,118,45,2025-07-07,2,53.21
11910,490,76,2024-12-01,1,398.3
11911,78,14,2025-04-23,1,348.48
11912,224,110,2025-01-18,1,152.47
11913,168,24,2024-11-04,1,563.43
11914,114,32,2024-12-30,1,294.11
11915,208,70,2025-02-07,1,300.47
11916,188,56,2024-09-26,1,443.42
11917,228,32,2025-04-12,1,294.11
11918,288,52,2025-02-08,1,225.66
11919,331,34,2024-12-15,1,333.49
11920,219,63,2025-06-02,1,341.84
11921,327,146,2025-02-21,1,343.96
11922,424,82,2025-03-09,1,283.53
11923,359,54,2024-09-02,1,349.2
11924,299,42,2025-02-02,1,19.58
11925,198,127,2025-05-27,1,179.33
11926,432,1,2025-04-24,1,335.74
11927,256,27,2025-01-19,1,520.9
11928,257,121,2024-10-28,1,538.87
11929,315,127,2024-11-10,1,179.33
11930,377,23,2024-12-07,1,113.32
11931,286,150,2024-09-27,1,468.27
11932,109,124,2024-12-16,1,209.47
11933,205,11,2024-09-15,2,16.25
11934,327,29,2025-01-11,1,58.54
11935,498,16,2024-12-06,1,412.27
11936,64,96,2024-10-12,1,65.11
11937,147,43,2025-03-19,1,418.43
11938,463,18,2024-08-02,1,102.42
11939,196,137,2024-10-25,1,63.66
11940,353,99,2025-03-15,1,208.73
11941,110,135,2025-05-13,2,416.04
11942,33,101,2025-07-04,1,15.78
11943,74,38,2025-06-04,1,455.18
11944,22,119,2024-08-10,1,524.61
11945,449,74,2025-04-18,1,488.38
11946,129,101,2024-10-01,1,15.78
11947,483,74,2024-11-07,1,488.38
11948,239,6,2025-07-30,1,120.34
11949,298,111,2025-06-25,1,438.69
11950,232,109,2025-06-21,1,482.64
11951,191,113,2024-09-05,1,440.12
11952,242,54,2025-01-03,1,349.2
11953,439,126,2024-09-08,1,217.72
11954,131,32,2024-12-27,1,294.11
11955,406,46,2024-12-11,1,429.28
11956,134,118,2024-09-28,1,319.7
11957,476,23,2024-11-06,1,113.32
11958,212,73,2024-10-21,1,488.92
11959,118,44,2024-12-15,1,392.03
11960,492,40,2024-12-13,1,480.83
11961,282,6,2025-06-03,2,120.34
11962,78,146,2024-10-28,1,343.96
11963,180,131,2025-05-24,1,625.36
11964,188,105,2024-12-04,1,205.64
11965,40,73,2024-12-11,2,488.92
11966,9,71,2025-02-06,1,320.91
11967,424,27,2025-02-17,1,520.9
11968,15,63,2024-11-17,1,341.84
11969,477,22,2024-08-30,1,163.49
11970,21,137,2025-02-19,1,63.66
11971,388,37,2024-09-21,1,226.59
11972,35,112,2025-01-28,1,332.67
11973,395,52,2025-02-14,1,225.66
11974,60,54,2025-01-13,1,349.2
11975,477,109,2024-11-24,1,482.64
11976,401,71,2025-02-14,1,320.91
11977,158,118,2024-11-04,1,319.7
11978,140,94,2024-11-20,1,512.02
11979,194,81,2025-05-19,2,261.53
11980,324,114,2024-09-30,2,647.69
11981,470,11,2025-04-16,1,16.25
11982,237,20,2024-12-04,1,636.49
11983,346,98,2025-02-05,2,81.7
11984,340,124,2024-12-21,1,209.47
11985,17,33,2025-05-17,1,121.24
11986,310,51,2025-04-19,1,383.07
11987,114,29,2024-10-28,1,58.54
11988,295,90,2025-06-10,1,456.59
11989,227,148,2024-10-31,1,543.51
11990,250,110,2025-06-03,1,152.47
11991,492,70,2024-10-11,1,300.47
11992,437,47,2025-05-03,1,87.46
11993,225,141,2024-10-29,1,489.58
11994,171,85,2024-10-02,1,339.74
11995,39,108,2024-08-17,1,182.24
11996,293,131,2024-08-10,1,625.36
11997,286,124,2025-03-21,1,209.47
11998,154,7,2025-03-04,1,303.12
11999,395,102,2024-12-30,2,582.99
12000,481,146,2024-08-10,1,343.96
12001,279,25,2025-05-20,1,364.22
12002,468,135,2025-03-21,1,416.04
12003,147,85,2024-12-21,1,339.74
12004,64,135,2025-06-25,1,416.04
12005,432,96,2024-12-05,1,65.11
12006,223,121,2025-07-25,2,538.87
12007,266,110,2025-04-28,1,152.47
12008,400,4,2025-06-23,1,510.73
12009,41,140,2025-03-06,1,238.53
12010,420,20,2024-12-10,3,636.49
12011,394,82,2024-09-19,1,283.53
12012,62,5,2024-09-01,1,287.24
12013,135,99,2025-05-10,1,208.73
12014,388,37,2024-12-07,1,226.59
12015,49,47,2024-10-28,1,87.46
12016,29,68,2025-03-17,1,295.67
12017,477,73,2024-11-05,1,488.92
12018,423,30,2024-12-23,1,442.18
12019,193,8,2025-01-14,1,62.79
12020,481,142,2024-10-06,1,274.55
12021,252,116,2024-10-05,1,105.33
12022,491,34,2025-04-10,1,333.49
12023,12,92,2024-11-01,1,213.89
12024,373,103,2024-12-08,1,296.39
12025,395,100,2024-11-04,1,229.29
12026,212,1,2024-12-23,2,335.74
12027,316,2,2024-11-25,1,17.09
12028,63,147,2024-11-06,2,363.91
12029,224,49,2025-07-08,2,77.56
12030,356,17,2024-12-05,2,62.02
12031,50,85,2025-01-07,1,339.74
12032,217,97,2025-04-01,1,24.03
12033,238,68,2024-12-04,1,295.67
12034,117,139,2024-10-30,1,224.44
12035,359,85,2024-12-02,1,339.74
12036,117,28,2025-06-24,1,213.35
12037,26,147,2025-01-10,2,363.91
12038,190,76,2025-06-27,1,398.3
12039,330,149,2024-12-27,1,429.45
12040,410,80,2024-09-04,2,189.8
12041,21,137,2025-05-19,1,63.66
12042,60,2,2025-03-11,1,18.99
12043,98,122,2025-05-21,2,230.92
12044,489,19,2024-12-27,1,90.14
12045,50,28,2025-05-27,1,213.35
12046,51,137,2024-09-03,1,63.66
12047,64,149,2025-05-14,1,429.45
12048,156,137,2025-03-13,1,63.66
12049,167,124,2025-06-20,1,209.47
12050,483,143,2025-06-19,1,385.7
12051,388,109,2025-06-13,1,482.64
12052,219,71,2024-11-18,2,320.91
12053,496,118,2025-05-20,1,319.7
12054,450,29,2025-05-26,1,58.54
12055,453,95,2025-01-28,1,61.73
12056,19,118,2025-05-19,1,319.7
12057,468,35,2025-06-20,1,401.85
12058,305,34,2024-10-09,1,333.49
12059,246,92,2024-10-03,1,213.89
12060,436,87,2024-08-16,1,40.12
12061,127,146,2024-12-09,1,343.96
12062,33,24,2025-06-02,1,563.43
12063,107,69,2024-11-02,2,186.83
12064,72,44,2025-01-12,1,392.03
12065,217,148,2025-05-28,1,543.51
12066,461,146,2024-12-08,1,343.96
12067,12,75,2024-08-05,1,137.49
12068,149,2,2024-12-14,1,18.99
12069,445,59,2024-12-18,1,122.16
12070,415,2,2024-10-29,1,18.99
12071,389,36,2024-12-29,3,91.26
12072,396,102,2025-02-18,1,582.99
12073,221,115,2025-06-14,1,281.46
12074,369,107,2025-04-22,1,68.9
12075,134,49,2025-01-24,1,77.56
12076,82,109,2024-10-03,2,482.64
12077,469,136,2024-09-02,1,82.14
12078,316,17,2024-11-20,1,62.02
12079,268,79,2024-12-10,1,135.77
12080,146,39,2024-11-29,1,578.5
12081,215,80,2025-03-10,2,189.8
12082,445,79,2025-04-05,2,135.77
12083,159,18,2024-11-17,1,102.42
12084,28,104,2024-10-06,2,235.06
12085,308,51,2025-04-04,2,383.07
12086,375,5,2024-11-14,1,287.24
12087,148,90,2024-08-05,2,456.59
12088,469,92,2025-06-03,1,213.89
12089,49,61,2025-04-02,1,131.98
12090,430,33,2025-04-19,1,121.24
12091,414,74,2025-02-28,1,488.38
12092,352,149,2025-06-02,1,429.45
12093,27,5,2024-12-14,1,287.24
12094,279,5,2024-12-18,1,287.24
12095,48,69,2024-09-16,1,186.83
12096,335,30,2024-10-27,1,442.18
12097,436,33,2024-11-26,1,121.24
12098,166,50,2024-12-04,1,98.91
12099,49,114,2024-08-26,1,647.69
12100,306,136,2025-05-21,1,82.14
12101,460,134,2024-12-16,1,524.84
12102,206,54,2024-09-06,1,349.2
12103,198,51,2025-02-10,1,383.07
12104,452,25,2025-06-08,1,485.62
12105,24,71,2024-11-30,1,320.91
12106,219,143,2025-05-21,1,385.7
12107,49,94,2025-03-14,1,512.02
12108,330,38,2025-07-24,1,455.18
12109,117,55,2024-11-23,1,526.4
12110,153,49,2025-01-20,1,77.56
12111,460,111,2025-02-22,3,438.69
12112,436,49,2024-08-09,1,77.56
12113,50,95,2025-02-18,1,61.73
12114,127,79,2024-09-09,1,135.77
12115,217,23,2025-04-14,1,113.32
12116,298,150,2024-11-13,1,468.27
12117,492,6,2024-11-09,1,120.34
12118,461,109,2025-06-20,1,482.64
12119,470,19,2025-03-01,2,90.14
12120,498,48,2024-10-21,1,478.84
12121,241,17,2025-06-01,1,62.02
12122,123,111,2025-05-06,1,438.69
12123,452,120,2025-03-24,2,556.25
12124,461,34,2024-09-01,1,333.49
12125,375,108,2024-12-31,1,182.24
12126,38,111,2024-11-02,1,438.69
12127,191,130,2025-06-06,1,499.34
12128,344,120,2025-01-14,1,556.25
12129,291,87,2025-05-09,1,40.12
12130,55,114,2025-04-02,1,647.69
12131,225,28,2025-07-03,1,213.35
12132,256,74,2024-12-05,1,488.38
12133,39,1,2024-11-08,1,335.74
12134,297,141,2024-12-13,1,489.58
12135,149,114,2024-10-20,1,647.69
12136,327,32,2025-05-02,1,294.11
12137,180,107,2025-04-27,1,68.9
12138,296,89,2025-02-08,1,211.17
12139,441,119,2025-05-30,1,524.61
12140,21,107,2025-03-31,1,68.9
12141,243,117,2025-02-03,1,524.45
12142,296,23,2025-06-04,2,113.32
12143,147,116,2024-11-21,1,105.33
12144,96,144,2025-05-12,1,183.68
12145,164,127,2025-03-12,1,179.33
12146,180,134,2025-07-08,1,524.84
12147,377,19,2024-10-15,1,90.14
12148,396,65,2024-10-30,1,135.17
12149,469,72,2024-11-23,1,246.7
12150,217,120,2024-09-23,1,556.25
12151,194,114,2024-11-08,1,647.69
12152,342,1,2025-01-01,1,335.74
12153,296,51,2024-10-20,1,383.07
12154,386,120,2025-07-07,1,556.25
12155,59,126,2025-04-13,1,217.72
12156,225,94,2024-12-20,1,512.02
12157,35,110,2025-01-12,1,152.47
12158,239,35,2025-07-17,1,401.85
12159,398,44,2025-04-24,1,392.03
12160,190,42,2025-04-03,1,19.58
12161,24,117,2024-09-25,1,524.45
12162,330,136,2024-12-12,1,82.14
12163,193,45,2025-03-11,1,53.21
12164,121,135,2024-11-17,1,416.04
12165,460,6,2025-02-09,1,120.34
12166,287,50,2024-12-30,1,98.91
12167,158,66,2025-01-17,2,198.33
12168,418,68,2024-11-21,1,295.67
12169,420,58,2025-03-16,1,440.25
12170,331,126,2025-05-21,1,217.72
12171,487,107,2024-11-26,1,68.9
12172,485,133,2024-10-15,1,145.25
12173,126,112,2024-10-27,1,332.67
12174,31,58,2025-01-24,2,440.25
12175,430,72,2024-11-20,1,246.7
12176,217,113,2024-11-14,1,440.12
12177,169,71,2025-06-24,1,320.91
12178,465,1,2024-12-26,1,335.74
12179,196,113,2024-08-26,1,440.12
12180,398,126,2024-10-24,1,217.72
12181,316,34,2024-12-27,1,333.49
12182,469,148,2025-06-21,1,543.51
12183,386,78,2025-03-31,1,334.81
12184,293,129,2025-03-02,2,435.24
12185,162,1,2024-10-23,3,335.74
12186,320,86,2024-12-17,1,118.49
12187,351,43,2025-05-28,2,418.43
12188,114,140,2025-02-26,1,238.53
12189,80,71,2025-05-20,1,320.91
12190,144,79,2024-11-27,1,135.77
12191,170,45,2025-02-03,1,53.21
12192,89,121,2025-04-27,1,538.87
12193,451,141,2025-03-20,1,489.58
12194,95,15,2025-06-10,1,206.74
12195,215,126,2024-12-13,1,217.72
12196,123,97,2024-12-03,1,24.03
12197,446,86,2025-01-11,2,118.49
12198,481,120,2025-04-03,1,556.25
12199,437,131,2025-04-02,1,625.36
12200,218,115,2024-11-30,1,281.46
12201,37,53,2024-10-20,1,487.84
12202,8,139,2024-11-22,1,224.44
12203,330,135,2025-04-21,1,416.04
12204,481,87,2025-02-06,1,40.12
12205,288,119,2025-06-14,1,524.61
12206,202,140,2025-04-23,1,238.53
12207,380,138,2024-11-22,1,382.16
12208,288,119,2024-11-04,1,524.61
12209,158,22,2025-01-11,1,163.49
12210,33,70,2024-09-28,1,300.47
12211,277,80,2025-02-11,1,189.8
12212,388,113,2025-02-03,1,440.12
12213,177,21,2024-12-20,1,199.22
12214,341,51,2024-11-03,1,383.07
12215,10,132,2025-03-29,1,208.38
12216,454,142,2024-10-08,1,274.55
12217,223,41,2024-11-28,1,189.78
12218,231,144,2025-02-25,1,183.68
12219,23,26,2024-11-12,1,80.28
12220,171,125,2024-11-08,1,300.73
12221,481,123,2025-03-30,1,79.03
12222,484,148,2024-10-20,1,543.51
12223,61,148,2025-07-27,1,543.51
12224,171,91,2025-04-26,1,73.18
12225,452,69,2025-05-10,3,186.83
12226,13,144,2024-11-06,1,183.68
12227,327,82,2025-03-06,1,283.53
12228,251,88,2025-03-22,2,288.97
12229,246,32,2024-12-05,1,294.11
12230,196,102,2025-02-14,1,582.99
12231,211,44,2025-05-19,1,274.42
12232,322,14,2024-12-28,1,348.48
12233,232,119,2025-06-04,1,524.61
12234,53,38,2025-06-10,1,455.18
12235,278,97,2024-11-02,1,24.03
12236,200,2,2024-10-15,1,18.99
12237,408,40,2024-10-15,1,480.83
12238,478,16,2024-10-21,3,412.27
12239,93,77,2025-02-14,1,516.83
12240,182,136,2025-07-10,1,82.14
12241,298,114,2025-01-27,1,647.69
12242,395,40,2024-10-01,1,480.83
12243,477,53,2025-03-15,1,487.84
12244,9,147,2025-05-27,1,363.91
12245,461,66,2025-03-15,3,198.33
12246,457,2,2025-06-23,1,18.99
12247,425,97,2025-05-11,1,24.03
12248,291,82,2025-07-31,1,283.53
12249,53,118,2024-11-11,1,319.7
12250,166,25,2025-02-17,1,485.62
12251,132,8,2025-06-17,1,62.79
12252,33,131,2025-01-26,1,625.36
12253,42,77,2024-11-06,1,516.83
12254,106,19,2025-03-18,2,90.14
12255,52,5,2024-10-05,3,287.24
12256,117,36,2025-01-10,2,91.26
12257,313,11,2024-12-03,1,16.25
12258,181,73,2024-11-02,1,488.92
12259,305,4,2024-11-23,1,510.73
12260,95,141,2024-09-27,1,489.58
12261,164,103,2025-05-21,1,296.39
12262,133,107,2024-09-13,1,68.9
12263,126,78,2024-09-22,1,334.81
12264,454,149,2025-05-17,1,429.45
12265,500,106,2025-04-28,1,330.68
12266,242,9,2024-11-19,2,719.54
12267,477,115,2025-05-14,1,281.46
12268,464,75,2025-04-14,1,137.49
12269,427,148,2025-03-05,1,543.51
12270,387,11,2024-11-10,2,16.25
12271,49,47,2025-03-06,1,87.46
12272,55,130,2025-02-28,1,499.34
12273,413,61,2025-01-15,1,131.98
12274,350,25,2024-08-02,1,485.62
12275,215,41,2025-03-15,1,189.78
12276,205,139,2025-07-04,2,224.44
12277,472,57,2024-08-07,1,349.1
12278,415,150,2024-10-31,1,468.27
12279,467,41,2025-04-28,2,189.78
12280,452,59,2024-11-17,1,122.16
12281,194,34,2025-04-15,1,333.49
12282,46,134,2025-06-19,1,524.84
12283,242,61,2025-04-27,1,112.18
12284,22,88,2024-12-26,2,288.97
12285,397,82,2024-09-13,1,283.53
12286,115,31,2024-09-29,1,180.09
12287,50,42,2024-09-30,1,19.58
12288,164,126,2024-09-14,1,217.72
12289,422,120,2025-03-12,1,556.25
12290,389,147,2025-06-28,1,363.91
12291,364,83,2025-07-27,1,296.51
12292,102,143,2024-08-24,2,385.7
12293,404,61,2025-01-07,1,131.98
12294,111,57,2025-01-02,1,349.1
12295,479,105,2025-06-25,1,205.64
12296,328,106,2024-10-10,1,330.68
12297,423,10,2025-04-02,1,394.66
12298,79,126,2025-02-13,1,217.72
12299,386,54,2025-01-18,1,349.2
12300,143,37,2024-11-24,1,226.59
12301,155,129,2025-02-18,2,435.24
12302,383,135,2024-11-20,1,416.04
12303,111,114,2025-04-07,1,647.69
12304,191,29,2024-10-24,1,58.54
12305,135,137,2024-09-19,1,63.66
12306,484,107,2024-11-29,1,68.9
12307,378,80,2024-12-30,1,189.8
12308,456,48,2025-07-08,1,478.84
12309,469,36,2024-12-18,1,91.26
12310,499,65,2025-07-26,1,135.17
12311,83,89,2025-06-08,1,211.17
12312,430,21,2024-12-12,3,199.22
12313,229,120,2024-12-18,1,556.25
12314,325,42,2025-03-02,1,19.58
12315,452,100,2024-09-23,2,229.29
12316,463,21,2024-11-16,1,199.22
12317,107,47,2024-09-22,2,87.46
12318,6,49,2024-08-10,2,77.56
12319,227,57,2025-06-17,1,349.1
12320,61,78,2025-07-14,1,334.81
12321,104,142,2024-09-19,1,274.55
12322,50,80,2024-09-21,1,189.8
12323,255,121,2025-01-14,1,538.87
12324,439,86,2025-02-26,1,118.49
12325,96,70,2024-10-18,1,300.47
12326,319,89,2024-11-27,1,211.17
12327,346,60,2025-01-26,1,190.26
12328,395,7,2024-09-25,1,303.12
12329,170,128,2025-03-20,1,384.68
12330,276,32,2025-05-27,1,294.11
12331,62,74,2025-01-06,1,488.38
12332,375,104,2025-02-03,1,235.06
12333,33,118,2025-06-28,1,319.7
12334,41,49,2025-03-20,1,77.56
12335,51,88,2024-11-27,1,288.97
12336,94,78,2025-04-11,1,334.81
12337,266,45,2025-03-06,1,53.21
12338,123,126,2024-12-21,1,217.72
12339,227,133,2024-09-12,2,145.25
12340,463,145,2024-12-08,1,81.94
12341,153,125,2025-03-02,1,300.73
12342,108,85,2024-12-14,1,339.74
12343,191,103,2024-09-23,2,296.39
12344,500,69,2025-03-09,1,186.83
12345,144,67,2024-10-13,1,331.31
12346,125,60,2024-12-25,2,190.26
12347,214,150,2025-02-05,1,468.27
12348,5,112,2024-12-09,1,332.67
12349,107,66,2024-10-09,1,198.33
12350,202,13,2024-11-05,1,379.07
12351,461,37,2024-11-07,1,226.59
12352,389,45,2025-06-01,1,53.21
12353,463,42,2025-04-06,1,19.58
12354,375,59,2025-07-13,1,122.16
12355,424,126,2025-03-12,1,217.72
12356,262,114,2024-12-17,1,647.69
12357,478,20,2024-10-27,1,636.49
12358,247,142,2024-10-03,1,274.55
12359,217,74,2024-11-06,1,488.38
12360,155,28,2025-01-14,1,213.35
12361,45,13,2025-02-14,1,379.07
12362,217,99,2024-11-10,1,208.73
12363,207,8,2024-09-15,1,62.79
12364,287,122,2024-12-09,1,230.92
12365,377,43,2024-12-18,1,418.43
12366,26,55,2025-06-18,2,526.4
12367,324,56,2025-01-21,1,443.42
12368,55,53,2025-03-13,1,487.84
12369,27,139,2024-09-06,1,224.44
12370,439,8,2024-11-05,2,62.79
12371,219,66,2024-11-03,1,198.33
12372,498,86,2024-11-17,1,118.49
12373,159,37,2024-12-06,2,226.59
12374,232,10,2025-03-29,1,394.66
12375,485,37,2024-12-05,1,226.59
12376,10,24,2025-02-26,1,563.43
12377,290,7,2025-03-08,3,303.12
12378,352,130,2024-12-28,1,499.34
12379,460,20,2024-12-29,1,636.49
12380,144,140,2024-12-27,1,238.53
12381,39,61,2025-06-09,1,131.98
12382,26,3,2024-09-07,1,217.96
12383,118,9,2025-04-08,1,719.54
12384,442,44,2025-04-11,3,392.03
12385,344,65,2025-02-23,1,135.17
12386,446,131,2024-12-12,1,625.36
12387,101,16,2025-01-17,1,412.27
12388,242,103,2025-06-29,1,296.39
12389,102,6,2024-11-16,1,120.34
12390,141,80,2024-08-17,1,189.8
12391,114,9,2025-02-20,1,719.54
12392,288,59,2024-09-24,1,122.16
12393,430,97,2025-06-02,1,24.03
12394,62,142,2024-12-03,1,274.55
12395,10,53,2024-11-15,1,487.84
12396,51,84,2025-05-01,3,338.34
12397,190,135,2024-11-11,1,416.04
12398,21,52,2024-09-19,1,225.66
12399,199,67,2024-09-23,1,331.31
12400,411,100,2024-12-22,2,229.29
12401,293,16,2024-08-06,1,412.27
12402,215,31,2025-03-05,1,211.87
12403,298,92,2025-06-02,1,213.89
12404,106,73,2024-09-06,2,488.92
12405,227,116,2024-12-20,2,105.33
12406,222,97,2025-05-16,1,24.03
12407,196,120,2024-09-18,2,556.25
12408,147,134,2024-12-04,1,524.84
12409,274,66,2025-03-07,2,198.33
12410,163,5,2024-11-29,1,287.24
12411,51,92,2025-01-28,1,213.89
12412,444,2,2025-02-20,1,18.99
12413,87,115,2024-10-12,1,281.46
12414,249,76,2025-07-01,1,398.3
12415,245,128,2024-10-13,1,384.68
12416,49,63,2025-06-06,2,341.84
12417,177,113,2025-01-20,1,440.12
12418,453,123,2024-12-04,1,79.03
12419,358,74,2025-03-01,1,488.38
12420,31,144,2024-08-17,1,183.68
12421,271,23,2025-05-25,1,113.32
12422,339,103,2025-06-30,2,296.39
12423,152,114,2025-04-26,1,647.69
12424,196,81,2024-11-03,1,261.53
12425,111,9,2024-11-18,3,719.54
12426,389,63,2024-09-28,1,341.84
12427,238,20,2025-03-21,1,636.49
12428,429,93,2024-12-22,1,575.84
12429,224,111,2025-05-24,2,438.69
12430,191,39,2025-06-13,1,578.5
12431,293,108,2024-10-19,1,182.24
12432,98,54,2025-04-04,1,349.2
12433,102,30,2024-12-24,1,442.18
12434,162,87,2024-09-02,1,40.12
12435,345,15,2025-03-25,1,206.74
12436,117,24,2024-10-29,3,563.43
12437,206,68,2024-11-15,2,295.67
12438,194,41,2025-05-22,1,189.78
12439,431,92,2025-07-14,1,213.89
12440,340,86,2025-01-15,2,118.49
12441,403,87,2024-09-27,1,40.12
12442,31,106,2024-12-06,1,330.68
12443,70,5,2024-12-30,1,287.24
12444,267,4,2025-02-05,1,510.73
12445,470,121,2025-06-25,2,538.87
12446,288,21,2025-05-02,1,199.22
12447,484,30,2025-01-07,1,442.18
12448,99,129,2024-12-16,1,435.24
12449,156,117,2024-08-27,1,445.78
12450,469,141,2025-05-21,1,489.58
12451,168,85,2024-12-17,1,339.74
12452,492,85,2024-11-19,1,339.74
12453,37,42,2024-12-02,1,19.58
12454,239,54,2025-01-27,2,349.2
12455,352,13,2025-06-28,1,379.07
12456,320,87,2025-05-04,1,40.12
12457,56,129,2024-08-20,1,435.24
12458,240,7,2024-09-29,1,303.12
12459,491,7,2024-10-14,1,303.12
12460,242,58,2024-12-23,1,440.25
12461,105,142,2024-11-30,1,274.55
12462,448,86,2025-05-25,1,118.49
12463,54,115,2024-08-10,1,281.46
12464,40,89,2024-09-12,1,211.17
12465,225,52,2024-08-16,3,225.66
12466,107,94,2024-11-15,1,512.02
12467,52,136,2025-03-11,1,82.14
12468,487,45,2025-02-13,1,53.21
12469,73,149,2025-05-18,1,429.45
12470,456,97,2024-11-25,2,24.03
12471,292,9,2025-02-11,2,719.54
12472,388,93,2024-10-19,1,575.84
12473,258,124,2024-08-04,1,209.47
12474,147,92,2024-10-01,1,213.89
12475,334,23,2025-05-26,1,113.32
12476,30,87,2024-12-07,1,40.12
12477,133,39,2024-08-06,1,347.1
12478,481,49,2025-01-18,1,77.56
12479,27,63,2024-11-28,1,341.84
12480,157,112,2024-11-24,1,332.67
12481,430,121,2025-02-05,1,538.87
12482,362,88,2025-03-10,1,288.97
12483,497,130,2024-11-02,1,499.34
12484,26,80,2024-12-01,1,189.8
12485,360,58,2024-08-15,1,440.25
12486,85,61,2024-11-04,1,131.98
12487,77,66,2024-09-20,1,198.33
12488,38,120,2025-03-01,1,556.25
12489,35,10,2025-03-05,1,394.66
12490,105,99,2024-12-29,1,208.73
12491,360,103,2024-11-07,1,296.39
12492,442,123,2025-03-17,1,79.03
12493,457,79,2024-12-26,2,135.77
12494,461,3,2025-04-13,1,217.96
12495,163,69,2024-10-17,1,186.83
12496,111,21,2024-10-23,1,199.22
12497,31,35,2024-10-02,1,401.85
12498,78,1,2024-09-29,1,335.74
12499,342,129,2024-09-20,1,435.24
12500,362,122,2024-09-24,1,230.92
12501,246,137,2024-09-28,1,63.66
12502,272,113,2024-12-11,1,440.12
12503,388,111,2024-12-13,1,438.69
12504,455,150,2024-12-28,1,468.27
12505,52,17,2025-04-14,1,62.02
12506,477,79,2025-03-02,1,135.77
12507,219,65,2024-11-13,1,135.17
12508,362,122,2024-12-14,1,230.92
12509,492,146,2025-05-05,1,343.96
12510,94,66,2024-08-03,1,198.33
12511,437,62,2024-09-15,2,26.71
12512,36,23,2025-02-15,1,113.32
12513,51,66,2024-09-28,2,198.33
12514,383,34,2024-10-04,1,333.49
12515,161,77,2025-04-30,1,516.83
12516,436,56,2025-06-29,1,443.42
12517,189,26,2024-10-23,1,80.28
12518,49,68,2024-12-04,1,295.67
12519,326,14,2025-03-05,1,348.48
12520,362,33,2024-08-16,1,121.24
12521,23,62,2025-01-10,1,26.71
12522,86,76,2024-09-08,1,398.3
12523,172,105,2024-12-22,2,205.64
12524,227,73,2025-07-19,1,488.92
12525,258,144,2024-12-08,1,183.68
12526,316,100,2025-03-31,1,229.29
12527,438,33,2024-12-28,1,121.24
12528,335,125,2025-03-12,1,300.73
12529,53,72,2025-04-28,1,246.7
12530,11,58,2024-12-29,1,440.25
12531,442,85,2024-12-12,1,339.74
12532,257,118,2024-11-23,1,319.7
12533,448,65,2024-11-30,1,135.17
12534,161,81,2025-01-11,1,261.53
12535,364,57,2025-04-11,1,349.1
12536,361,108,2024-12-10,1,182.24
12537,83,96,2024-11-28,1,65.11
12538,141,117,2024-12-17,1,524.45
12539,493,43,2025-01-09,1,418.43
12540,408,58,2024-09-22,1,440.25
12541,411,15,2024-11-18,2,206.74
12542,277,105,2025-07-01,2,205.64
12543,195,105,2024-11-23,1,205.64
12544,190,32,2024-12-27,1,294.11
12545,274,117,2024-12-02,1,524.45
12546,223,39,2025-07-17,1,578.5
12547,455,122,2025-07-17,1,230.92
12548,460,63,2025-01-12,1,341.84
12549,452,23,2025-02-09,2,113.32
12550,419,54,2025-04-27,1,349.2
12551,330,66,2024-08-08,1,198.33
12552,161,32,2024-12-21,1,294.11
12553,82,82,2025-04-08,1,283.53
12554,293,128,2025-04-13,1,384.68
12555,108,18,2024-12-15,1,102.42
12556,101,6,2025-03-29,1,120.34
12557,114,78,2025-06-05,1,251.11
12558,401,104,2025-01-11,1,235.06
12559,205,2,2024-11-18,3,17.09
12560,362,76,2024-09-29,1,398.3
12561,394,121,2025-06-15,1,538.87
12562,499,81,2024-12-16,1,261.53
12563,419,34,2025-06-14,1,333.49
12564,277,5,2025-05-17,1,287.24
12565,267,69,2024-10-18,1,186.83
12566,362,95,2025-04-29,2,61.73
12567,289,150,2024-10-18,1,468.27
12568,449,65,2025-04-16,1,135.17
12569,152,148,2024-11-14,1,543.51
12570,188,49,2024-10-28,1,77.56
12571,414,13,2024-09-18,1,379.07
12572,104,124,2025-02-12,1,209.47
12573,84,60,2025-06-10,1,190.26
12574,176,56,2025-07-02,1,443.42
12575,224,91,2024-09-30,2,73.18
12576,145,79,2025-05-26,2,135.77
12577,26,143,2024-10-22,1,385.7
12578,354,16,2024-09-11,1,412.27
12579,466,10,2024-10-10,2,394.66
12580,351,90,2024-11-18,1,456.59
12581,200,104,2025-03-08,1,235.06
12582,178,45,2025-07-25,1,53.21
12583,423,17,2024-12-12,1,62.02
12584,402,48,2024-12-21,1,478.84
12585,316,106,2025-04-11,2,330.68
12586,247,33,2024-11-12,1,121.24
12587,165,45,2025-04-09,1,53.21
12588,476,57,2024-11-03,1,349.1
12589,102,24,2025-06-01,1,563.43
12590,293,68,2025-04-04,1,295.67
12591,37,75,2025-03-22,1,137.49
12592,277,30,2024-10-13,1,442.18
12593,159,60,2025-07-06,1,190.26
12594,355,118,2025-05-18,1,319.7
12595,6,7,2025-01-16,1,303.12
12596,436,136,2025-05-22,2,82.14
12597,388,117,2025-02-19,1,524.45
12598,24,41,2024-11-02,1,189.78
12599,87,70,2025-03-21,1,300.47
12600,293,122,2024-09-20,1,230.92
12601,202,75,2024-09-06,1,137.49
12602,33,63,2024-10-16,2,341.84
12603,41,89,2025-01-12,1,211.17
12604,65,45,2024-09-07,1,53.21
12605,352,124,2024-11-15,1,209.47
12606,116,145,2024-11-05,1,96.4
12607,477,31,2025-07-13,2,211.87
12608,478,147,2024-12-12,1,363.91
12609,314,109,2025-05-23,1,482.64
12610,488,58,2024-12-26,1,440.25
12611,191,131,2024-09-23,1,625.36
12612,107,2,2024-10-04,1,18.99
12613,23,128,2025-05-13,1,384.68
12614,352,40,2024-12-06,1,480.83
12615,45,56,2025-03-31,1,443.42
12616,433,116,2025-05-22,1,105.33
12617,481,44,2024-09-23,1,392.03
12618,44,90,2024-11-14,2,456.59
12619,155,92,2024-10-26,1,213.89
12620,395,115,2024-09-27,1,281.46
12621,377,142,2025-05-11,1,274.55
12622,66,108,2025-04-22,2,182.24
12623,238,124,2025-06-02,1,209.47
12624,406,102,2024-09-04,1,582.99
12625,315,143,2025-06-16,1,385.7
12626,115,143,2025-01-02,1,385.7
12627,480,135,2025-06-03,1,416.04
12628,23,78,2024-12-05,1,334.81
12629,34,128,2024-11-10,1,384.68
12630,429,88,2024-12-21,2,288.97
12631,316,125,2024-11-27,1,300.73
12632,452,50,2024-09-19,2,98.91
12633,27,62,2024-11-15,1,26.71
12634,228,23,2025-07-10,2,113.32
12635,442,146,2024-12-15,1,343.96
12636,449,40,2025-01-08,1,480.83
12637,477,32,2024-08-08,1,294.11
12638,24,92,2025-07-08,1,213.89
12639,427,43,2025-04-19,1,418.43
12640,166,98,2024-11-27,1,81.7
12641,436,29,2025-01-12,2,58.54
12642,60,82,2025-05-01,1,283.53
12643,5,34,2025-01-29,2,333.49
12644,498,51,2024-09-21,1,383.07
12645,166,118,2024-11-29,1,319.7
12646,258,11,2025-04-10,1,16.25
12647,30,113,2024-11-18,2,440.12
12648,31,112,2024-11-28,2,332.67
12649,141,109,2025-07-23,1,482.64
12650,7,131,2025-05-30,1,625.36
12651,389,51,2024-11-21,1,383.07
12652,189,30,2024-12-04,1,442.18
12653,388,149,2024-12-09,1,429.45
12654,454,10,2024-11-26,1,394.66
12655,439,132,2025-06-15,1,208.38
12656,318,94,2025-03-27,1,512.02
12657,237,106,2024-11-19,1,330.68
12658,152,13,2024-12-25,1,379.07
12659,24,122,2024-09-19,1,230.92
12660,357,74,2024-12-17,1,488.38
12661,352,129,2025-07-21,1,435.24
12662,394,21,2024-12-31,1,199.22
12663,494,141,2024-12-17,3,489.58
12664,436,46,2024-12-03,1,429.28
12665,419,31,2025-01-12,1,211.87
12666,167,75,2024-10-08,46,137.49
12667,215,122,2025-06-07,2,230.92
12668,98,102,2024-11-21,1,582.99
12669,302,11,2024-10-01,1,16.25
12670,223,13,2025-07-26,1,379.07
12671,143,63,2025-05-03,1,341.84
12672,137,142,2024-12-13,1,274.55
12673,109,150,2025-03-11,2,398.03
12674,393,142,2025-03-17,1,274.55
12675,136,117,2024-11-03,1,524.45
12676,83,57,2025-01-09,1,349.1
12677,225,54,2025-06-22,1,349.2
12678,396,62,2025-07-07,1,26.71
12679,424,125,2024-12-22,1,300.73
12680,272,11,2024-10-29,1,16.25
12681,289,8,2024-08-13,1,62.79
12682,46,124,2024-12-10,1,209.47
12683,294,144,2024-09-10,1,183.68
12684,61,123,2025-06-19,1,79.03
12685,449,53,2024-12-09,2,487.84
12686,446,51,2024-12-18,1,383.07
12687,467,23,2025-01-31,1,113.32
12688,487,54,2024-12-10,3,349.2
12689,51,4,2024-08-26,1,510.73
12690,193,130,2024-12-29,1,499.34
12691,100,35,2024-12-28,1,401.85
12692,471,64,2024-12-09,1,312.23
12693,259,55,2024-12-07,1,526.4
12694,227,37,2024-11-17,1,226.59
12695,421,86,2025-01-27,1,118.49
12696,489,45,2025-02-25,1,53.21
12697,117,53,2025-02-19,2,487.84
12698,33,147,2025-01-09,1,363.91
12699,333,119,2024-08-31,1,524.61
12700,51,115,2024-11-07,1,281.46
12701,300,97,2024-09-27,1,24.03
12702,83,84,2025-02-13,1,338.34
12703,498,101,2024-09-30,2,15.78
12704,328,106,2025-01-05,1,330.68
12705,229,103,2024-12-10,1,296.39
12706,314,148,2024-11-05,2,543.51
12707,45,136,2024-11-26,1,82.14
12708,95,98,2024-10-02,1,81.7
12709,192,149,2024-10-23,1,429.45
12710,304,133,2025-02-09,1,145.25
12711,340,103,2025-04-19,1,296.39
12712,133,4,2024-12-28,1,510.73
12713,190,106,2025-05-31,1,330.68
12714,23,144,2025-06-26,2,183.68
12715,106,28,2024-11-01,1,213.35
12716,394,19,2025-01-05,1,90.14
12717,458,55,2024-11-03,2,526.4
12718,489,116,2024-12-02,1,105.33
12719,474,66,2025-06-20,1,198.33
12720,362,19,2024-12-15,1,90.14
12721,181,25,2025-02-13,1,485.62
12722,129,111,2025-05-06,1,438.69
12723,300,4,2025-02-24,1,510.73
12724,484,132,2025-05-24,1,208.38
12725,286,141,2024-12-27,1,489.58
12726,291,37,2025-04-15,1,226.59
12727,272,134,2025-04-02,1,524.84
12728,320,70,2025-04-02,1,300.47
12729,31,70,2024-12-09,1,300.47
12730,224,102,2025-01-12,1,582.99
12731,23,49,2024-10-15,1,77.56
12732,24,39,2025-05-16,1,578.5
12733,374,72,2025-05-03,2,246.7
12734,200,56,2025-03-05,1,443.42
12735,410,30,2025-01-04,2,442.18
12736,395,137,2025-03-23,1,63.66
12737,101,79,2025-06-04,1,135.77
12738,399,75,2025-02-03,2,137.49
12739,289,104,2024-12-08,1,235.06
12740,80,102,2025-06-09,1,582.99
12741,108,97,2025-03-18,1,24.03
12742,194,39,2025-05-24,1,578.5
12743,9,142,2025-01-29,1,274.55
12744,342,23,2025-03-18,1,113.32
12745,233,84,2024-09-29,1,338.34
12746,266,105,2024-11-17,1,205.64
12747,354,39,2025-03-01,1,578.5
12748,494,41,2025-07-05,1,189.78
12749,144,144,2024-12-21,2,183.68
12750,471,33,2024-09-26,1,121.24
12751,346,39,2024-08-29,1,347.1
12752,322,14,2025-02-01,1,348.48
12753,177,109,2024-12-23,3,482.64
12754,181,61,2024-12-23,1,131.98
12755,485,92,2025-05-03,1,213.89
12756,265,72,2025-01-13,2,246.7
12757,469,137,2024-11-19,1,63.66
12758,19,29,2024-12-15,1,58.54
12759,129,112,2025-05-09,1,332.67
12760,188,21,2025-03-31,1,199.22
12761,237,38,2024-12-02,1,455.18
12762,55,1,2025-07-20,1,335.74
12763,16,78,2024-11-03,1,334.81
12764,60,123,2025-01-18,1,79.03
12765,30,85,2024-11-19,1,339.74
12766,30,148,2025-03-29,1,543.51
12767,413,2,2024-10-13,1,18.99
12768,72,94,2025-05-20,2,512.02
12769,125,65,2025-04-12,1,135.17
12770,155,66,2024-12-18,2,198.33
12771,304,12,2025-02-23,1,261.78
12772,355,8,2025-06-09,1,62.79
12773,286,15,2025-06-22,2,206.74
12774,484,78,2025-03-26,1,334.81
12775,358,4,2025-01-04,1,510.73
12776,118,84,2024-12-25,1,338.34
12777,468,106,2025-02-01,1,330.68
12778,315,16,2025-03-10,3,412.27
12779,348,143,2025-04-02,1,385.7
12780,394,147,2024-12-10,1,363.91
12781,23,49,2025-04-09,1,77.56
12782,118,123,2024-12-26,2,79.03
12783,295,45,2025-02-16,1,53.21
12784,257,6,2025-01-18,1,120.34
12785,266,102,2024-10-28,1,582.99
12786,415,110,2024-10-30,1,152.47
12787,348,134,2024-09-20,1,524.84
12788,169,129,2024-09-07,1,435.24
12789,60,34,2025-06-10,2,333.49
12790,330,43,2024-09-01,1,418.43
12791,289,19,2025-04-18,1,90.14
12792,349,4,2024-08-24,1,510.73
12793,75,58,2024-09-02,1,440.25
12794,327,1,2025-05-24,1,335.74
12795,321,95,2025-04-03,2,61.73
12796,210,6,2024-12-21,2,120.34
12797,201,96,2024-09-20,1,65.11
12798,275,105,2025-06-10,1,205.64
12799,49,93,2024-08-21,1,575.84
12800,150,105,2024-09-24,1,205.64
12801,70,100,2025-05-11,1,229.29
12802,91,1,2024-12-13,1,335.74
12803,410,113,2025-07-01,1,440.12
12804,290,79,2024-11-05,1,135.77
12805,313,32,2024-10-18,1,294.11
12806,34,150,2024-12-27,1,468.27
12807,101,100,2025-04-04,1,229.29
12808,55,57,2024-12-25,48,349.1
12809,105,141,2025-02-14,1,489.58
12810,488,137,2025-04-03,1,63.66
12811,215,11,2025-06-18,3,16.25
12812,240,100,2025-01-14,1,229.29
12813,376,129,2024-12-03,2,435.24
12814,49,87,2024-09-08,1,40.12
12815,227,36,2025-01-31,1,91.26
12816,73,46,2025-01-16,1,429.28
12817,77,35,2024-10-20,1,401.85
12818,327,62,2024-12-21,1,26.71
12819,324,82,2025-04-19,1,283.53
12820,134,131,2025-03-27,1,625.36
12821,457,5,2024-12-02,1,287.24
12822,463,116,2024-12-16,1,105.33
12823,181,73,2025-03-15,1,488.92
12824,457,135,2025-04-07,1,416.04
12825,456,102,2024-09-12,1,582.99
12826,211,92,2024-10-24,1,213.89
12827,442,118,2025-02-12,2,319.7
12828,351,110,2024-12-23,1,152.47
12829,199,51,2025-01-10,1,383.07
12830,343,117,2024-08-26,1,445.78
12831,266,35,2024-12-25,1,401.85
12832,208,10,2024-10-08,1,394.66
12833,290,127,2024-12-22,2,179.33
12834,233,100,2025-07-19,1,229.29
12835,314,120,2024-11-01,1,556.25
12836,218,95,2024-09-21,1,61.73
12837,244,69,2025-02-19,1,186.83
12838,111,47,2025-01-31,1,87.46
12839,452,118,2025-02-06,1,319.7
12840,497,69,2025-02-06,1,186.83
12841,152,58,2025-04-02,1,440.25
12842,292,49,2025-05-18,2,77.56
12843,286,100,2025-03-19,1,229.29
12844,176,89,2024-11-28,1,211.17
12845,199,68,2025-03-16,1,295.67
12846,148,72,2024-11-18,1,246.7
12847,444,109,2025-06-01,1,482.64
12848,343,129,2024-08-03,1,435.24
12849,457,147,2024-12-27,1,363.91
12850,172,36,2025-02-28,1,91.26
12851,456,39,2025-03-01,1,578.5
12852,229,50,2025-04-26,2,98.91
12853,35,101,2024-12-17,1,15.78
12854,105,69,2025-05-31,1,186.83
12855,88,135,2025-02-23,1,416.04
12856,51,89,2025-06-29,1,211.17
12857,54,54,2024-12-17,1,349.2
12858,295,144,2024-12-20,1,183.68
12859,200,102,2024-09-12,1,582.99
12860,483,91,2025-01-21,1,73.18
12861,36,97,2025-06-18,1,24.03
12862,16,131,2024-10-17,1,625.36
12863,369,92,2025-06-07,1,213.89
12864,24,104,2024-12-10,1,235.06
12865,451,146,2025-01-18,2,343.96
12866,429,141,2025-01-10,1,489.58
12867,405,147,2024-10-26,1,363.91
12868,498,48,2024-12-13,1,478.84
12869,60,17,2025-04-09,1,62.02
12870,117,77,2024-12-11,2,516.83
12871,354,44,2025-04-23,2,392.03
12872,83,64,2025-04-13,1,312.23
12873,403,120,2024-09-29,1,556.25
12874,199,142,2024-09-19,1,274.55
12875,47,17,2025-05-18,1,62.02
12876,388,27,2025-01-17,1,520.9
12877,207,80,2025-04-08,3,189.8
12878,390,87,2024-10-27,3,40.12
12879,448,146,2025-05-08,1,343.96
12880,191,74,2024-12-13,1,488.38
12881,315,96,2024-12-27,1,65.11
12882,238,132,2024-12-21,1,208.38
12883,452,130,2024-12-12,1,499.34
12884,444,63,2025-06-19,1,341.84
12885,444,150,2025-05-03,1,468.27
12886,499,63,2024-09-03,1,341.84
12887,290,141,2024-10-03,1,489.58
12888,151,86,2024-10-30,3,118.49
12889,461,60,2024-12-08,1,190.26
12890,87,61,2025-03-16,1,131.98
12891,471,85,2024-10-13,1,339.74
12892,166,148,2024-12-29,1,543.51
12893,180,25,2024-09-10,1,485.62
12894,107,86,2024-08-06,1,118.49
12895,137,12,2025-05-01,1,261.78
12896,303,92,2024-12-14,1,213.89
12897,67,130,2024-11-24,2,499.34
12898,224,110,2025-02-17,1,152.47
12899,64,92,2025-01-08,1,213.89
12900,61,112,2025-01-13,1,332.67
12901,181,104,2025-04-11,1,235.06
12902,492,38,2025-03-23,2,455.18
12903,306,43,2024-10-31,1,418.43
12904,199,107,2025-02-05,1,68.9
12905,499,11,2025-03-12,3,16.25
12906,463,132,2025-06-17,1,208.38
12907,46,111,2025-04-05,2,438.69
12908,426,66,2025-04-07,1,198.33
12909,402,33,2024-10-30,1,121.24
12910,202,77,2024-11-28,1,516.83
12911,164,32,2024-09-30,1,294.11
12912,258,19,2024-09-26,1,90.14
12913,367,88,2025-05-01,1,288.97
12914,472,25,2024-12-22,3,485.62
12915,163,118,2024-12-25,1,319.7
12916,214,78,2025-05-04,1,334.81
12917,485,3,2024-10-24,1,196.16
12918,432,59,2024-09-01,1,122.16
12919,53,78,2025-03-01,1,334.81
12920,342,75,2025-05-04,2,137.49
12921,432,88,2025-01-31,1,288.97
12922,207,127,2025-07-03,3,179.33
12923,23,134,2025-06-29,3,524.84
12924,495,49,2025-03-23,1,77.56
12925,161,104,2025-06-13,2,235.06
12926,169,16,2025-06-15,1,412.27
12927,112,138,2024-10-03,1,382.16
12928,177,31,2024-11-07,1,211.87
12929,114,5,2024-08-28,1,287.24
12930,318,149,2025-02-01,1,429.45
12931,182,42,2024-10-31,1,19.58
12932,319,142,2024-12-20,1,274.55
12933,268,48,2024-12-16,2,478.84
12934,26,95,2025-03-12,1,61.73
12935,111,117,2025-05-04,1,524.45
12936,494,48,2024-12-26,2,478.84
12937,37,49,2024-12-02,2,77.56
12938,126,19,2025-05-16,1,90.14
12939,264,33,2024-12-20,1,121.24
12940,71,11,2024-11-24,1,16.25
12941,129,91,2025-03-01,1,73.18
12942,111,79,2025-06-18,1,135.77
12943,206,131,2025-07-16,1,625.36
12944,212,138,2024-08-03,2,382.16
12945,402,44,2024-12-03,1,392.03
12946,357,53,2025-03-29,1,487.84
12947,135,45,2025-05-23,1,53.21
12948,122,124,2025-03-22,1,209.47
12949,410,18,2025-02-05,35,102.42
12950,97,77,2024-11-05,1,516.83
12951,435,69,2024-08-25,1,186.83
12952,328,64,2025-01-16,1,312.23
12953,212,69,2025-05-05,1,186.83
12954,184,44,2025-04-06,2,392.03
12955,413,24,2025-02-12,1,563.43
12956,434,50,2024-10-24,1,98.91
12957,270,40,2025-01-24,1,480.83
12958,438,75,2024-11-03,1,137.49
12959,316,94,2025-07-22,1,512.02
12960,60,110,2025-05-02,2,152.47
12961,365,80,2024-08-29,1,189.8
12962,225,12,2025-01-16,1,261.78
12963,238,131,2025-03-28,1,625.36
12964,426,26,2025-01-24,1,80.28
12965,319,144,2025-02-02,1,183.68
12966,172,72,2025-06-22,1,246.7
12967,406,147,2025-04-20,1,363.91
12968,175,93,2024-09-22,1,575.84
12969,123,78,2024-12-19,1,334.81
12970,106,116,2025-02-08,2,105.33
12971,227,36,2024-11-17,3,91.26
12972,223,53,2024-10-18,1,487.84
12973,322,71,2025-05-26,2,320.91
12974,260,86,2024-11-24,1,118.49
12975,233,120,2025-06-10,1,556.25
12976,322,146,2024-11-13,1,343.96
12977,156,24,2025-02-04,1,563.43
12978,326,87,2025-03-13,1,40.12
12979,124,138,2024-10-03,1,382.16
12980,53,98,2024-11-14,1,81.7
12981,83,85,2024-12-31,1,339.74
12982,388,91,2025-03-09,1,73.18
12983,458,94,2024-12-26,1,512.02
12984,470,30,2025-03-09,2,442.18
12985,334,2,2025-03-07,2,18.99
12986,394,84,2025-07-21,1,338.34
12987,174,6,2025-07-03,1,120.34
12988,227,119,2024-12-22,1,524.61
12989,231,25,2024-09-30,3,485.62
12990,330,131,2024-09-25,1,625.36
12991,204,130,2025-06-13,1,499.34
12992,241,53,2024-11-25,1,487.84
12993,461,148,2024-10-05,1,543.51
12994,236,35,2024-12-22,1,401.85
12995,202,82,2024-11-16,1,283.53
12996,36,30,2024-11-22,1,442.18
12997,61,47,2024-12-01,1,87.46
12998,158,63,2025-05-19,1,341.84
12999,326,117,2024-10-14,1,524.45
13000,21,87,2025-07-04,1,40.12
13001,152,1,2024-08-09,1,335.74
13002,466,108,2024-12-04,2,182.24
13003,132,42,2025-02-11,2,19.58
13004,394,51,2025-01-03,3,383.07
13005,436,82,2025-02-16,1,283.53
13006,149,28,2024-10-22,1,213.35
13007,395,45,2025-06-07,1,53.21
13008,167,102,2025-03-07,1,582.99
13009,330,142,2025-04-15,1,274.55
13010,316,57,2025-04-06,1,349.1
13011,420,21,2024-10-15,1,199.22
13012,39,54,2024-08-16,1,349.2
13013,23,46,2025-05-25,3,429.28
13014,117,95,2024-12-29,1,61.73
13015,223,63,2025-03-27,1,341.84
13016,4,70,2025-02-19,1,300.47
13017,383,72,2025-07-18,1,246.7
13018,63,129,2025-05-21,1,435.24
13019,39,84,2025-04-26,1,338.34
13020,170,101,2024-10-21,1,15.78
13021,348,75,2024-08-25,1,137.49
13022,452,83,2024-10-23,1,296.51
13023,341,131,2025-02-10,1,625.36
13024,468,33,2025-06-02,1,121.24
13025,111,149,2025-06-20,1,429.45
13026,259,57,2025-03-15,1,349.1
13027,394,127,2024-10-03,1,179.33
13028,118,85,2024-09-01,1,339.74
13029,307,35,2024-12-14,1,401.85
13030,35,22,2024-12-11,1,163.49
13031,167,100,2024-12-18,1,229.29
13032,109,72,2025-05-01,1,246.7
13033,200,51,2024-12-09,1,383.07
13034,384,79,2025-06-21,1,135.77
13035,328,132,2024-08-31,1,208.38
13036,246,29,2024-11-19,1,58.54
13037,422,110,2025-03-01,1,152.47
13038,360,110,2025-01-03,2,152.47
13039,490,99,2025-05-12,1,208.73
13040,160,124,2025-07-26,1,209.47
13041,168,119,2025-04-26,1,524.61
13042,471,98,2024-12-02,1,81.7
13043,70,104,2024-10-04,1,235.06
13044,162,34,2024-08-12,1,333.49
13045,454,137,2024-09-11,1,63.66
13046,437,113,2025-01-11,2,440.12
13047,258,108,2025-06-22,1,182.24
13048,38,78,2024-11-11,1,334.81
13049,69,148,2024-12-24,1,543.51
13050,172,73,2024-10-10,1,488.92
13051,77,47,2024-12-08,1,87.46
13052,288,30,2024-09-26,1,442.18
13053,121,132,2025-05-06,1,208.38
13054,18,38,2024-11-24,1,455.18
13055,294,56,2025-06-12,1,443.42
13056,449,144,2025-03-11,2,183.68
13057,257,34,2025-04-28,1,333.49
13058,225,130,2025-02-22,1,499.34
13059,21,62,2025-01-18,1,26.71
13060,135,30,2024-12-29,1,442.18
13061,486,81,2025-02-14,1,261.53
13062,364,130,2024-10-16,1,499.34
13063,288,67,2025-06-09,1,331.31
13064,494,26,2025-06-07,2,80.28
13065,481,101,2025-03-26,1,15.78
13066,9,70,2025-03-04,2,300.47
13067,362,54,2024-12-17,1,349.2
13068,315,19,2025-07-08,1,90.14
13069,172,63,2024-12-12,1,341.84
13070,396,147,2025-04-22,1,363.91
13071,119,145,2024-11-28,1,81.94
13072,269,118,2025-06-12,1,319.7
13073,97,79,2024-11-12,1,135.77
13074,95,32,2025-04-26,1,294.11
13075,336,3,2024-10-19,1,196.16
13076,481,150,2024-12-08,1,468.27
13077,234,135,2024-11-04,1,416.04
13078,277,37,2024-08-31,1,226.59
13079,50,46,2025-02-22,1,429.28
13080,263,60,2024-12-16,1,190.26
13081,353,48,2025-01-07,2,478.84
13082,362,103,2025-07-28,1,296.39
13083,66,7,2025-05-24,1,303.12
13084,111,44,2024-10-14,1,392.03
13085,257,116,2025-06-17,1,105.33
13086,129,17,2025-06-28,1,62.02
13087,144,82,2025-03-11,1,283.53
13088,469,60,2024-09-12,2,190.26
13089,428,44,2025-06-02,1,274.42
13090,27,1,2025-02-17,1,335.74
13091,435,21,2025-01-13,2,199.22
13092,39,148,2024-12-06,1,543.51
13093,452,48,2024-09-19,1,478.84
13094,133,124,2025-02-21,2,209.47
13095,452,22,2025-01-09,1,163.49
13096,147,96,2024-10-06,1,65.11
13097,90,145,2024-11-10,1,96.4
13098,275,33,2024-11-10,2,121.24
13099,470,37,2024-09-24,2,226.59
13100,261,54,2025-03-18,1,349.2
13101,174,42,2025-04-11,1,19.58
13102,180,28,2025-01-31,1,213.35
13103,194,7,2024-10-30,1,303.12
13104,33,92,2024-12-10,1,213.89
13105,494,62,2025-01-30,1,26.71
13106,347,144,2024-12-24,1,183.68
13107,336,120,2024-12-13,1,556.25
13108,58,116,2025-02-27,1,105.33
13109,346,147,2025-04-18,1,363.91
13110,80,71,2024-11-07,1,320.91
13111,177,61,2025-05-09,1,112.18
13112,394,106,2025-04-13,1,330.68
13113,470,20,2025-05-15,1,636.49
13114,39,129,2024-11-04,1,435.24
13115,342,133,2025-01-13,3,145.25
13116,293,103,2024-09-20,1,296.39
13117,98,137,2024-12-19,1,63.66
13118,80,118,2024-12-05,1,319.7
13119,101,9,2024-10-08,1,719.54
13120,223,58,2025-04-11,1,440.25
13121,168,93,2024-12-21,1,575.84
13122,200,77,2024-12-26,1,516.83
13123,395,130,2024-10-14,2,499.34
13124,341,121,2025-01-06,1,538.87
13125,50,63,2024-12-23,1,341.84
13126,102,64,2024-08-28,1,312.23
13127,109,121,2024-10-06,1,538.87
13128,240,13,2024-12-19,1,379.07
13129,262,133,2025-04-04,1,145.25
13130,479,30,2025-04-19,2,442.18
13131,232,70,2024-12-30,3,300.47
13132,79,7,2024-08-12,2,303.12
13133,152,41,2025-05-21,1,189.78
13134,457,30,2024-12-28,2,442.18
13135,178,103,2024-10-24,1,296.39
13136,191,12,2024-12-05,2,261.78
13137,316,106,2025-06-22,1,330.68
13138,388,55,2024-10-02,1,526.4
13139,362,61,2024-10-04,1,131.98
13140,120,23,2025-04-17,1,113.32
13141,202,99,2025-06-06,1,208.73
13142,238,40,2024-11-01,1,480.83
13143,40,8,2025-05-31,1,62.79
13144,484,101,2025-05-18,1,15.78
13145,460,61,2024-11-26,1,131.98
13146,140,109,2025-06-30,1,482.64
13147,194,17,2024-11-23,1,62.02
13148,424,103,2024-12-14,1,296.39
13149,282,62,2024-11-19,1,26.71
13150,492,127,2024-12-01,1,179.33
13151,175,121,2024-12-01,1,538.87
13152,438,111,2025-03-30,1,438.69
13153,172,110,2024-10-03,1,152.47
13154,471,15,2024-10-23,3,206.74
13155,57,5,2024-11-02,2,287.24
13156,293,113,2025-06-23,1,440.12
13157,288,45,2025-01-11,1,53.21
13158,190,93,2025-03-22,1,575.84
13159,351,67,2025-06-15,1,331.31
13160,172,65,2025-06-23,3,135.17
13161,346,133,2024-10-06,2,145.25
13162,316,117,2024-11-20,1,524.45
13163,27,26,2025-02-24,1,80.28
13164,375,90,2024-12-09,1,456.59
13165,364,126,2024-11-12,1,217.72
13166,401,147,2025-01-19,1,363.91
13167,105,14,2024-08-27,1,348.48
13168,222,64,2025-04-09,37,312.23
13169,362,78,2025-06-25,1,334.81
13170,46,94,2025-04-13,1,512.02
13171,346,149,2025-01-16,1,429.45
13172,224,87,2025-06-30,1,40.12
13173,432,64,2024-11-08,1,312.23
13174,463,121,2025-01-01,1,538.87
13175,51,59,2024-12-16,1,122.16
13176,399,11,2025-05-19,1,16.25
13177,260,27,2024-10-24,1,520.9
13178,375,90,2024-08-10,2,456.59
13179,389,133,2025-01-28,1,145.25
13180,223,120,2025-01-08,1,556.25
13181,253,48,2024-12-24,1,478.84
13182,78,137,2024-11-23,2,63.66
13183,453,19,2024-11-13,1,90.14
13184,251,70,2025-06-28,1,300.47
13185,361,6,2024-11-25,1,120.34
13186,230,74,2025-07-07,1,488.38
13187,396,37,2024-12-31,1,226.59
13188,389,115,2025-03-26,1,281.46
13189,310,79,2025-06-19,2,135.77
13190,420,111,2024-10-27,1,438.69
13191,477,41,2025-03-06,1,189.78
13192,159,146,2025-03-26,1,343.96
13193,286,142,2025-06-22,1,274.55
13194,98,1,2025-01-14,1,335.74
13195,107,83,2025-06-30,1,296.51
13196,64,66,2024-11-07,1,198.33
13197,82,105,2025-07-25,1,205.64
13198,191,5,2024-11-19,1,287.24
13199,214,132,2024-11-15,1,208.38
13200,216,55,2025-05-12,1,526.4
13201,364,43,2025-07-17,1,418.43
13202,394,12,2025-04-12,1,261.78
13203,414,117,2024-10-31,2,524.45
13204,436,76,2025-04-01,1,398.3
13205,166,37,2024-09-15,1,226.59
13206,149,129,2025-01-26,1,435.24
13207,461,67,2024-12-12,1,331.31
13208,163,10,2024-11-14,1,394.66
13209,67,134,2024-09-19,2,524.84
13210,146,82,2025-06-30,1,283.53
13211,50,120,2025-05-17,1,556.25
13212,106,120,2024-12-17,1,556.25
13213,245,65,2025-06-30,1,135.17
13214,177,46,2025-06-21,1,429.28
13215,245,80,2024-11-12,1,189.8
13216,467,33,2024-11-26,1,121.24
13217,31,63,2024-08-31,1,341.84
13218,237,90,2024-10-19,1,456.59
13219,83,105,2025-03-11,1,205.64
13220,492,72,2025-05-24,1,246.7
13221,18,65,2024-12-21,1,135.17
13222,371,94,2025-02-08,1,512.02
13223,494,101,2025-01-18,1,15.78
13224,55,110,2024-12-17,1,152.47
13225,296,77,2025-01-23,1,516.83
13226,469,97,2025-07-22,1,24.03
13227,180,77,2025-02-06,2,516.83
13228,30,35,2025-02-19,1,401.85
13229,449,87,2024-10-11,1,40.12
13230,271,75,2025-04-02,1,137.49
13231,262,72,2025-01-02,1,246.7
13232,426,91,2025-06-11,1,73.18
13233,190,125,2024-10-17,1,300.73
13234,438,86,2024-12-31,2,118.49
13235,206,107,2024-11-04,1,68.9
13236,296,107,2025-01-19,2,68.9
13237,109,73,2025-03-25,1,488.92
13238,204,81,2024-08-07,1,261.53
13239,141,74,2024-12-30,1,488.38
13240,263,36,2025-06-02,1,91.26
13241,349,145,2025-03-02,1,96.4
13242,107,27,2024-11-12,1,520.9
13243,331,72,2025-02-10,1,246.7
13244,74,71,2024-10-02,1,320.91
13245,376,67,2024-08-28,1,331.31
13246,223,46,2025-03-24,1,429.28
13247,327,78,2025-05-23,1,334.81
13248,260,115,2024-09-30,1,281.46
13249,237,23,2025-03-29,2,113.32
13250,87,46,2024-12-24,1,429.28
13251,122,51,2025-06-15,1,383.07
13252,37,119,2024-12-17,1,393.46
13253,49,131,2024-10-16,1,625.36
13254,303,9,2025-04-19,1,719.54
13255,485,71,2025-05-04,1,320.91
13256,366,13,2025-04-16,1,379.07
13257,386,103,2024-11-19,1,296.39
13258,386,129,2025-06-15,1,435.24
13259,336,40,2024-10-30,1,480.83
13260,111,34,2024-12-08,1,333.49
13261,169,112,2024-11-28,3,332.67
13262,90,17,2025-03-14,1,62.02
13263,461,94,2025-01-14,2,512.02
13264,242,3,2025-01-29,1,217.96
13265,33,44,2024-11-08,1,392.03
13266,407,118,2024-11-19,1,319.7
13267,486,8,2024-09-14,1,62.79
13268,24,2,2025-01-15,1,18.99
13269,52,106,2024-12-20,1,330.68
13270,161,79,2025-02-24,2,135.77
13271,346,23,2025-03-19,1,113.32
13272,444,19,2025-01-14,1,90.14
13273,455,134,2024-12-21,2,524.84
13274,54,7,2024-11-19,1,303.12
13275,46,105,2025-06-09,1,205.64
13276,388,78,2024-09-24,1,334.81
13277,111,102,2024-08-12,1,582.99
13278,121,58,2025-01-03,1,440.25
13279,291,67,2025-01-04,1,331.31
13280,387,56,2024-12-13,1,443.42
13281,224,96,2025-05-07,1,65.11
13282,306,31,2024-11-23,2,180.09
13283,269,146,2024-10-19,1,343.96
13284,96,3,2025-07-18,1,217.96
13285,293,113,2025-04-25,1,440.12
13286,133,56,2024-12-28,1,443.42
13287,270,26,2024-09-11,1,80.28
13288,155,24,2025-06-24,1,563.43
13289,100,57,2025-02-16,1,349.1
13290,394,89,2025-07-17,1,211.17
13291,414,142,2025-06-08,1,274.55
13292,106,91,2025-03-29,1,73.18
13293,2,28,2024-12-22,1,213.35
13294,275,13,2024-08-06,1,379.07
13295,425,102,2025-06-28,1,582.99
13296,159,82,2025-07-26,1,283.53
13297,440,30,2025-04-05,1,442.18
13298,229,101,2024-08-04,1,15.78
13299,227,99,2024-08-31,1,208.73
13300,489,2,2025-02-04,1,18.99
13301,140,28,2024-09-17,1,213.35
13302,499,22,2025-03-11,1,163.49
13303,487,140,2025-06-09,1,238.53
13304,244,140,2025-03-28,1,238.53
13305,239,109,2025-06-09,1,482.64
13306,429,73,2024-11-17,1,488.92
13307,74,82,2025-02-02,1,283.53
13308,485,32,2025-05-21,1,294.11
13309,319,146,2024-08-06,1,343.96
13310,119,4,2025-02-23,1,510.73
13311,437,125,2024-12-13,1,300.73
13312,449,115,2025-03-31,1,281.46
13313,468,1,2025-07-14,1,335.74
13314,49,9,2025-04-17,1,719.54
13315,51,121,2024-12-14,1,538.87
13316,463,105,2024-12-21,1,205.64
13317,140,90,2024-11-02,1,456.59
13318,423,89,2024-09-30,1,211.17
13319,364,95,2025-04-02,1,61.73
13320,242,140,2024-12-20,1,238.53
13321,45,109,2024-09-22,1,482.64
13322,498,136,2024-12-06,1,82.14
13323,160,84,2024-11-13,1,338.34
13324,140,134,2024-11-19,2,524.84
13325,135,34,2024-12-03,1,333.49
13326,325,20,2025-01-11,2,636.49
13327,400,85,2024-11-21,1,339.74
13328,454,81,2024-11-29,1,261.53
13329,105,100,2024-10-14,2,229.29
13330,394,38,2024-11-13,1,455.18
13331,9,57,2025-03-10,2,349.1
13332,193,40,2025-03-12,1,480.83
13333,86,81,2024-11-23,1,261.53
13334,37,89,2024-12-11,1,211.17
13335,270,113,2025-04-25,1,440.12
13336,310,90,2024-12-28,1,456.59
13337,280,76,2025-04-23,1,398.3
13338,324,97,2025-04-25,1,24.03
13339,416,92,2024-11-01,1,213.89
13340,216,101,2025-03-20,1,15.78
13341,369,6,2025-02-11,1,120.34
13342,180,68,2025-05-03,2,295.67
13343,345,139,2025-07-13,1,224.44
13344,168,139,2024-09-02,2,224.44
13345,280,26,2024-11-10,1,80.28
13346,114,36,2024-11-19,2,91.26
13347,298,135,2024-12-25,1,416.04
13348,221,54,2025-03-16,1,349.2
13349,360,120,2024-11-17,2,556.25
13350,407,104,2024-09-15,1,235.06
13351,295,104,2025-05-28,1,235.06
13352,484,126,2025-01-18,3,217.72
13353,38,133,2024-11-03,1,145.25
13354,357,90,2025-05-26,1,456.59
13355,27,139,2025-07-27,1,224.44
13356,470,27,2025-06-10,1,520.9
13357,463,74,2025-01-17,1,488.38
13358,54,125,2025-06-27,2,300.73
13359,368,27,2025-02-16,1,520.9
13360,199,87,2024-12-26,1,40.12
13361,266,7,2025-02-13,3,303.12
13362,454,120,2024-10-26,1,556.25
13363,272,131,2025-07-03,1,625.36
13364,371,113,2024-12-22,1,440.12
13365,322,71,2024-12-10,1,320.91
13366,199,19,2024-10-07,1,90.14
13367,439,50,2024-10-02,1,98.91
13368,251,61,2025-02-09,2,131.98
13369,386,58,2025-06-30,1,440.25
13370,165,32,2025-06-03,1,294.11
13371,16,80,2024-09-08,1,189.8
13372,25,115,2025-04-28,1,281.46
13373,438,73,2024-09-06,1,488.92
13374,360,39,2025-05-26,2,578.5
13375,129,67,2025-02-10,1,331.31
13376,485,52,2025-07-22,1,225.66
13377,414,17,2025-04-17,2,62.02
13378,205,139,2024-12-04,1,224.44
13379,224,103,2024-11-06,2,296.39
13380,353,24,2025-02-01,1,563.43
13381,158,84,2024-10-30,1,338.34
13382,435,39,2024-09-07,1,578.5
13383,498,31,2025-01-11,1,211.87
13384,167,74,2024-12-23,1,488.38
13385,286,90,2024-11-13,3,456.59
13386,212,125,2024-08-14,1,300.73
13387,432,11,2024-12-25,1,16.25
13388,141,134,2024-12-18,1,524.84
13389,419,84,2025-04-07,2,338.34
13390,253,111,2024-10-28,1,438.69
13391,319,27,2024-11-17,1,520.9
13392,86,117,2024-11-23,1,524.45
13393,129,130,2025-04-16,1,499.34
13394,216,113,2025-01-03,2,440.12
13395,24,31,2024-12-31,1,211.87
13396,444,115,2025-04-07,1,281.46
13397,437,130,2024-12-12,1,499.34
13398,240,110,2025-05-12,1,152.47
13399,260,111,2024-08-17,2,438.69
13400,340,95,2025-03-30,1,61.73
13401,476,38,2024-10-25,1,455.18
13402,294,110,2024-09-23,1,152.47
13403,140,149,2025-02-14,1,429.45
13404,339,36,2025-02-15,1,91.26
13405,388,132,2024-08-30,1,208.38
13406,242,149,2024-11-17,1,365.03
13407,15,34,2024-09-06,1,333.49
13408,209,81,2024-09-28,1,261.53
13409,248,120,2024-08-09,1,556.25
13410,61,106,2025-07-27,1,330.68
13411,408,134,2024-10-11,1,524.84
13412,186,79,2025-05-10,1,135.77
13413,437,120,2024-09-10,1,556.25
13414,185,8,2024-09-29,2,62.79
13415,335,119,2024-09-15,1,524.61
13416,290,23,2025-05-18,2,113.32
13417,436,40,2025-05-22,1,480.83
13418,177,33,2024-09-05,1,121.24
13419,116,122,2025-01-13,1,230.92
13420,41,127,2024-10-26,2,179.33
13421,19,43,2024-09-08,3,418.43
13422,266,93,2024-10-30,1,575.84
13423,157,74,2025-01-07,3,488.38
13424,425,1,2024-12-20,1,335.74
13425,215,19,2025-02-15,1,90.14
13426,195,44,2025-07-27,1,392.03
13427,95,109,2025-02-23,1,482.64
13428,27,22,2025-03-27,1,163.49
13429,477,62,2025-04-09,1,26.71
13430,106,115,2025-02-03,1,281.46
13431,116,125,2024-11-13,1,300.73
13432,211,17,2025-01-27,1,62.02
13433,199,62,2024-11-14,1,26.71
13434,92,89,2025-07-30,1,211.17
13435,381,1,2024-10-07,1,335.74
13436,377,62,2024-09-04,1,26.71
13437,40,56,2025-05-23,1,443.42
13438,264,146,2024-10-01,1,343.96
13439,259,73,2025-01-21,1,488.92
13440,198,75,2024-11-22,1,137.49
13441,20,120,2025-03-15,1,556.25
13442,135,108,2024-10-16,1,182.24
13443,326,83,2024-11-12,2,296.51
13444,96,85,2025-03-01,1,339.74
13445,149,73,2024-11-30,1,488.92
13446,450,11,2024-11-22,1,16.25
13447,469,45,2024-11-24,1,53.21
13448,111,34,2024-11-11,1,333.49
13449,292,42,2025-04-16,1,19.58
13450,286,114,2024-08-06,1,647.69
13451,463,62,2025-05-10,1,26.71
13452,444,20,2025-02-17,1,636.49
13453,190,149,2024-08-23,3,429.45
13454,346,133,2025-01-06,1,145.25
13455,376,71,2024-12-02,1,320.91
13456,470,51,2024-12-16,1,383.07
13457,17,128,2024-08-10,3,384.68
13458,190,138,2024-12-09,1,382.16
13459,330,45,2024-12-27,1,53.21
13460,342,73,2024-12-26,1,488.92
13461,241,78,2024-08-31,1,334.81
13462,8,71,2025-06-03,2,320.91
13463,227,64,2024-11-18,1,312.23
13464,176,10,2024-09-18,1,394.66
13465,375,25,2025-01-26,2,485.62
13466,381,116,2025-06-06,1,105.33
13467,291,47,2025-01-26,1,87.46
13468,121,33,2025-01-23,1,121.24
13469,432,60,2025-03-25,1,190.26
13470,374,42,2024-12-22,1,19.58
13471,193,99,2025-07-05,1,208.73
13472,492,29,2024-11-09,1,58.54
13473,242,68,2025-06-24,1,295.67
13474,310,133,2024-10-24,1,145.25
13475,231,136,2024-08-02,2,82.14
13476,469,36,2024-11-25,1,91.26
13477,28,68,2024-12-24,1,295.67
13478,23,5,2024-12-30,1,287.24
13479,140,56,2024-12-28,2,443.42
13480,110,144,2025-03-29,1,183.68
13481,349,94,2024-12-30,1,512.02
13482,257,40,2025-01-29,1,480.83
13483,437,90,2024-08-26,1,456.59
13484,469,103,2025-01-27,1,296.39
13485,171,11,2024-12-09,1,16.25
13486,142,46,2025-05-31,1,429.28
13487,53,2,2025-06-09,1,18.99
13488,222,11,2024-12-12,1,16.25
13489,247,92,2025-06-27,1,213.89
13490,343,134,2024-12-14,1,524.84
13491,394,41,2025-07-07,1,189.78
13492,183,71,2024-08-22,1,320.91
13493,468,63,2024-11-10,1,341.84
13494,181,18,2025-03-14,1,102.42
13495,201,23,2025-04-09,2,113.32
13496,100,60,2025-03-08,1,190.26
13497,75,111,2024-10-28,1,438.69
13498,42,114,2025-01-19,1,647.69
13499,191,106,2024-11-12,1,330.68
13500,159,123,2024-09-11,1,79.03
13501,238,118,2024-09-17,1,319.7
13502,251,118,2025-05-07,1,319.7
13503,326,150,2025-05-22,1,468.27
13504,111,132,2024-09-05,1,208.38
13505,426,4,2024-12-15,1,510.73
13506,343,52,2024-09-19,2,225.66
13507,40,103,2024-12-16,2,296.39
13508,425,46,2025-05-11,2,429.28
13509,12,124,2024-11-05,2,209.47
13510,70,9,2024-11-17,1,719.54
13511,182,65,2024-09-22,1,135.17
13512,168,113,2025-05-06,1,440.12
13513,257,112,2025-05-27,1,332.67
13514,438,84,2025-02-12,1,338.34
13515,271,137,2024-12-21,1,63.66
13516,240,36,2025-04-03,1,91.26
13517,239,118,2025-01-30,1,319.7
13518,359,70,2025-05-12,1,300.47
13519,474,39,2025-01-28,1,578.5
13520,422,106,2025-07-15,1,330.68
13521,24,59,2025-01-04,2,122.16
13522,222,53,2024-10-19,1,487.84
13523,447,140,2025-04-21,1,238.53
13524,64,112,2024-08-05,1,332.67
13525,151,104,2024-09-24,2,235.06
13526,28,131,2024-10-18,1,625.36
13527,427,27,2025-01-18,1,520.9
13528,485,69,2024-12-05,1,186.83
13529,286,17,2024-09-30,1,62.02
13530,60,10,2025-04-28,1,394.66
13531,35,43,2025-01-26,1,418.43
13532,264,62,2024-11-14,1,26.71
13533,498,150,2025-01-21,1,468.27
13534,87,7,2025-03-10,2,303.12
13535,39,63,2025-05-05,1,341.84
13536,105,63,2024-08-28,1,341.84
13537,191,41,2025-04-27,1,189.78
13538,60,1,2025-06-23,1,335.74
13539,408,101,2025-06-28,2,15.78
13540,223,61,2024-08-09,1,131.98
13541,212,78,2025-05-24,1,334.81
13542,165,82,2025-06-05,1,283.53
13543,330,47,2025-04-06,1,87.46
13544,402,120,2025-01-04,1,556.25
13545,170,54,2025-07-28,1,349.2
13546,156,141,2024-12-05,1,489.58
13547,318,29,2025-03-11,1,58.54
13548,152,76,2024-12-04,1,398.3
13549,14,5,2025-02-07,1,287.24
13550,249,30,2025-06-16,1,442.18
13551,101,23,2025-02-10,1,113.32
13552,432,24,2025-02-26,1,563.43
13553,485,138,2025-04-01,3,382.16
13554,362,72,2024-12-14,1,246.7
13555,188,90,2024-11-06,1,456.59
13556,436,143,2024-08-21,1,385.7
13557,266,58,2024-12-14,1,440.25
13558,420,89,2024-11-28,1,211.17
13559,477,9,2024-11-27,1,719.54
13560,55,19,2025-03-16,1,90.14
13561,276,69,2025-03-09,2,186.83
13562,107,25,2025-06-18,1,485.62
13563,320,138,2024-09-22,1,382.16
13564,422,5,2024-08-04,3,287.24
13565,245,138,2024-12-16,1,382.16
13566,18,29,2024-11-30,1,58.54
13567,279,78,2024-12-02,1,334.81
13568,281,52,2025-07-05,1,225.66
13569,70,75,2024-12-06,1,137.49
13570,315,83,2024-09-04,1,296.51
13571,241,54,2024-09-08,1,349.2
13572,472,41,2024-12-13,1,189.78
13573,375,40,2024-09-08,1,480.83
13574,453,1,2025-05-15,1,335.74
13575,362,59,2024-10-03,1,122.16
13576,215,76,2024-12-25,1,398.3
13577,465,23,2024-10-27,1,113.32
13578,460,96,2024-11-13,2,65.11
13579,101,49,2025-05-03,1,77.56
13580,362,60,2024-11-26,1,190.26
13581,62,132,2025-01-07,1,208.38
13582,168,55,2024-11-08,1,526.4
13583,363,30,2025-05-31,1,442.18
13584,31,68,2025-02-23,1,295.67
13585,84,149,2025-06-28,1,429.45
13586,458,114,2025-06-06,1,647.69
13587,44,64,2025-05-08,1,312.23
13588,50,148,2024-10-03,1,543.51
13589,317,146,2024-09-23,1,343.96
13590,50,73,2025-03-10,2,488.92
13591,481,91,2024-12-14,1,73.18
13592,279,27,2025-07-10,1,520.9
13593,183,10,2024-12-24,1,394.66
13594,132,94,2024-11-03,1,384.02
13595,127,77,2024-10-27,1,516.83
13596,334,34,2025-03-28,1,333.49
13597,295,42,2025-05-07,1,19.58
13598,484,5,2024-09-10,1,287.24
13599,200,121,2024-11-08,1,538.87
13600,213,40,2025-04-22,2,480.83
13601,225,123,2024-10-17,1,79.03
13602,174,70,2024-11-12,1,300.47
13603,330,88,2024-08-04,1,288.97
13604,373,76,2025-06-25,1,398.3
13605,444,108,2024-11-26,1,182.24
13606,452,58,2025-02-22,1,440.25
13607,490,134,2025-02-28,1,524.84
13608,293,52,2024-11-03,2,225.66
13609,53,106,2024-11-10,1,330.68
13610,191,25,2024-09-19,2,485.62
13611,125,137,2025-07-24,1,54.11
13612,472,48,2025-05-13,1,478.84
13613,422,24,2024-09-08,1,563.43
13614,331,35,2024-11-15,1,401.85
13615,359,144,2024-11-03,1,183.68
13616,116,139,2024-09-15,2,224.44
13617,444,61,2025-04-07,3,131.98
13618,223,40,2024-12-04,2,480.83
13619,87,61,2025-03-21,1,131.98
13620,242,61,2024-10-19,1,131.98
13621,179,47,2025-07-18,1,87.46
13622,109,20,2025-04-18,1,636.49
13623,170,58,2024-12-06,2,440.25
13624,176,140,2025-03-02,1,238.53
13625,286,70,2024-09-08,1,300.47
13626,483,7,2024-11-22,1,303.12
13627,61,61,2025-05-04,2,112.18
13628,490,143,2024-11-03,1,385.7
13629,444,32,2024-09-19,1,294.11
13630,429,73,2025-05-20,1,488.92
13631,111,122,2025-05-31,2,230.92
13632,219,51,2024-10-16,1,383.07
13633,336,6,2024-10-29,2,120.34
13634,498,114,2025-04-19,1,647.69
13635,211,114,2025-07-14,2,647.69
13636,459,31,2024-10-21,1,211.87
13637,141,143,2024-08-16,3,385.7
13638,394,112,2025-05-22,1,332.67
13639,129,1,2025-04-09,1,335.74
13640,251,67,2024-09-13,1,331.31
13641,118,94,2024-08-01,1,512.02
13642,36,112,2025-03-13,1,332.67
13643,352,142,2024-10-21,1,274.55
13644,234,81,2025-05-15,2,196.15
13645,362,81,2025-03-03,1,261.53
13646,169,59,2025-05-08,1,122.16
13647,41,126,2025-04-15,1,217.72
13648,354,86,2024-11-04,1,118.49
13649,369,144,2025-05-12,1,183.68
13650,316,78,2024-09-05,1,334.81
13651,92,107,2024-11-22,2,68.9
13652,200,118,2024-11-05,1,319.7
13653,45,54,2025-06-24,2,349.2
13654,477,99,2024-12-01,1,208.73
13655,478,41,2025-03-31,1,189.78
13656,489,75,2025-05-08,1,137.49
13657,365,59,2025-03-01,1,122.16
13658,19,139,2025-07-29,3,224.44
13659,396,42,2024-12-05,1,19.58
13660,50,65,2025-02-07,1,135.17
13661,432,48,2025-04-17,2,478.84
13662,346,134,2024-11-22,1,524.84
13663,258,50,2025-03-20,1,98.91
13664,90,128,2025-02-28,1,384.68
13665,53,93,2024-11-07,1,575.84
13666,24,65,2024-11-06,2,135.17
13667,266,56,2025-02-10,1,443.42
13668,416,28,2024-10-06,1,213.35
13669,467,85,2025-01-14,1,339.74
13670,404,51,2024-09-01,1,383.07
13671,244,51,2025-05-28,1,383.07
13672,371,118,2024-11-28,1,319.7
13673,184,132,2025-02-27,1,208.38
13674,394,119,2024-10-22,1,524.61
13675,93,20,2024-08-02,1,636.49
13676,23,149,2024-08-16,1,429.45
13677,425,71,2025-04-09,1,320.91
13678,449,61,2025-06-17,1,131.98
13679,384,7,2025-01-11,2,303.12
13680,234,10,2024-10-01,1,394.66
13681,167,103,2025-05-31,1,296.39
13682,179,89,2025-04-15,1,211.17
13683,132,45,2024-11-14,1,53.21
13684,425,112,2024-11-29,1,332.67
13685,62,14,2025-01-03,1,348.48
13686,68,130,2024-11-01,2,499.34
13687,232,46,2024-08-22,2,429.28
13688,440,47,2025-02-23,1,87.46
13689,277,8,2025-02-03,1,62.79
13690,105,63,2025-04-01,1,341.84
13691,364,138,2025-02-10,1,382.16
13692,210,68,2024-10-16,1,295.67
13693,430,144,2025-02-18,1,183.68
13694,381,127,2025-04-03,1,179.33
13695,466,150,2024-12-24,1,468.27
13696,189,64,2025-05-20,1,312.23
13697,99,40,2024-09-10,1,480.83
13698,370,95,2025-02-24,1,61.73
13699,432,82,2025-07-21,1,283.53
13700,498,3,2024-12-28,1,217.96
13701,424,92,2025-04-19,1,213.89
13702,341,126,2024-11-18,1,217.72
13703,20,33,2025-03-20,2,121.24
13704,469,129,2025-02-02,2,435.24
13705,424,59,2024-11-06,2,122.16
13706,400,150,2024-11-01,2,468.27
13707,144,118,2025-02-07,1,319.7
13708,298,140,2025-06-19,1,238.53
13709,308,125,2025-07-17,1,300.73
13710,211,121,2024-12-26,1,538.87
13711,167,150,2025-06-24,1,468.27
13712,428,87,2024-12-12,3,40.12
13713,170,61,2025-02-16,1,131.98
13714,107,14,2024-10-24,1,348.48
13715,489,122,2025-06-07,1,230.92
13716,330,68,2025-07-19,1,295.67
13717,452,39,2024-12-19,1,578.5
13718,267,37,2025-01-13,1,226.59
13719,203,79,2025-06-02,2,135.77
13720,162,88,2025-01-23,1,288.97
13721,177,39,2025-05-13,1,578.5
13722,50,144,2024-12-06,1,183.68
13723,428,7,2025-06-25,1,303.12
13724,32,103,2025-03-03,1,296.39
13725,49,133,2024-08-27,1,145.25
13726,320,8,2024-11-29,1,62.79
13727,461,115,2025-03-22,1,281.46
13728,314,66,2025-06-07,1,198.33
13729,180,75,2025-06-26,1,137.49
13730,186,138,2024-10-07,2,382.16
13731,122,14,2025-06-04,1,348.48
13732,189,6,2024-11-20,1,120.34
13733,199,106,2025-05-29,1,330.68
13734,244,96,2025-01-08,1,65.11
13735,159,21,2025-01-04,2,199.22
13736,315,15,2025-07-10,1,206.74
13737,382,109,2024-10-23,1,482.64
13738,471,118,2024-12-21,1,319.7
13739,71,22,2024-11-13,1,163.49
13740,485,134,2025-04-28,1,524.84
13741,336,6,2025-05-29,1,120.34
13742,288,77,2025-05-20,1,516.83
13743,332,98,2024-10-01,1,81.7
13744,232,76,2025-02-15,2,398.3
13745,449,73,2024-12-17,1,488.92
13746,60,34,2025-04-24,1,333.49
13747,333,4,2025-05-26,1,510.73
13748,362,130,2024-11-27,1,499.34
13749,298,125,2024-12-31,1,300.73
13750,40,95,2025-07-21,1,61.73
13751,444,131,2025-05-27,1,625.36
13752,175,140,2025-06-16,1,238.53
13753,127,41,2024-12-28,1,189.78
13754,142,88,2024-12-21,1,288.97
13755,177,40,2025-02-02,2,480.83
13756,202,74,2024-09-02,1,488.38
13757,24,149,2025-01-19,1,429.45
13758,419,107,2025-06-29,1,68.9
13759,121,2,2025-04-01,1,18.99
13760,144,86,2024-12-04,2,118.49
13761,429,102,2024-12-08,1,582.99
13762,279,71,2024-08-04,2,320.91
13763,4,10,2025-05-07,1,394.66
13764,126,42,2024-08-16,2,19.58
13765,497,40,2025-06-28,1,480.83
13766,361,85,2025-04-11,1,339.74
13767,83,20,2025-03-29,1,636.49
13768,389,86,2024-09-24,1,118.49
13769,164,132,2024-11-19,1,208.38
13770,100,77,2025-01-13,1,516.83
13771,4,83,2024-09-04,1,296.51
13772,121,70,2024-11-01,1,300.47
13773,39,2,2025-04-28,1,18.99
13774,328,132,2024-11-24,2,208.38
13775,481,77,2025-02-17,1,516.83
13776,237,116,2025-05-01,1,105.33
13777,123,101,2025-02-26,1,15.78
13778,452,134,2025-04-22,1,524.84
13779,242,133,2025-02-23,1,145.25
13780,485,109,2024-12-20,2,482.64
13781,485,132,2025-03-20,1,208.38
13782,375,129,2025-01-08,1,435.24
13783,288,128,2024-12-31,1,384.68
13784,293,118,2024-12-06,1,319.7
13785,168,116,2024-12-26,1,105.33
13786,118,3,2025-02-11,1,217.96
13787,305,124,2024-12-09,2,209.47
13788,431,133,2024-10-23,3,145.25
13789,39,45,2025-05-29,1,53.21
13790,427,16,2025-02-14,1,412.27
13791,74,20,2024-12-26,1,636.49
13792,394,36,2025-06-13,1,91.26
13793,373,5,2024-08-21,1,287.24
13794,75,82,2024-11-20,1,283.53
13795,364,143,2025-01-09,2,385.7
13796,394,38,2025-01-01,1,455.18
13797,469,147,2024-12-18,1,363.91
13798,107,49,2025-06-23,2,77.56
13799,418,82,2025-03-25,1,283.53
13800,445,17,2024-10-29,1,62.02
13801,440,107,2024-11-10,2,68.9
13802,352,100,2024-11-24,1,229.29
13803,449,53,2025-01-16,1,487.84
13804,422,48,2025-06-12,1,478.84
13805,430,67,2024-10-19,1,331.31
13806,87,145,2025-05-10,1,96.4
13807,277,79,2025-01-12,1,135.77
13808,397,102,2025-02-10,1,582.99
13809,216,28,2025-02-03,1,213.35
13810,179,102,2025-03-01,2,582.99
13811,23,38,2024-08-08,1,455.18
13812,317,9,2025-05-01,1,719.54
13813,424,93,2025-07-09,1,575.84
13814,437,131,2025-02-25,1,625.36
13815,348,110,2024-10-11,1,152.47
13816,492,150,2025-02-02,2,468.27
13817,203,11,2024-09-02,1,16.25
13818,39,90,2024-11-21,1,456.59
13819,164,90,2025-05-05,1,456.59
13820,39,106,2024-10-28,1,330.68
13821,493,93,2025-06-05,1,575.84
13822,367,132,2025-06-24,2,208.38
13823,268,32,2024-11-01,1,294.11
13824,290,37,2025-03-09,2,226.59
13825,265,10,2025-06-28,3,394.66
13826,438,95,2024-12-06,1,61.73
13827,259,145,2025-04-17,1,96.4
13828,242,146,2024-12-04,1,343.96
13829,377,38,2024-12-10,1,455.18
13830,171,104,2025-06-13,1,235.06
13831,232,92,2025-01-10,1,213.89
13832,85,121,2024-12-16,1,538.87
13833,314,57,2025-01-27,1,349.1
13834,394,48,2025-06-27,2,478.84
13835,279,121,2025-03-21,2,538.87
13836,50,120,2025-03-14,1,556.25
13837,302,41,2024-12-01,1,189.78
13838,99,87,2024-11-27,1,40.12
13839,240,3,2025-05-01,2,217.96
13840,194,22,2025-01-06,1,163.49
13841,252,59,2024-12-17,1,122.16
13842,180,105,2024-10-05,1,205.64
13843,76,49,2025-07-19,1,77.56
13844,182,23,2025-07-11,1,113.32
13845,200,71,2024-11-16,1,320.91
13846,318,82,2025-05-14,1,283.53
13847,82,100,2025-05-25,1,229.29
13848,181,143,2024-08-20,1,385.7
13849,159,118,2024-12-18,1,319.7
13850,343,134,2025-06-20,1,524.84
13851,449,123,2024-11-04,1,79.03
13852,394,14,2024-10-12,1,348.48
13853,275,46,2025-04-16,1,429.28
13854,269,139,2025-04-12,1,224.44
13855,394,69,2024-11-21,2,186.83
13856,499,88,2024-11-26,2,288.97
13857,323,134,2024-12-27,1,524.84
13858,258,76,2025-01-27,2,398.3
13859,266,41,2025-05-04,1,189.78
13860,31,106,2025-05-08,1,330.68
13861,117,118,2024-11-04,2,319.7
13862,64,66,2025-05-17,1,198.33
13863,443,138,2024-11-01,1,382.16
13864,106,106,2025-04-18,2,330.68
13865,222,134,2025-05-15,1,524.84
13866,457,91,2024-12-28,1,65.86
13867,224,30,2025-03-03,2,442.18
13868,440,59,2024-10-20,1,122.16
13869,219,17,2025-04-17,1,62.02
13870,293,43,2025-04-24,1,418.43
13871,116,131,2025-01-16,1,625.36
13872,457,28,2025-05-24,1,213.35
13873,52,84,2024-08-24,1,338.34
13874,38,83,2024-11-15,1,296.51
13875,327,97,2025-06-20,1,24.03
13876,199,13,2024-12-11,1,379.07
13877,346,148,2024-12-07,1,543.51
13878,85,74,2025-04-11,1,488.38
13879,61,56,2024-10-25,1,443.42
13880,70,61,2024-12-31,1,131.98
13881,293,146,2024-12-09,1,343.96
13882,17,147,2024-12-16,2,363.91
13883,294,148,2025-04-02,1,543.51
13884,356,56,2025-07-11,1,443.42
13885,176,106,2024-09-04,3,330.68
13886,90,38,2024-11-09,1,455.18
13887,292,148,2025-06-29,1,543.51
13888,419,146,2025-06-19,1,343.96
13889,171,130,2025-02-17,2,499.34
13890,24,101,2025-03-04,1,15.78
13891,2,65,2024-11-21,1,135.17
13892,11,108,2025-03-15,1,182.24
13893,315,111,2025-02-04,1,438.69
13894,92,49,2025-05-06,1,77.56
13895,305,85,2024-11-07,1,339.74
13896,74,37,2024-08-03,3,226.59
13897,415,37,2025-02-14,1,226.59
13898,66,83,2025-04-26,1,296.51
13899,135,81,2024-09-16,1,261.53
13900,198,58,2025-04-10,2,440.25
13901,387,129,2025-05-09,2,435.24
13902,256,78,2024-12-30,2,334.81
13903,16,95,2025-07-06,1,61.73
13904,152,145,2024-11-17,1,96.4
13905,96,40,2025-01-01,1,480.83
13906,51,88,2024-12-08,1,288.97
13907,199,132,2025-03-31,1,208.38
13908,432,95,2025-02-11,1,61.73
13909,29,68,2025-02-18,2,295.67
13910,156,47,2024-11-30,2,87.46
13911,33,73,2025-06-13,1,488.92
13912,287,91,2024-12-09,1,73.18
13913,36,61,2024-09-30,1,131.98
13914,242,109,2025-03-24,1,482.64
13915,162,43,2025-06-08,1,418.43
13916,449,20,2025-07-05,1,636.49
13917,488,17,2025-03-22,1,62.02
13918,491,82,2024-12-17,3,283.53
13919,54,1,2024-11-24,2,335.74
13920,224,35,2024-12-22,1,401.85
13921,181,46,2024-11-20,1,429.28
13922,135,72,2025-02-22,1,246.7
13923,260,103,2024-11-20,1,296.39
13924,322,61,2025-05-03,1,112.18
13925,45,29,2024-11-08,1,58.54
13926,250,90,2024-11-17,1,456.59
13927,250,107,2024-10-29,1,68.9
13928,467,8,2024-08-02,2,62.79
13929,30,142,2025-03-28,1,274.55
13930,348,123,2024-12-13,1,79.03
13931,449,48,2024-11-12,2,478.84
13932,202,7,2025-06-12,1,303.12
13933,194,32,2024-12-27,1,294.11
13934,45,94,2024-11-16,1,512.02
13935,223,77,2025-01-22,2,516.83
13936,351,137,2025-06-21,1,63.66
13937,351,95,2024-11-07,1,61.73
13938,406,124,2024-09-15,1,209.47
13939,384,95,2024-11-24,1,61.73
13940,257,6,2024-12-11,1,120.34
13941,219,104,2024-09-10,1,235.06
13942,133,39,2025-01-02,1,578.5
13943,207,92,2024-11-27,1,213.89
13944,420,53,2024-10-04,1,487.84
13945,77,38,2024-10-08,2,455.18
13946,101,55,2024-09-24,1,526.4
13947,195,142,2024-10-05,1,274.55
13948,426,45,2025-04-05,1,53.21
13949,282,49,2024-09-07,1,77.56
13950,54,103,2025-05-01,1,296.39
13951,106,89,2025-06-27,1,211.17
13952,310,49,2025-01-05,1,77.56
13953,227,19,2025-01-07,1,90.14
13954,186,106,2025-05-19,1,330.68
13955,131,36,2025-06-22,1,91.26
13956,275,11,2024-11-04,1,16.25
13957,424,91,2025-01-10,1,65.86
13958,300,14,2024-11-22,1,348.48
13959,422,142,2025-05-21,1,274.55
13960,456,105,2025-02-14,2,205.64
13961,10,44,2025-06-30,1,392.03
13962,485,55,2024-08-16,3,526.4
13963,31,57,2025-06-11,2,349.1
13964,491,49,2024-10-12,1,77.56
13965,295,69,2025-06-30,2,186.83
13966,265,121,2025-04-09,1,538.87
13967,242,112,2025-05-30,2,332.67
13968,343,105,2025-07-26,2,205.64
13969,183,29,2024-11-26,1,58.54
13970,155,40,2024-09-16,1,480.83
13971,376,23,2025-04-18,1,113.32
13972,394,64,2025-02-20,1,312.23
13973,63,96,2024-11-07,1,65.11
13974,264,17,2025-05-22,1,62.02
13975,55,124,2025-06-24,1,209.47
13976,218,85,2024-12-13,1,339.74
13977,468,18,2024-12-19,1,102.42
13978,412,120,2024-11-13,1,556.25
13979,290,73,2025-01-12,1,488.92
13980,480,88,2025-04-25,1,288.97
13981,406,22,2024-12-06,1,163.49
13982,478,48,2024-10-14,1,478.84
13983,396,46,2025-07-26,1,429.28
13984,23,26,2025-02-15,1,80.28
13985,360,79,2025-05-02,1,135.77
13986,94,116,2024-12-27,2,105.33
13987,449,6,2025-06-13,1,120.34
13988,346,26,2025-04-13,2,80.28
13989,61,38,2024-10-11,1,455.18
13990,412,149,2024-11-29,1,365.03
13991,397,140,2025-04-25,1,238.53
13992,458,104,2025-06-23,1,235.06
13993,413,125,2025-01-19,1,300.73
13994,295,53,2025-07-11,1,487.84
13995,231,55,2025-05-12,1,526.4
13996,166,97,2024-12-14,1,24.03
13997,423,21,2024-10-19,2,199.22
13998,412,129,2025-03-13,3,435.24
13999,291,103,2024-11-14,1,296.39
14000,177,40,2024-11-04,1,480.83
14001,93,64,2024-09-19,1,312.23
14002,50,80,2024-11-23,1,189.8
14003,498,106,2024-12-10,1,330.68
14004,350,146,2025-06-15,1,343.96
14005,497,78,2024-12-08,1,334.81
14006,263,15,2025-03-28,1,206.74
14007,468,86,2024-11-02,2,118.49
14008,437,110,2024-10-06,1,152.47
14009,117,46,2025-06-09,1,429.28
14010,37,146,2024-09-28,1,343.96
14011,310,142,2024-10-31,1,274.55
14012,155,21,2025-02-06,1,199.22
14013,269,131,2024-09-23,1,625.36
14014,90,148,2025-06-19,1,543.51
14015,275,38,2025-01-15,1,455.18
14016,327,97,2025-03-21,1,24.03
14017,305,13,2025-03-14,1,379.07
14018,164,49,2025-03-03,1,77.56
14019,191,136,2024-09-28,1,82.14
14020,314,11,2025-07-08,1,16.25
14021,227,133,2024-10-31,1,145.25
14022,2,133,2024-11-29,1,145.25
14023,458,113,2025-06-07,1,440.12
14024,363,119,2025-02-02,1,524.61
14025,107,95,2025-05-05,1,61.73
14026,173,22,2025-07-06,2,163.49
14027,430,45,2025-01-06,1,53.21
14028,396,149,2025-01-28,1,429.45
14029,177,90,2024-09-20,1,456.59
14030,154,73,2024-12-28,1,488.92
14031,50,107,2025-06-19,1,68.9
14032,191,60,2025-05-23,1,190.26
14033,132,6,2025-06-30,1,120.34
14034,437,8,2024-12-23,1,62.79
14035,396,40,2025-07-30,1,480.83
14036,224,32,2024-09-20,1,294.11
14037,270,87,2025-04-01,1,40.12
14038,110,31,2025-07-24,1,211.87
14039,219,121,2025-01-12,1,538.87
14040,463,106,2024-11-08,1,330.68
14041,306,117,2025-06-05,1,524.45
14042,424,145,2025-05-30,1,96.4
14043,397,124,2025-03-19,1,209.47
14044,49,53,2024-12-08,1,487.84
14045,398,126,2025-04-27,1,217.72
14046,87,130,2024-11-07,1,499.34
14047,24,131,2024-10-21,1,625.36
14048,266,5,2025-06-22,1,215.43
14049,364,146,2025-02-23,1,343.96
14050,477,140,2025-02-16,1,238.53
14051,42,98,2024-12-30,2,81.7
14052,129,67,2025-03-26,1,331.31
14053,140,62,2025-01-12,1,26.71
14054,371,6,2025-05-12,3,120.34
14055,310,93,2024-10-06,1,575.84
14056,481,5,2024-10-26,1,287.24
14057,48,109,2025-02-14,1,482.64
14058,377,76,2025-05-11,1,398.3
14059,57,80,2025-05-24,1,189.8
14060,111,32,2025-04-19,1,294.11
14061,188,137,2025-07-24,2,54.11
14062,319,72,2024-08-01,1,246.7
14063,384,59,2024-11-08,1,122.16
14064,115,13,2024-10-18,1,379.07
14065,224,7,2024-10-19,1,303.12
14066,159,51,2024-11-06,1,383.07
14067,360,54,2024-09-06,1,349.2
14068,485,48,2025-05-05,1,478.84
14069,13,125,2024-11-13,1,300.73
14070,347,71,2025-05-30,1,320.91
14071,219,3,2025-06-28,1,217.96
14072,52,99,2024-09-27,1,208.73
14073,162,143,2024-09-05,2,385.7
14074,350,140,2025-07-23,1,238.53
14075,377,34,2025-02-26,1,333.49
14076,260,150,2024-11-30,1,468.27
14077,215,123,2025-02-16,1,79.03
14078,424,19,2024-12-16,1,90.14
14079,492,145,2025-02-01,1,96.4
14080,297,55,2025-06-29,1,526.4
14081,215,78,2025-06-28,1,334.81
14082,170,97,2025-06-08,2,24.03
14083,191,115,2025-03-11,2,281.46
14084,351,34,2025-06-04,1,333.49
14085,425,135,2025-05-12,1,416.04
14086,110,25,2024-11-15,1,485.62
14087,64,76,2025-06-22,1,398.3
14088,410,119,2025-02-26,1,524.61
14089,320,25,2025-06-09,1,485.62
14090,46,135,2025-03-08,1,416.04
14091,274,42,2024-11-04,1,19.58
14092,36,137,2025-07-20,1,54.11
14093,258,69,2025-05-05,1,186.83
14094,157,64,2025-04-20,1,312.23
14095,430,77,2025-04-22,1,310.1
14096,37,48,2025-04-05,2,478.84
14097,153,143,2024-12-10,1,385.7
14098,463,149,2024-10-29,2,429.45
14099,176,131,2024-08-11,1,625.36
14100,429,111,2025-04-12,1,438.69
14101,108,8,2025-01-12,1,62.79
14102,70,124,2025-07-18,1,209.47
14103,193,45,2025-06-12,1,53.21
14104,240,59,2025-06-22,2,122.16
14105,274,26,2025-05-08,1,80.28
14106,140,23,2024-08-01,1,113.32
14107,468,102,2024-09-26,1,582.99
14108,381,72,2024-11-17,1,246.7
14109,420,87,2024-10-18,1,40.12
14110,115,43,2024-11-04,1,418.43
14111,159,111,2024-12-25,1,438.69
14112,448,14,2025-07-14,1,348.48
14113,46,140,2025-01-24,1,238.53
14114,477,70,2025-07-21,1,300.47
14115,49,132,2025-06-30,1,208.38
14116,243,105,2024-10-11,1,205.64
14117,350,123,2024-12-16,1,79.03
14118,108,27,2025-04-30,2,520.9
14119,491,99,2024-12-26,1,208.73
14120,60,31,2024-12-03,1,180.09
14121,194,132,2025-04-30,1,208.38
14122,382,117,2025-03-14,1,524.45
14123,367,74,2025-06-13,1,488.38
14124,184,126,2025-07-12,1,217.72
14125,172,55,2024-12-06,1,526.4
14126,3,71,2025-03-24,1,320.91
14127,50,20,2025-07-12,1,636.49
14128,476,78,2024-10-08,1,334.81
14129,461,31,2024-10-18,1,211.87
14130,56,148,2024-08-08,1,543.51
14131,83,83,2025-05-16,1,296.51
14132,86,10,2025-01-24,1,394.66
14133,474,42,2025-02-10,1,19.58
14134,469,95,2025-03-19,1,61.73
14135,167,139,2025-01-30,1,224.44
14136,293,134,2025-05-13,2,524.84
14137,94,46,2025-02-01,1,429.28
14138,62,86,2024-12-15,1,118.49
14139,111,67,2025-04-14,1,331.31
14140,166,93,2025-04-19,2,575.84
14141,293,16,2024-11-23,2,412.27
14142,159,101,2024-08-28,1,15.78
14143,227,124,2025-01-28,1,209.47
14144,184,23,2025-06-25,2,113.32
14145,500,139,2024-12-06,1,224.44
14146,318,52,2025-01-26,1,225.66
14147,436,149,2024-12-14,1,429.45
14148,291,101,2025-04-18,1,15.78
14149,166,31,2025-03-22,1,211.87
14150,293,5,2025-01-07,1,287.24
14151,472,117,2025-02-14,1,524.45
14152,251,137,2024-11-09,1,63.66
14153,499,127,2024-09-03,2,179.33
14154,21,13,2025-05-30,1,379.07
14155,321,98,2024-10-01,1,81.7
14156,51,67,2025-06-27,1,331.31
14157,115,55,2025-01-26,1,526.4
14158,23,94,2024-12-22,1,512.02
14159,44,49,2025-05-22,1,77.56
14160,394,100,2024-12-05,2,229.29
14161,254,121,2025-06-28,1,538.87
14162,191,21,2025-06-11,1,199.22
14163,342,6,2024-09-11,1,120.34
14164,169,128,2025-02-10,1,384.68
14165,58,132,2025-03-24,1,208.38
14166,293,64,2024-11-08,1,312.23
14167,65,87,2024-12-14,1,40.12
14168,155,127,2025-04-24,1,179.33
14169,310,39,2024-10-19,1,578.5
14170,397,30,2024-12-11,2,442.18
14171,488,47,2024-12-17,1,87.46
14172,375,99,2025-06-06,1,208.73
14173,242,87,2025-06-22,1,40.12
14174,492,95,2025-04-03,2,61.73
14175,142,52,2024-11-17,1,225.66
14176,452,143,2025-03-02,1,385.7
14177,416,67,2025-03-24,1,331.31
14178,24,30,2024-11-05,1,442.18
14179,191,63,2025-06-13,1,341.84
14180,362,116,2025-01-10,1,105.33
14181,498,75,2024-11-08,3,137.49
14182,415,138,2025-01-01,1,382.16
14183,133,106,2025-06-15,1,330.68
14184,327,115,2025-03-15,1,281.46
14185,342,70,2025-01-12,2,300.47
14186,363,139,2024-11-25,1,224.44
14187,22,98,2025-04-23,1,81.7
14188,247,137,2024-11-16,1,63.66
14189,31,28,2024-12-02,1,213.35
14190,245,59,2025-01-05,1,122.16
14191,375,139,2024-11-29,3,224.44
14192,24,123,2024-12-12,1,79.03
14193,110,137,2024-10-28,1,63.66
14194,180,57,2024-11-01,1,349.1
14195,346,30,2024-11-15,1,442.18
14196,166,32,2024-12-23,1,294.11
14197,133,14,2024-11-11,1,348.48
14198,229,77,2025-07-25,1,516.83
14199,206,68,2024-11-14,2,295.67
14200,444,34,2024-12-10,1,333.49
14201,176,36,2024-08-18,1,91.26
14202,208,131,2024-09-08,1,625.36
14203,498,14,2025-02-11,1,348.48
14204,257,100,2025-02-15,1,229.29
14205,298,149,2024-12-30,1,429.45
14206,256,22,2024-11-15,1,163.49
14207,137,68,2025-03-01,1,295.67
14208,442,51,2024-11-15,1,383.07
14209,424,47,2025-02-04,1,87.46
14210,199,147,2025-06-23,1,363.91
14211,172,146,2025-04-11,1,343.96
14212,55,40,2024-10-27,1,480.83
14213,291,119,2024-09-18,1,524.61
14214,176,76,2024-09-15,2,398.3
14215,166,127,2024-09-18,1,179.33
14216,189,76,2025-06-29,1,398.3
14217,224,134,2025-02-04,1,524.84
14218,316,148,2025-07-04,1,543.51
14219,188,79,2025-02-03,1,135.77
14220,166,120,2024-12-04,1,556.25
14221,467,18,2024-10-26,1,102.42
14222,144,108,2024-11-30,1,182.24
14223,291,59,2025-06-10,1,122.16
14224,471,43,2024-12-15,1,418.43
14225,128,89,2024-10-09,1,211.17
14226,271,135,2025-06-21,1,416.04
14227,40,100,2024-12-16,2,229.29
14228,164,74,2025-04-09,1,488.38
14229,129,29,2025-02-08,1,58.54
14230,152,52,2025-07-07,1,225.66
14231,123,106,2025-01-19,1,330.68
14232,95,121,2025-01-31,1,538.87
14233,61,86,2025-04-18,36,118.49
14234,80,30,2025-05-12,1,442.18
14235,193,131,2024-10-18,1,625.36
14236,121,20,2024-11-16,1,636.49
14237,403,115,2025-03-13,1,281.46
14238,156,51,2024-08-22,1,383.07
14239,230,117,2024-11-15,1,524.45
14240,371,56,2024-10-04,1,443.42
14241,191,18,2025-02-15,1,102.42
14242,468,101,2025-07-11,1,15.78
14243,49,9,2025-01-03,1,719.54
14244,175,46,2025-02-06,1,429.28
14245,362,31,2024-08-08,1,211.87
14246,10,8,2024-10-23,1,62.79
14247,55,120,2024-12-27,1,556.25
14248,140,130,2024-12-08,1,499.34
14249,396,92,2024-09-01,1,213.89
14250,456,121,2025-07-20,1,538.87
14251,477,125,2024-12-05,1,300.73
14252,319,116,2024-12-02,1,105.33
14253,42,139,2024-10-18,2,224.44
14254,207,16,2024-09-25,1,412.27
14255,200,116,2024-10-13,1,105.33
14256,159,149,2025-05-11,1,429.45
14257,219,147,2024-10-01,1,363.91
14258,122,90,2025-01-16,2,456.59
14259,210,146,2024-10-14,1,343.96
14260,388,40,2025-06-01,1,480.83
14261,61,145,2024-12-26,1,96.4
14262,244,55,2024-10-16,1,526.4
14263,447,8,2024-08-29,1,62.79
14264,484,50,2024-09-19,1,98.91
14265,346,133,2025-06-06,1,145.25
14266,488,110,2024-12-14,1,152.47
14267,245,72,2025-01-18,1,246.7
14268,453,110,2025-05-18,1,152.47
14269,29,109,2024-11-28,1,482.64
14270,468,57,2024-10-22,1,349.1
14271,485,92,2025-02-11,1,213.89
14272,444,140,2024-11-03,1,238.53
14273,64,40,2025-02-09,2,480.83
14274,101,30,2025-02-02,1,442.18
14275,223,105,2025-02-17,1,205.64
14276,436,91,2024-11-30,1,73.18
14277,20,117,2024-10-05,1,524.45
14278,215,1,2025-01-19,1,335.74
14279,229,145,2024-10-23,1,96.4
14280,391,68,2024-11-10,1,295.67
14281,467,110,2025-05-28,1,152.47
14282,347,20,2025-03-21,1,636.49
14283,388,25,2024-11-02,1,485.62
14284,430,65,2024-10-19,1,135.17
14285,96,40,2025-03-10,1,480.83
14286,217,136,2024-10-21,2,82.14
14287,483,8,2024-11-23,1,62.79
14288,183,80,2024-09-12,3,189.8
14289,175,75,2025-01-14,1,137.49
14290,164,69,2024-10-23,1,186.83
14291,394,149,2025-02-14,1,429.45
14292,125,82,2025-07-15,1,283.53
14293,307,150,2024-12-28,1,468.27
14294,198,121,2025-07-18,1,538.87
14295,21,108,2024-12-21,1,182.24
14296,12,103,2024-10-27,1,296.39
14297,488,146,2024-10-22,1,343.96
14298,240,99,2024-10-19,1,208.73
14299,409,9,2025-02-06,1,719.54
14300,424,150,2025-07-12,1,468.27
14301,480,131,2025-05-18,1,625.36
14302,264,17,2025-07-28,1,62.02
14303,442,95,2024-08-18,2,61.73
14304,68,116,2024-11-09,1,105.33
14305,268,59,2025-03-24,1,122.16
14306,272,52,2024-11-28,2,225.66
14307,436,107,2025-04-25,1,68.9
14308,170,104,2025-06-09,1,235.06
14309,179,44,2024-12-03,2,392.03
14310,417,63,2024-12-16,2,341.84
14311,251,111,2025-04-04,1,438.69
14312,326,53,2025-01-24,1,487.84
14313,135,79,2025-04-02,1,135.77
14314,120,90,2024-11-02,1,456.59
14315,209,27,2025-07-15,1,520.9
14316,342,99,2025-05-14,1,208.73
14317,288,140,2024-12-24,1,238.53
14318,437,7,2024-09-20,1,303.12
14319,103,94,2024-12-06,1,512.02
14320,227,119,2025-06-27,1,524.61
14321,346,117,2025-02-02,1,524.45
14322,400,88,2025-05-20,1,288.97
14323,195,4,2024-10-11,2,510.73
14324,194,21,2025-07-05,1,199.22
14325,232,78,2024-10-28,1,334.81
14326,317,51,2024-12-14,1,383.07
14327,305,76,2025-07-08,1,398.3
14328,358,14,2025-02-05,1,348.48
14329,396,61,2025-02-27,1,131.98
14330,120,3,2024-10-13,1,196.16
14331,82,15,2025-06-27,1,206.74
14332,353,131,2024-12-14,1,625.36
14333,327,39,2025-01-02,1,578.5
14334,223,36,2024-12-06,1,91.26
14335,8,117,2024-12-15,1,524.45
14336,326,15,2024-12-26,2,206.74
14337,436,4,2024-10-19,1,510.73
14338,97,138,2025-01-11,1,382.16
14339,153,144,2024-11-24,1,183.68
14340,198,69,2024-12-30,1,186.83
14341,239,12,2024-12-31,1,261.78
14342,352,149,2024-11-15,1,365.03
14343,232,19,2025-01-24,1,90.14
14344,10,101,2025-07-31,1,15.78
14345,174,24,2024-10-01,1,563.43
14346,429,81,2024-09-03,1,261.53
14347,410,37,2025-02-03,1,226.59
14348,191,71,2024-11-04,1,320.91
14349,209,110,2025-02-03,1,152.47
14350,262,92,2025-02-22,1,213.89
14351,39,132,2025-03-16,1,208.38
14352,477,92,2025-05-09,1,213.89
14353,319,99,2025-03-11,1,208.73
14354,123,80,2024-12-27,1,189.8
14355,104,87,2025-04-17,2,40.12
14356,216,23,2024-11-28,1,113.32
14357,251,5,2024-08-19,1,287.24
14358,449,83,2024-12-29,1,296.51
14359,266,46,2024-12-27,1,429.28
14360,470,139,2024-10-05,1,224.44
14361,146,35,2025-04-18,2,401.85
14362,427,24,2024-08-14,2,563.43
14363,405,56,2025-05-27,1,443.42
14364,22,58,2024-09-01,2,440.25
14365,498,4,2025-07-24,1,510.73
14366,80,35,2024-12-29,1,401.85
14367,498,121,2024-12-24,2,538.87
14368,65,121,2024-11-15,1,538.87
14369,263,116,2025-03-01,1,105.33
14370,177,81,2024-12-14,1,261.53
14371,61,5,2024-09-07,1,287.24
14372,260,11,2024-12-19,2,16.25
14373,490,140,2024-11-14,1,238.53
14374,92,96,2025-01-26,1,65.11
14375,418,30,2024-08-05,1,442.18
14376,449,124,2025-04-20,1,209.47
14377,64,128,2025-01-10,1,384.68
14378,342,36,2025-03-01,1,91.26
14379,462,27,2025-03-09,1,520.9
14380,31,74,2024-12-15,1,488.38
14381,176,65,2025-04-25,1,135.17
14382,477,127,2024-09-06,1,179.33
14383,416,105,2024-10-01,1,205.64
14384,159,139,2025-03-31,1,224.44
14385,87,42,2024-10-19,1,19.58
14386,432,145,2024-11-26,1,81.94
14387,100,4,2024-09-28,1,510.73
14388,151,74,2025-01-19,1,488.38
14389,92,1,2025-03-11,1,335.74
14390,152,72,2024-12-10,1,246.7
14391,346,59,2024-12-13,1,122.16
14392,477,77,2025-02-18,1,516.83
14393,490,135,2025-01-26,1,416.04
14394,100,130,2025-07-24,1,499.34
14395,46,77,2024-11-11,1,516.83
14396,280,1,2024-09-08,1,335.74
14397,453,13,2025-01-04,2,379.07
14398,31,51,2024-10-30,1,383.07
14399,330,94,2024-10-05,1,512.02
14400,181,2,2024-11-26,1,17.09
14401,138,94,2025-02-25,1,512.02
14402,111,18,2025-07-11,1,102.42
14403,74,48,2024-08-31,1,478.84
14404,151,137,2025-04-16,1,63.66
14405,329,141,2025-06-16,1,489.58
14406,486,110,2025-07-29,1,152.47
14407,119,79,2025-05-28,2,135.77
14408,316,2,2025-06-26,1,18.99
14409,189,46,2025-04-24,1,429.28
14410,436,95,2024-12-10,1,61.73
14411,444,113,2025-01-30,2,440.12
14412,350,13,2024-11-07,1,379.07
14413,229,135,2024-10-16,2,416.04
14414,21,71,2024-12-12,1,320.91
14415,161,92,2025-04-03,1,213.89
14416,315,33,2025-05-08,3,121.24
14417,388,5,2024-09-12,1,287.24
14418,158,5,2024-10-27,1,287.24
14419,467,28,2025-03-28,1,213.35
14420,262,17,2024-12-17,3,62.02
14421,16,117,2025-03-07,1,524.45
14422,167,44,2024-11-28,1,392.03
14423,159,111,2025-03-22,2,438.69
14424,186,3,2024-09-04,2,217.96
14425,392,129,2024-10-08,1,435.24
14426,56,6,2024-11-23,1,120.34
14427,38,20,2024-11-21,3,636.49
14428,215,35,2025-07-10,2,401.85
14429,22,36,2025-03-10,1,91.26
14430,454,65,2024-10-23,1,135.17
14431,178,60,2024-10-17,1,190.26
14432,324,38,2025-07-14,1,455.18
14433,31,54,2025-02-22,1,349.2
14434,113,19,2025-06-16,1,90.14
14435,109,13,2025-05-18,2,379.07
14436,106,19,2025-04-02,1,90.14
14437,128,6,2025-04-05,1,120.34
14438,352,105,2025-02-27,1,205.64
14439,482,47,2025-04-28,1,87.46
14440,343,58,2024-11-14,1,440.25
14441,136,64,2025-01-25,1,312.23
14442,363,78,2025-03-08,1,334.81
14443,230,38,2025-01-22,1,455.18
14444,437,16,2025-06-29,1,412.27
14445,100,30,2025-06-15,1,442.18
14446,315,37,2024-12-30,1,226.59
14447,44,97,2024-12-26,1,24.03
14448,135,57,2024-10-04,1,349.1
14449,347,74,2025-03-02,1,488.38
14450,435,31,2025-07-24,1,211.87
14451,468,56,2025-06-19,1,443.42
14452,70,149,2025-05-02,1,429.45
14453,43,130,2025-06-09,1,499.34
14454,48,5,2024-09-17,1,287.24
14455,173,43,2024-12-21,2,418.43
14456,396,78,2025-07-23,1,334.81
14457,224,115,2025-03-11,1,281.46
14458,41,90,2025-02-07,1,456.59
14459,239,90,2024-08-21,1,456.59
14460,240,65,2025-04-10,2,135.17
14461,50,24,2024-11-10,1,563.43
14462,357,129,2024-09-23,2,435.24
14463,348,15,2025-03-17,1,206.74
14464,491,36,2024-12-05,1,91.26
14465,351,147,2025-02-18,1,363.91
14466,107,136,2024-08-31,1,82.14
14467,168,35,2025-04-11,2,401.85
14468,52,8,2025-03-08,1,62.79
14469,375,110,2024-11-13,2,152.47
14470,31,45,2025-01-09,1,53.21
14471,385,76,2025-04-10,1,398.3
14472,351,67,2025-04-12,1,331.31
14473,470,16,2024-09-23,1,412.27
14474,389,119,2024-08-14,1,524.61
14475,392,110,2025-05-04,1,152.47
14476,156,28,2024-08-02,1,213.35
14477,375,13,2024-12-06,1,379.07
14478,495,59,2024-12-01,1,122.16
14479,235,60,2025-02-24,1,190.26
14480,264,5,2025-05-23,1,287.24
14481,461,111,2025-01-29,1,438.69
14482,445,137,2025-02-22,1,63.66
14483,313,90,2025-05-16,2,456.59
14484,144,99,2025-02-19,1,208.73
14485,259,13,2024-12-15,1,379.07
14486,126,92,2024-08-25,2,213.89
14487,403,85,2025-05-30,1,339.74
14488,147,44,2024-10-12,1,392.03
14489,77,17,2025-03-16,1,62.02
14490,278,105,2024-09-23,1,205.64
14491,275,55,2024-12-16,1,526.4
14492,177,112,2024-08-20,1,332.67
14493,231,108,2025-02-12,1,182.24
14494,477,34,2024-11-01,1,333.49
14495,336,94,2025-02-28,1,512.02
14496,266,28,2025-05-28,2,213.35
14497,438,83,2025-05-04,1,296.51
14498,420,41,2024-11-20,1,189.78
14499,127,44,2024-12-19,1,392.03
14500,51,36,2025-04-30,1,91.26
14501,46,104,2024-11-28,1,235.06
14502,420,92,2025-05-12,1,213.89
14503,85,19,2025-01-03,1,90.14
14504,372,88,2024-11-23,2,288.97
14505,55,41,2024-11-23,1,189.78
14506,132,99,2025-06-27,1,208.73
14507,109,97,2024-09-01,1,24.03
14508,103,3,2025-03-13,2,217.96
14509,395,66,2025-03-15,1,198.33
14510,307,110,2024-11-19,1,152.47
14511,167,47,2024-11-20,1,87.46
14512,173,30,2024-11-01,1,442.18
14513,218,42,2024-08-09,1,19.58
14514,412,94,2024-12-25,1,512.02
14515,453,1,2025-01-23,1,335.74
14516,436,144,2024-11-12,1,183.68
14517,227,119,2025-07-04,1,524.61
14518,360,67,2024-10-21,1,331.31
14519,40,130,2025-03-07,1,499.34
14520,94,148,2025-06-08,1,543.51
14521,102,35,2024-09-15,1,401.85
14522,437,148,2025-03-04,1,543.51
14523,65,1,2024-11-20,1,335.74
14524,455,94,2025-01-16,1,512.02
14525,93,27,2024-12-29,1,520.9
14526,128,78,2025-05-22,1,334.81
14527,204,6,2024-11-08,1,120.34
14528,424,67,2024-11-10,1,331.31
14529,109,72,2024-12-10,1,246.7
14530,370,136,2025-04-29,1,82.14
14531,31,134,2024-08-23,1,524.84
14532,377,139,2024-11-02,1,224.44
14533,407,90,2024-09-09,1,456.59
14534,389,39,2024-11-12,1,578.5
14535,150,104,2024-12-28,1,235.06
14536,259,123,2024-09-08,1,79.03
14537,176,108,2024-12-01,1,182.24
14538,322,20,2024-12-20,1,636.49
14539,247,126,2024-09-06,1,217.72
14540,45,78,2025-04-28,2,334.81
14541,33,110,2025-01-25,1,152.47
14542,377,11,2024-09-14,1,16.25
14543,309,41,2024-11-11,1,189.78
14544,320,131,2025-05-14,1,625.36
14545,54,107,2025-07-29,1,68.9
14546,155,70,2025-01-27,1,300.47
14547,395,147,2025-01-05,1,363.91
14548,156,72,2024-10-08,1,246.7
14549,1,7,2024-11-11,1,303.12
14550,117,5,2025-07-11,1,287.24
14551,179,143,2025-03-17,1,385.7
14552,202,44,2025-01-18,1,392.03
14553,183,23,2025-01-11,2,113.32
14554,9,139,2025-06-30,1,224.44
14555,256,69,2025-03-20,2,186.83
14556,474,138,2025-02-16,1,382.16
14557,322,94,2025-03-30,1,512.02
14558,181,56,2024-11-23,1,443.42
14559,370,78,2025-01-09,1,334.81
14560,71,34,2025-07-29,1,333.49
14561,4,43,2024-12-19,1,418.43
14562,470,52,2025-07-20,1,225.66
14563,46,103,2025-07-25,1,296.39
14564,159,104,2024-12-02,1,235.06
14565,375,32,2025-05-07,1,294.11
14566,490,103,2025-03-31,1,296.39
14567,386,135,2025-02-15,1,416.04
14568,468,149,2025-02-17,1,429.45
14569,270,18,2025-01-04,1,102.42
14570,117,131,2024-08-31,1,625.36
14571,87,71,2025-05-29,1,320.91
14572,437,119,2025-07-13,2,524.61
14573,146,135,2025-05-13,1,416.04
14574,17,142,2025-04-03,1,274.55
14575,464,125,2024-12-12,1,300.73
14576,346,98,2024-11-23,1,81.7
14577,211,131,2024-12-23,2,625.36
14578,229,16,2024-11-07,1,412.27
14579,239,121,2024-10-05,1,538.87
14580,132,98,2024-10-23,1,81.7
14581,324,3,2025-01-23,1,217.96
14582,429,150,2025-02-15,1,468.27
14583,280,65,2024-12-11,1,135.17
14584,431,41,2025-05-21,1,189.78
14585,62,81,2025-03-18,3,261.53
14586,172,123,2025-01-31,1,79.03
14587,369,82,2024-11-01,1,283.53
14588,485,90,2025-05-24,1,456.59
14589,420,20,2024-08-18,1,636.49
14590,346,38,2024-12-12,1,455.18
14591,346,113,2025-02-20,1,440.12
14592,277,92,2024-08-06,1,213.89
14593,70,125,2025-03-28,1,300.73
14594,87,123,2024-09-01,2,79.03
14595,489,85,2024-12-01,1,339.74
14596,105,128,2025-04-23,1,384.68
14597,260,92,2025-04-23,1,213.89
14598,1,136,2024-12-15,1,82.14
14599,146,47,2024-12-01,1,87.46
14600,83,87,2025-01-07,1,40.12
14601,118,114,2024-09-01,1,647.69
14602,172,95,2024-12-11,2,61.73
14603,388,83,2025-03-20,1,296.51
14604,435,19,2024-12-09,1,90.14
14605,79,25,2024-10-29,1,485.62
14606,377,110,2025-01-05,1,152.47
14607,24,19,2025-03-27,1,90.14
14608,414,30,2025-01-27,1,442.18
14609,470,60,2025-03-22,1,190.26
14610,122,114,2025-05-02,1,647.69
14611,468,93,2025-02-25,1,575.84
14612,353,87,2025-02-23,1,40.12
14613,438,125,2025-04-08,1,300.73
14614,161,17,2024-11-29,1,62.02
14615,352,89,2025-04-11,1,211.17
14616,167,96,2024-12-28,2,65.11
14617,54,124,2024-09-30,1,209.47
14618,286,1,2024-10-01,1,335.74
14619,95,3,2025-05-07,1,217.96
14620,61,82,2025-03-09,1,283.53
14621,181,28,2025-02-18,2,213.35
14622,113,70,2024-09-08,1,300.47
14623,217,126,2024-11-01,2,217.72
14624,140,128,2025-06-19,1,384.68
14625,96,69,2024-12-10,1,186.83
14626,274,45,2025-05-10,1,53.21
14627,396,120,2025-03-22,1,556.25
14628,190,98,2025-03-15,1,81.7
14629,96,3,2024-12-16,1,217.96
14630,65,76,2025-05-20,1,398.3
14631,157,5,2025-06-09,2,287.24
14632,238,83,2025-07-21,2,296.51
14633,436,23,2025-06-02,1,113.32
14634,132,85,2024-11-05,1,339.74
14635,167,116,2024-09-05,1,105.33
14636,199,16,2025-03-15,1,412.27
14637,71,117,2025-01-22,1,524.45
14638,348,136,2024-12-25,1,82.14
14639,85,60,2025-05-13,1,190.26
14640,62,42,2025-05-17,1,19.58
14641,59,22,2025-03-16,1,163.49
14642,51,51,2025-03-11,1,383.07
14643,444,82,2024-09-29,1,283.53
14644,481,22,2024-12-31,1,163.49
14645,490,2,2025-05-11,1,18.99
14646,342,17,2024-10-22,1,62.02
14647,432,131,2025-02-01,1,625.36
14648,171,130,2024-09-15,2,499.34
14649,126,24,2024-10-22,1,563.43
14650,423,101,2025-03-19,1,15.78
14651,452,34,2025-06-02,1,333.49
14652,295,75,2025-06-06,1,137.49
14653,485,27,2025-03-18,1,520.9
14654,463,26,2024-11-28,1,80.28
14655,217,10,2025-04-03,1,394.66
14656,159,112,2024-10-04,1,332.67
14657,222,53,2024-11-09,1,487.84
14658,242,139,2024-11-19,1,224.44
14659,275,96,2025-02-06,1,65.11
14660,369,55,2024-11-07,1,526.4
14661,58,25,2024-11-26,1,485.62
14662,460,141,2025-03-10,1,489.58
14663,135,14,2025-05-24,3,348.48
14664,362,33,2024-09-29,1,121.24
14665,383,31,2024-11-08,1,211.87
14666,403,115,2024-11-07,1,281.46
14667,322,56,2025-06-21,2,443.42
14668,129,54,2024-12-19,2,349.2
14669,457,88,2025-05-25,1,288.97
14670,387,5,2024-10-29,1,287.24
14671,484,131,2024-12-13,1,625.36
14672,227,149,2025-06-19,1,429.45
14673,111,90,2024-10-26,1,456.59
14674,60,36,2025-04-15,1,91.26
14675,370,120,2024-09-30,3,556.25
14676,460,98,2024-08-10,2,81.7
14677,408,140,2025-06-11,2,238.53
14678,82,7,2024-08-21,1,303.12
14679,476,53,2025-06-15,2,487.84
14680,321,72,2024-12-31,1,246.7
14681,290,41,2025-03-07,2,189.78
14682,373,27,2024-11-30,1,520.9
14683,107,76,2024-08-16,1,398.3
14684,46,34,2025-07-23,1,333.49
14685,487,7,2024-11-11,1,303.12
14686,111,1,2024-12-19,2,335.74
14687,253,103,2024-12-02,1,296.39
14688,242,102,2025-01-31,1,582.99
14689,24,59,2024-11-09,1,122.16
14690,95,23,2024-09-25,1,113.32
14691,258,141,2025-01-24,3,489.58
14692,453,66,2024-10-06,1,198.33
14693,385,7,2024-09-04,1,303.12
14694,227,43,2024-12-28,1,418.43
14695,99,129,2025-06-26,1,435.24
14696,72,107,2024-11-13,2,68.9
14697,55,1,2024-09-08,1,335.74
14698,297,57,2025-04-24,1,349.1
14699,318,117,2024-09-12,2,445.78
14700,357,119,2025-07-05,1,524.61
14701,386,16,2025-03-02,1,412.27
14702,14,95,2025-02-14,1,61.73
14703,155,127,2025-06-08,1,179.33
14704,13,89,2024-11-09,2,211.17
14705,87,61,2025-06-08,1,131.98
14706,155,25,2024-10-04,1,485.62
14707,362,50,2025-05-26,1,98.91
14708,454,111,2024-09-29,1,438.69
14709,156,6,2025-01-19,1,120.34
14710,436,52,2025-05-15,1,225.66
14711,101,81,2025-05-04,1,196.15
14712,52,145,2025-04-11,1,96.4
14713,446,39,2025-02-27,1,578.5
14714,264,32,2025-07-25,1,294.11
14715,288,103,2024-12-27,2,296.39
14716,275,92,2025-02-06,1,213.89
14717,227,59,2024-11-29,1,122.16
14718,492,16,2025-05-24,1,412.27
14719,162,58,2025-07-18,3,440.25
14720,420,121,2024-10-19,1,538.87
14721,49,108,2024-08-22,1,182.24
14722,199,38,2024-11-05,2,455.18
14723,340,64,2024-10-13,1,312.23
14724,37,142,2024-10-13,2,274.55
14725,384,10,2025-01-14,1,394.66
14726,163,109,2024-11-11,1,482.64
14727,155,37,2025-05-06,1,226.59
14728,190,97,2025-04-02,2,24.03
14729,489,145,2025-03-20,1,86.76
14730,449,143,2024-09-12,1,385.7
14731,427,61,2025-05-12,1,112.18
14732,498,99,2025-04-23,1,208.73
14733,274,78,2025-07-21,1,334.81
14734,217,100,2024-12-08,1,229.29
14735,177,40,2025-05-10,1,480.83
14736,109,70,2024-11-05,1,300.47
14737,188,13,2024-08-08,2,379.07
14738,118,116,2024-09-06,1,105.33
14739,177,113,2024-12-03,1,440.12
14740,85,125,2024-08-02,1,300.73
14741,424,43,2024-12-20,1,418.43
14742,436,18,2025-01-31,1,102.42
14743,137,106,2025-07-03,1,330.68
14744,452,2,2025-07-07,1,18.99
14745,498,51,2024-09-23,1,383.07
14746,422,14,2025-05-26,3,348.48
14747,240,107,2025-01-14,1,68.9
14748,438,131,2024-10-14,1,625.36
14749,342,27,2025-02-01,1,520.9
14750,267,104,2024-12-18,2,235.06
14751,135,91,2025-05-16,2,73.18
14752,376,10,2024-09-01,1,394.66
14753,290,136,2025-07-05,1,82.14
14754,377,96,2025-01-18,1,65.11
14755,292,103,2024-12-09,1,296.39
14756,208,112,2025-03-09,1,332.67
14757,375,69,2024-11-28,2,186.83
14758,495,3,2025-07-27,1,217.96
14759,471,28,2024-10-07,1,213.35
14760,135,109,2025-05-16,2,482.64
14761,346,86,2025-06-23,1,118.49
14762,251,5,2024-09-09,1,287.24
14763,48,121,2025-07-30,2,538.87
14764,296,108,2025-07-23,1,182.24
14765,18,64,2025-03-03,1,312.23
14766,37,39,2025-02-12,1,578.5
14767,441,16,2024-12-04,2,412.27
14768,117,10,2024-11-07,1,394.66
14769,107,2,2025-01-05,1,18.99
14770,239,108,2024-12-02,1,182.24
14771,338,29,2024-12-14,1,58.54
14772,7,23,2025-06-26,1,113.32
14773,327,109,2024-11-11,1,482.64
14774,460,98,2025-06-11,1,81.7
14775,408,89,2024-12-17,1,211.17
14776,51,130,2025-06-25,1,499.34
14777,286,41,2025-05-06,1,189.78
14778,202,24,2024-10-18,1,563.43
14779,190,143,2025-03-17,1,385.7
14780,113,29,2024-09-13,1,58.54
14781,492,7,2025-04-14,1,303.12
14782,386,117,2025-03-28,1,524.45
14783,175,67,2025-05-21,1,331.31
14784,49,149,2024-09-13,1,429.45
14785,170,28,2025-01-20,2,213.35
14786,217,10,2025-02-05,1,394.66
14787,194,1,2025-03-06,1,335.74
14788,180,73,2025-06-17,1,488.92
14789,96,56,2024-10-10,1,443.42
14790,452,44,2024-11-10,1,392.03
14791,32,122,2025-01-04,1,230.92
14792,443,4,2025-04-26,1,510.73
14793,102,88,2025-05-18,1,288.97
14794,64,145,2025-07-06,1,96.4
14795,456,52,2024-10-28,1,225.66
14796,36,9,2024-12-03,1,719.54
14797,170,82,2024-10-14,1,283.53
14798,215,120,2025-06-17,1,556.25
14799,411,133,2024-12-04,2,145.25
14800,187,59,2025-02-11,1,97.73
14801,24,15,2025-02-07,1,206.74
14802,395,21,2024-11-20,1,199.22
14803,122,82,2024-10-10,1,283.53
14804,62,65,2024-09-03,2,135.17
14805,305,134,2024-08-08,1,524.84
14806,288,17,2024-11-16,1,62.02
14807,255,31,2025-03-06,1,211.87
14808,334,45,2025-01-05,1,53.21
14809,413,136,2024-12-23,1,82.14
14810,40,101,2025-06-25,1,15.78
14811,26,76,2025-02-07,2,398.3
14812,111,36,2025-06-12,3,91.26
14813,470,94,2025-03-31,1,512.02
14814,129,54,2025-07-05,1,349.2
14815,424,94,2025-05-16,1,512.02
14816,127,23,2025-07-23,1,113.32
14817,53,70,2025-01-04,1,300.47
14818,342,1,2024-11-17,1,335.74
14819,367,119,2024-12-27,1,524.61
14820,42,110,2025-02-23,1,152.47
14821,233,140,2025-05-17,1,238.53
14822,206,149,2025-03-15,1,429.45
14823,467,119,2024-12-23,1,524.61
14824,237,101,2024-10-05,2,15.78
14825,114,148,2024-09-03,1,543.51
14826,308,49,2024-10-12,1,77.56
14827,415,96,2024-11-29,1,65.11
14828,374,135,2024-10-10,1,416.04
14829,421,108,2025-05-10,1,182.24
14830,264,6,2025-01-03,2,120.34
14831,115,12,2024-09-27,1,261.78
14832,176,70,2024-09-08,1,300.47
14833,225,126,2025-03-30,1,217.72
14834,258,82,2025-05-24,2,283.53
14835,115,55,2024-09-30,1,526.4
14836,129,64,2024-10-05,1,312.23
14837,87,4,2025-04-11,1,510.73
14838,362,81,2025-06-28,1,261.53
14839,51,66,2025-04-22,1,198.33
14840,266,42,2024-11-02,1,19.58
14841,24,78,2024-10-06,1,334.81
14842,369,57,2025-01-02,1,349.1
14843,190,122,2024-12-25,1,230.92
14844,177,98,2025-03-17,1,81.7
14845,183,4,2024-12-22,1,510.73
14846,373,9,2025-05-10,1,719.54
14847,167,52,2024-09-03,1,225.66
14848,426,117,2025-06-20,1,524.45
14849,46,27,2024-08-26,1,520.9
14850,342,90,2024-10-27,1,456.59
14851,60,53,2024-11-27,1,487.84
14852,105,53,2024-11-13,1,487.84
14853,288,67,2024-12-25,1,331.31
14854,64,83,2025-03-23,2,296.51
14855,411,24,2025-05-03,1,478.92
14856,438,53,2025-02-25,1,487.84
14857,275,24,2024-12-30,1,563.43
14858,451,124,2025-03-26,1,209.47
14859,28,76,2025-03-02,2,398.3
14860,21,138,2025-04-24,3,382.16
14861,437,142,2025-03-01,1,274.55
14862,107,117,2024-12-24,1,524.45
14863,452,104,2024-11-18,1,235.06
14864,190,9,2024-12-20,1,719.54
14865,264,89,2025-06-21,1,211.17
14866,99,115,2024-09-01,1,281.46
14867,147,132,2025-02-08,1,208.38
14868,180,136,2024-11-16,2,82.14
14869,461,110,2024-08-11,1,152.47
14870,232,138,2024-11-09,1,382.16
14871,373,2,2024-12-13,1,18.99
14872,189,129,2025-03-30,1,435.24
14873,231,117,2025-01-30,1,524.45
14874,304,71,2025-07-20,1,320.91
14875,343,64,2025-06-17,1,312.23
14876,190,93,2024-09-23,1,575.84
14877,61,70,2024-12-26,1,300.47
14878,454,17,2025-01-29,1,62.02
14879,217,89,2025-02-23,2,211.17
14880,153,44,2024-12-17,1,392.03
14881,467,49,2025-01-05,1,77.56
14882,176,3,2024-08-13,1,217.96
14883,275,15,2024-08-27,1,206.74
14884,462,46,2025-05-20,1,429.28
14885,110,113,2025-03-23,1,440.12
14886,301,51,2025-01-22,1,383.07
14887,284,16,2025-07-18,1,412.27
14888,456,12,2024-12-21,1,261.78
14889,263,32,2025-03-03,1,294.11
14890,316,98,2024-11-27,1,81.7
14891,147,5,2025-02-08,1,287.24
14892,231,136,2025-05-21,1,82.14
14893,327,5,2025-05-21,1,287.24
14894,364,140,2025-06-15,1,238.53
14895,375,104,2024-10-31,1,235.06
14896,419,27,2025-01-25,3,520.9
14897,97,89,2025-05-18,1,211.17
14898,357,130,2025-06-18,1,499.34
14899,171,93,2025-04-24,1,575.84
14900,155,70,2024-11-20,1,300.47
14901,55,64,2024-09-06,2,312.23
14902,167,128,2025-07-13,2,384.68
14903,297,101,2025-04-09,1,15.78
14904,352,105,2024-08-18,1,205.64
14905,485,83,2025-02-27,1,296.51
14906,448,31,2024-11-04,1,211.87
14907,37,49,2025-02-02,2,77.56
14908,151,78,2025-03-27,1,334.81
14909,49,105,2025-06-05,1,205.64
14910,341,145,2025-05-23,1,96.4
14911,195,108,2025-01-29,1,182.24
14912,361,126,2024-12-17,1,217.72
14913,342,127,2024-11-17,2,179.33
14914,364,36,2024-10-31,2,91.26
14915,288,10,2024-12-25,1,394.66
14916,291,58,2025-07-17,1,440.25
14917,346,45,2025-03-22,1,53.21
14918,322,147,2024-10-24,1,363.91
14919,106,131,2025-03-27,3,625.36
14920,183,34,2024-12-29,1,333.49
14921,107,71,2025-02-20,1,320.91
14922,194,27,2025-04-22,1,520.9
14923,199,114,2024-09-23,1,647.69
14924,223,20,2024-11-14,1,636.49
14925,318,34,2025-01-27,1,333.49
14926,125,21,2025-05-25,1,199.22
14927,490,55,2024-11-15,1,526.4
14928,144,74,2024-10-24,1,488.38
14929,430,59,2025-03-27,1,122.16
14930,481,83,2024-08-23,1,296.51
14931,132,128,2025-06-19,1,384.68
14932,288,16,2024-12-21,1,412.27
14933,389,15,2025-06-09,1,206.74
14934,446,73,2024-12-07,1,488.92
14935,167,139,2024-12-21,1,224.44
14936,71,14,2024-10-26,1,348.48
14937,23,95,2025-02-04,1,61.73
14938,256,78,2025-01-07,1,334.81
14939,356,115,2025-05-27,1,281.46
14940,292,47,2025-03-29,1,87.46
14941,202,119,2024-12-31,1,524.61
14942,232,22,2024-08-18,1,163.49
14943,176,114,2024-08-26,1,647.69
14944,156,41,2024-12-13,1,189.78
14945,237,145,2024-12-14,2,81.94
14946,23,46,2025-03-01,1,429.28
14947,266,10,2024-08-17,1,394.66
14948,4,139,2024-11-14,1,224.44
14949,118,86,2024-10-26,1,118.49
14950,49,73,2024-12-19,1,488.92
14951,424,95,2024-12-16,1,61.73
14952,470,148,2025-02-20,1,543.51
14953,394,35,2024-11-29,1,401.85
14954,151,61,2024-11-04,1,131.98
14955,23,115,2024-09-29,1,281.46
14956,221,143,2024-09-28,2,385.7
14957,129,68,2025-05-25,3,295.67
14958,449,36,2025-06-02,2,91.26
14959,293,139,2025-06-07,1,224.44
14960,92,70,2025-01-26,1,300.47
14961,406,127,2024-12-10,1,179.33
14962,468,131,2025-03-15,1,625.36
14963,482,91,2025-02-16,1,73.18
14964,369,29,2025-02-24,1,58.54
14965,87,141,2025-04-06,2,489.58
14966,96,103,2025-07-09,1,296.39
14967,46,61,2024-11-29,1,131.98
14968,266,21,2025-05-14,2,199.22
14969,490,107,2025-07-06,1,68.9
14970,259,45,2025-04-21,2,53.21
14971,293,130,2024-11-08,2,499.34
14972,19,46,2024-11-20,1,429.28
14973,394,112,2025-06-22,1,332.67
14974,314,77,2025-02-16,2,516.83
14975,360,144,2025-02-24,1,183.68
14976,347,106,2025-04-23,1,330.68
14977,96,104,2025-02-06,1,235.06
14978,83,32,2024-12-01,1,294.11
14979,436,52,2024-08-26,2,225.66
14980,117,134,2024-10-13,2,524.84
14981,424,23,2025-02-03,1,113.32
14982,46,106,2024-11-12,1,330.68
14983,179,30,2024-12-22,1,442.18
14984,121,16,2025-05-14,1,412.27
14985,172,74,2024-11-22,2,488.38
14986,373,67,2024-09-14,1,331.31
14987,481,92,2025-07-16,1,213.89
14988,364,34,2025-03-30,1,333.49
14989,142,62,2024-10-30,1,26.71
14990,195,127,2025-05-19,1,179.33
14991,191,26,2024-12-21,1,80.28
14992,66,100,2025-01-15,1,229.29
14993,152,42,2024-10-04,1,19.58
14994,114,4,2024-12-05,1,510.73
14995,177,72,2025-04-19,1,246.7
14996,64,34,2025-01-06,1,333.49
14997,219,11,2025-03-30,1,16.25
14998,468,113,2025-04-21,1,440.12
14999,435,146,2025-06-10,1,343.96
15000,297,109,2024-12-13,2,482.64
11500,101,101,2025-02-28,42,15.78
6476,244,61,2024-12-25,27,131.98
13168,222,64,2025-04-09,37,312.23
863,420,116,2025-01-15,39,105.33
5971,81,103,2024-11-02,43,296.39
6707,222,87,2025-01-29,31,40.12
3018,70,15,2025-02-13,49,206.74
3782,217,16,2025-04-30,39,412.27
15001,48,64,2026-08-13 15:45:25,2,312.23
15002,422,108,2026-08-13 15:45:26,1,182.24
15003,33,55,2026-08-13 15:45:27,1,526.4
15004,340,34,2026-08-13 15:45:28,1,333.49
15005,9,148,2026-08-13 15:45:29,1,543.51
